id,src_id,paper_id,paper_citation_APA,paper_doi,study_source,latitude,longitude,year,cropping_system_category,cropping_system_classification,CC_species,CC_types,cash_crop_specices,cash_crop_specices2,co2_cc,co2_cc_sd,co2_no_cc,co2_no_cc_sd,co2_n,co2_unit,tillage,residue_management,SOC_initial,SOC_initial_Unit,n2o_cc,n2o_no_cc,n2o_cc_sd,n2o_no_cc_sd,n2o_unit,FerStatus,N_fertilization,N_fertilization_unit,ch4_cc,ch4_no_cc,ch4_cc_sd,ch4_no_cc_sd,ch4_unit,duplicated_src,country,Trail/Commercial,region_state,specific_location,alt_m,soil_texture,prep,tem,dryland/non dryland,mixture_types,mixture_propotion,CC_plant_date,CC_end_date,CC.days,CC.duration,CC.aid,CC_plant_type,CC_plant_rate,CC_end_type,Plot_Area_ha,replications,nextMC_plant_date,MC_end_date,MC.days,MC _history,cash_crop_type,GHG-season,samplesize,SD,management combination,Initial_SOC,Initial_C_unit,Initial_TC,Initial_TN,Unnamed: 73,irrigation,irrigation_mm,BD,BD_unit,CEC,pH,soil_no3,soil_no3_unit,soil_nh4,soil_nh4_unit,soilTexture,TopographicalPosition,soilMoisture,soilMoisture_unite,WFPS,soilTem,cc_Dry_Biomass,ccBiomass_raw,CN_ratio,ccResidualsInput,cash_crop_season,manul checked & revised
11,17,13,"Jarecki, M.K., Parkin, T.B., Chan, A.S., Kaspar, T.C., Moorman, T.B., Singer, J.W., Kerr, B.J., Hatfield, J.L. and Jones, R., 2009. Cover crop effects on nitrous oxide emission from a manure-treated Mollisol. Agriculture, ecosystems & environment, 134(1-2), pp.29-35.",https://doi.org/10.1016/j.agee.2009.05.008,1,42.05,-93.71,2005.0,Temperate upland annual cropland,USA temperate arable (corn-soybean-wheat belt),Rye + Oats ,mixture,Soybean,,,,,,,,,,21.0,,0.9,0.8,,,kg N2O–N ha−1,no,no manure,,,,,,,,USA,,Iowa,"Iowa State University, Agronomy and Agricultural Engineering Research Center",,Silty Clay Loam,835.0,8.7,,non-legume,70/30,2005-08-31,,,,,,,herbicide_glyphosate,0.008,4.0,2006-04-26,2005-09-21 00:00:00,,Soybean Corn Rotation,,CC growing (243),3,0.01,no manure,21.0,,,,,,,,,,,,,,,,,,,,,,,,,,
12,18,13,"Jarecki, M.K., Parkin, T.B., Chan, A.S., Kaspar, T.C., Moorman, T.B., Singer, J.W., Kerr, B.J., Hatfield, J.L. and Jones, R., 2009. Cover crop effects on nitrous oxide emission from a manure-treated Mollisol. Agriculture, ecosystems & environment, 134(1-2), pp.29-35.",https://doi.org/10.1016/j.agee.2009.05.008,1,42.05,-93.71,2005.0,Temperate upland annual cropland,USA temperate arable (corn-soybean-wheat belt),Rye + Oats,mixture,Soybean,,,,,,,,,,21.0,,5.5,7.5,,,kg N2O–N ha−1,no,no manure,,,,,,,,USA,,Iowa,"Iowa State University, Agronomy and Agricultural Engineering Research Center",,Silty Clay Loam,835.0,8.7,,non-legume,70/30,2005-08-31,,,,,,,herbicide_glyphosate,0.008,4.0,2006-04-26,2005-09-21 00:00:00,,Soybean Corn Rotation,,entire year (355 day),3,0.01,no manure,21.0,,,,,,,,,,,,,,,,,,,,,,,,,,
13,19,13,"Jarecki, M.K., Parkin, T.B., Chan, A.S., Kaspar, T.C., Moorman, T.B., Singer, J.W., Kerr, B.J., Hatfield, J.L. and Jones, R., 2009. Cover crop effects on nitrous oxide emission from a manure-treated Mollisol. Agriculture, ecosystems & environment, 134(1-2), pp.29-35.",https://doi.org/10.1016/j.agee.2009.05.008,1,42.05,-93.71,2005.0,Temperate upland annual cropland,USA temperate arable (corn-soybean-wheat belt),Rye + Oats,mixture,Soybean,,,,,,,,,,21.0,,3.0,2.5,,,kg N2O–N ha−1,yes,manure 224 kg N ha−1,,,,,,,,USA,,Iowa,"Iowa State University, Agronomy and Agricultural Engineering Research Center",,Silty Clay Loam,835.0,8.7,,non-legume,70/30,2005-08-31,,,,,,,herbicide_glyphosate,0.008,4.0,2006-04-26,2005-09-21 00:00:00,,Soybean Corn Rotation,,CC growing (243),3,0.01,manure,21.0,,,,,,,,,,,,,,,,,,,,,,,,,,
14,20,13,"Jarecki, M.K., Parkin, T.B., Chan, A.S., Kaspar, T.C., Moorman, T.B., Singer, J.W., Kerr, B.J., Hatfield, J.L. and Jones, R., 2009. Cover crop effects on nitrous oxide emission from a manure-treated Mollisol. Agriculture, ecosystems & environment, 134(1-2), pp.29-35.",https://doi.org/10.1016/j.agee.2009.05.008,1,42.05,-93.71,2005.0,Temperate upland annual cropland,USA temperate arable (corn-soybean-wheat belt),Rye + Oats,mixture,Soybean,,,,,,,,,,21.0,,8.5,8.0,,,kg N2O–N ha−1,yes,manure 224 kg N ha−1,,,,,,,,USA,,Iowa,"Iowa State University, Agronomy and Agricultural Engineering Research Center",,Silty Clay Loam,835.0,8.7,,non-legume,70/30,2005-08-31,,,,,,,herbicide_glyphosate,0.008,4.0,2006-04-26,2005-09-21 00:00:00,,Soybean Corn Rotation,,entire year (355 day),3,0.01,manure,21.0,,,,,,,,,,,,,,,,,,,,,,,,,,
17,25,28,"Tang, H.M., Xiao, X.P., Tang, W.G., Wang, K., Sun, J.M., Li, W.Y. and Yang, G.L., 2014. Effects of winter cover crops straws incorporation on CH4 and N2O emission from double-cropping paddy fields in southern China. PLoS One, 9(10), p.e108322.",https://doi.org/10.1371/journal.pone.0108322,1,28.19,113.08,2012.0,"Flooded paddy cropland (tropical–subtropical, Oryza sativa L. double/single season)",China paddy rice system,Ryegrass,non-legume,Paddy Rice,PADDY/FLOODED,,,,,,,,,,,0.264,0.11,,,,yes,,,49.908,34.606,,,,y,China,,Hunan,,,,,,,,,,,,,,,,,,,,,,,,,3,0.01,,,,,,,,,,,,,,,,,,,,,,,,,,,,
18,26,28,"Tang, H.M., Xiao, X.P., Tang, W.G., Wang, K., Sun, J.M., Li, W.Y. and Yang, G.L., 2014. Effects of winter cover crops straws incorporation on CH4 and N2O emission from double-cropping paddy fields in southern China. PLoS One, 9(10), p.e108322.",https://doi.org/10.1371/journal.pone.0108322,1,28.19,113.08,2012.0,"Flooded paddy cropland (tropical–subtropical, Oryza sativa L. double/single season)",China paddy rice system,chinese milk vetch,legume,Paddy Rice,PADDY/FLOODED,,,,,,,,,,,0.246,0.11,,,,yes,,,43.634,34.606,,,,y,China,,Hunan,,,,,,,,,,,,,,,,,,,,,,,,,3,0.01,,,,,,,,,,,,,,,,,,,,,,,,,,,,
19,27,28,"Tang, H.M., Xiao, X.P., Tang, W.G., Wang, K., Sun, J.M., Li, W.Y. and Yang, G.L., 2014. Effects of winter cover crops straws incorporation on CH4 and N2O emission from double-cropping paddy fields in southern China. PLoS One, 9(10), p.e108322.",https://doi.org/10.1371/journal.pone.0108322,1,28.19,113.08,2013.0,"Flooded paddy cropland (tropical–subtropical, Oryza sativa L. double/single season)",China paddy rice system,Ryegrass,non-legume,Paddy Rice,PADDY/FLOODED,,,,,,,,,,,0.288,0.122,,,,yes,,,54.512,38.085,,,,y,China,,Hunan,,,,,,,,,,,,,,,,,,,,,,,,,3,0.01,,,,,,,,,,,,,,,,,,,,,,,,,,,,
20,28,28,"Tang, H.M., Xiao, X.P., Tang, W.G., Wang, K., Sun, J.M., Li, W.Y. and Yang, G.L., 2014. Effects of winter cover crops straws incorporation on CH4 and N2O emission from double-cropping paddy fields in southern China. PLoS One, 9(10), p.e108322.",https://doi.org/10.1371/journal.pone.0108322,1,28.19,113.08,2013.0,"Flooded paddy cropland (tropical–subtropical, Oryza sativa L. double/single season)",China paddy rice system,chinese milk vetch,legume,Paddy Rice,PADDY/FLOODED,,,,,,,,,,,0.266,0.122,,,,yes,,,47.882,38.085,,,,y,China,,Hunan,,,,,,,,,,,,,,,,,,,,,,,,,3,0.01,,,,,,,,,,,,,,,,,,,,,,,,,,,,
24,26,40,"Parkin, T.B., Kaspar, T.C., Jaynes, D.B., Moorman, T.B., 2016. Rye Cover Crop Effects on Direct and Indirect Nitrous Oxide Emissions. Soil Science Society of America Journal 80, 1551-1559.",https://doi.org/10.2136/sssaj2016.04.0120,3,42.05,-93.71,2004.0,Temperate upland annual cropland,USA temperate arable (corn-soybean-wheat belt),Winter Rye,non-legume,Corn,,,,,,,,nt,,24.5, g/kg,8.05,10.5,2.42,3.06,,yes,230.4,kg N ha−1,,,,,,y,USA,no sure,Iowa,"Iowa, Ames",,Clay Loam,748.0,9.5,,,,2004-10-06,2005-04-25,201.0,1.0,,broadcast seeded,2.5 × 10 6 seeds ha−1,herbicide_glyphosate,0.126,4.0,2005-05-06,2005-09-30 00:00:00,147.0,,,,3,0.01,,24.5, g/kg,,1.9,,,,,,,,,,,,,,,,,,,,,,,
25,28,40,"Parkin, T.B., Kaspar, T.C., Jaynes, D.B., Moorman, T.B., 2016. Rye Cover Crop Effects on Direct and Indirect Nitrous Oxide Emissions. Soil Science Society of America Journal 80, 1551-1559.",https://doi.org/10.2136/sssaj2016.04.0120,3,42.05,-93.71,2005.0,Temperate upland annual cropland,USA temperate arable (corn-soybean-wheat belt),Winter Rye,non-legume,Soybean,,,,,,,,nt,incorporated,24.5, g/kg,4.27,4.38,0.28,0.25,,no,0,kg N ha−1,,,,,,y,USA,no sure,Iowa,"Iowa, Ames",,Clay Loam,792.0,9.5,,,,2005-09-30,2006-04-21,203.0,2.0,,broadcast seeded,2.5 × 10 6 seeds ha−1,herbicide_glyphosate,0.126,4.0,2006-05-04,2006-10-20 00:00:00,169.0,,,,3,0.01,,24.5, g/kg,,1.9,,,,,,,,,,,,,,,,,,,,,,,
26,30,40,"Parkin, T.B., Kaspar, T.C., Jaynes, D.B., Moorman, T.B., 2016. Rye Cover Crop Effects on Direct and Indirect Nitrous Oxide Emissions. Soil Science Society of America Journal 80, 1551-1559.",https://doi.org/10.2136/sssaj2016.04.0120,3,42.05,-93.71,2006.0,Temperate upland annual cropland,USA temperate arable (corn-soybean-wheat belt),Winter Rye,non-legume,Corn,,,,,,,,nt,,24.5, g/kg,7.84,6.31,0.82,0.91,,yes,186,kg N ha−1,,,,,,y,USA,no sure,Iowa,"Iowa, Ames",,Clay Loam,763.0,9.5,,,,2006-10-24,2007-05-10,198.0,3.0,,broadcast seeded,2.5 × 10 6 seeds ha−1,herbicide_glyphosate,0.126,4.0,2007-05-22,2007-09-26 00:00:00,127.0,,,,3,0.01,,24.5, g/kg,,1.9,,,,,,,,,,,,,,,,,,,,,,,
27,32,40,"Parkin, T.B., Kaspar, T.C., Jaynes, D.B., Moorman, T.B., 2016. Rye Cover Crop Effects on Direct and Indirect Nitrous Oxide Emissions. Soil Science Society of America Journal 80, 1551-1559.",https://doi.org/10.2136/sssaj2016.04.0120,3,42.05,-93.71,2007.0,Temperate upland annual cropland,USA temperate arable (corn-soybean-wheat belt),Winter Rye,non-legume,Soybean,,,,,,,,nt,incorporated,24.5, g/kg,5.35,4.18,1.7,0.48,,no,0,kg N ha−1,,,,,,y,USA,no sure,Iowa,"Iowa, Ames",,Clay Loam,816.0,9.5,,,,2007-09-28,2008-04-29,214.0,4.0,,broadcast seeded,2.5 × 10 6 seeds ha−1,herbicide_glyphosate,0.126,4.0,2008-05-14,2008-10-28 00:00:00,167.0,,,,3,0.01,,24.5, g/kg,,1.9,,,,,,,,,,,,,,,,,,,,,,,
28,34,40,"Parkin, T.B., Kaspar, T.C., Jaynes, D.B., Moorman, T.B., 2016. Rye Cover Crop Effects on Direct and Indirect Nitrous Oxide Emissions. Soil Science Society of America Journal 80, 1551-1559.",https://doi.org/10.2136/sssaj2016.04.0120,3,42.05,-93.71,2008.0,Temperate upland annual cropland,USA temperate arable (corn-soybean-wheat belt),Winter Rye,non-legume,Corn,,,,,,,,ct,,24.5, g/kg,8.3,6.91,0.99,0.75,,yes,167,kg N ha−1,,,,,,y,USA,no sure,Iowa,"Iowa, Ames",,Clay Loam,816.0,9.5,,,,2008-10-29,2009-05-21,204.0,5.0,,broadcast seeded,2.5 × 10 6 seeds ha−1,herbicide_glyphosate,0.126,4.0,2009-05-22,2009-09-28 00:00:00,129.0,,,,3,0.01,,24.5, g/kg,,1.9,,,,,,,,,,,,,,,,,,,,,,,
29,36,40,"Parkin, T.B., Kaspar, T.C., Jaynes, D.B., Moorman, T.B., 2016. Rye Cover Crop Effects on Direct and Indirect Nitrous Oxide Emissions. Soil Science Society of America Journal 80, 1551-1559.",https://doi.org/10.2136/sssaj2016.04.0120,3,42.05,-93.71,2009.0,Temperate upland annual cropland,USA temperate arable (corn-soybean-wheat belt),Winter Rye,non-legume,Soybean,,,,,,,,nt,incorporated,24.5, g/kg,6.94,5.41,2.74,0.66,,no,0,kg N ha−1,,,,,,y,USA,no sure,Iowa,"Iowa, Ames",,Clay Loam,840.0,9.5,,,,2009-09-28,2010-04-19,203.0,6.0,,broadcast seeded,2.5 × 10 6 seeds ha−1,herbicide_glyphosate,0.126,4.0,2010-04-11,2010-09-16 00:00:00,158.0,,,,3,0.01,,24.5, g/kg,,1.9,,,,,,,,,,,,,,,,,,,,,,,
30,38,40,"Parkin, T.B., Kaspar, T.C., Jaynes, D.B., Moorman, T.B., 2016. Rye Cover Crop Effects on Direct and Indirect Nitrous Oxide Emissions. Soil Science Society of America Journal 80, 1551-1559.",https://doi.org/10.2136/sssaj2016.04.0120,3,42.05,-93.71,2010.0,Temperate upland annual cropland,USA temperate arable (corn-soybean-wheat belt),Winter Rye,non-legume,Corn,,,,,,,,nt,,24.5, g/kg,12.5,9.99,1.39,3.28,,yes,170,kg N ha−1,,,,,,y,USA,no sure,Iowa,"Iowa, Ames",,Clay Loam,979.0,9.5,,,,2010-09-17,2011-05-07,232.0,7.0,,broadcast seeded,2.5 × 10 6 seeds ha−1,herbicide_glyphosate,0.126,4.0,2011-05-18,2011-09-29 00:00:00,134.0,,,,3,0.01,,24.5, g/kg,,1.9, g/kg,rainfed,,,,,6.658,,,,,,,,,,,1000.0,Mg ha−1,12.89473684,,,
31,40,40,"Parkin, T.B., Kaspar, T.C., Jaynes, D.B., Moorman, T.B., 2016. Rye Cover Crop Effects on Direct and Indirect Nitrous Oxide Emissions. Soil Science Society of America Journal 80, 1551-1559.",https://doi.org/10.2136/sssaj2016.04.0120,3,42.05,-93.71,2011.0,Temperate upland annual cropland,USA temperate arable (corn-soybean-wheat belt),Winter Rye,non-legume,Soybean,,,,,,,,nt,incorporated,24.5, g/kg,4.01,3.33,2.6,0.75,,no,0,kg N ha−1,,,,,,y,USA,no sure,Iowa,"Iowa, Ames",,Clay Loam,599.0,9.5,,,,2011-09-30,2012-04-17,200.0,8.0,,broadcast seeded,2.5 × 10 6 seeds ha−1,herbicide_glyphosate,0.126,4.0,2012-05-04,2012-09-26 00:00:00,145.0,,,,3,0.01,,24.5, g/kg,,1.9, g/kg,rainfed,,,,,6.658,,,,,,,,,,,3000.0,Mg ha−1,12.89473684,,,
32,42,40,"Parkin, T.B., Kaspar, T.C., Jaynes, D.B., Moorman, T.B., 2016. Rye Cover Crop Effects on Direct and Indirect Nitrous Oxide Emissions. Soil Science Society of America Journal 80, 1551-1559.",https://doi.org/10.2136/sssaj2016.04.0120,3,42.05,-93.71,2012.0,Temperate upland annual cropland,USA temperate arable (corn-soybean-wheat belt),Winter Rye,non-legume,Corn,,,,,,,,nt,,24.5, g/kg,2.3,2.41,0.91,1.04,,yes,196,kg N ha−1,,,,,,y,USA,no sure,Iowa,"Iowa, Ames",,Clay Loam,506.0,9.5,,,,2012-09-04,2013-05-13,251.0,9.0,,broadcast seeded,2.5 × 10 6 seeds ha−1,herbicide_glyphosate,0.126,4.0,2013-05-23,2013-10-19 00:00:00,149.0,,,,3,0.01,,24.5, g/kg,,1.9, g/kg,rainfed,,,,,6.658,,,,,,,,,,,2000.0,Mg ha−1,12.89473684,,,
33,44,40,"Parkin, T.B., Kaspar, T.C., Jaynes, D.B., Moorman, T.B., 2016. Rye Cover Crop Effects on Direct and Indirect Nitrous Oxide Emissions. Soil Science Society of America Journal 80, 1551-1559.",https://doi.org/10.2136/sssaj2016.04.0120,3,42.05,-93.71,2013.0,Temperate upland annual cropland,USA temperate arable (corn-soybean-wheat belt),Winter Rye,non-legume,Soybean,,,,,,,,nt,incorporated,24.5, g/kg,1.54,1.02,0.62,0.06,,no,0,kg N ha−1,,,,,,y,USA,no sure,Iowa,"Iowa, Ames",,Clay Loam,737.0,9.5,,,,,,,,,,,,,,,,,,,,3,0.01,,24.5, g/kg,,1.9, g/kg,rainfed,,,,,6.658,,,,,,,,,,,1000.0,Mg ha−1,12.89473684,,,
40,48,29,"Carvalho, A.M.D., Bustamante, M.M.D.C., Coser, T.R., Marchão, R.L. and Malaquias, J.V., 2016. Nitrogen oxides and CO2 from an Oxisol cultivated with corn in succession to cover crops. Pesquisa agropecuária brasileira, 51(9), pp.1213-1222.",https://doi.org/10.1590/S0100-204X2016000900021,1,-15.65,-47.73,,Tropical upland annual/perennial cropland (Plantation/Tropical),tropical CC species: Sunn hemp,Sunn hemp,legume,Corn,,20.1,,16.3,,,,nt,not incorporated,,,0.7,0.9,,,,yes,Yes_mc fer,,,,,,,,Brazil,,Planaltina,,,Clay,468.7,,,,,,,,,,,,,,,,,,,,,3,0.01,,,,,,,,,,,,,,,,,,,,,,,,,,,,
41,49,29,"Carvalho, A.M.D., Bustamante, M.M.D.C., Coser, T.R., Marchão, R.L. and Malaquias, J.V., 2016. Nitrogen oxides and CO2 from an Oxisol cultivated with corn in succession to cover crops. Pesquisa agropecuária brasileira, 51(9), pp.1213-1222.",https://doi.org/10.1590/S0100-204X2016000900021,1,-15.65,-47.73,,Tropical upland annual/perennial cropland (Plantation/Tropical),tropical CC species: Mucuna pruriens,Mucuna pruriens,legume,Corn,,24.2,,16.3,,,,nt,not incorporated,,,1.0,0.9,,,,yes,Yes_mc fer,,,,,,,,Brazil,,Planaltina,,,Clay,468.7,,,,,,,,,,,,,,,,,,,,,3,0.01,,,,,,,,,,,,,,,,,,,,,,,,,,,,
42,50,29,"Carvalho, A.M.D., Bustamante, M.M.D.C., Coser, T.R., Marchão, R.L. and Malaquias, J.V., 2016. Nitrogen oxides and CO2 from an Oxisol cultivated with corn in succession to cover crops. Pesquisa agropecuária brasileira, 51(9), pp.1213-1222.",https://doi.org/10.1590/S0100-204X2016000900021,1,-15.65,-47.73,,Tropical upland annual/perennial cropland (Plantation/Tropical),tropical CC species: Sunn hemp,Sunn hemp,legume,Corn,,18.8,,14.7,,,,ct,incorporated,,,0.9,0.5,,,,yes,Yes_mc fer,,,,,,,,Brazil,,Planaltina,,,Clay,468.7,,,,,,,,,,,,,,,,,,,,,3,0.01,,,,,,,,,,,,,,,,,,,,,,,,,,,,
43,51,29,"Carvalho, A.M.D., Bustamante, M.M.D.C., Coser, T.R., Marchão, R.L. and Malaquias, J.V., 2016. Nitrogen oxides and CO2 from an Oxisol cultivated with corn in succession to cover crops. Pesquisa agropecuária brasileira, 51(9), pp.1213-1222.",https://doi.org/10.1590/S0100-204X2016000900021,1,-15.65,-47.73,,Tropical upland annual/perennial cropland (Plantation/Tropical),tropical CC species: Mucuna pruriens,Mucuna pruriens,legume,Corn,,18.5,,14.7,,,,ct,incorporated,,,0.9,0.5,,,,yes,Yes_mc fer,,,,,,,,Brazil,,Planaltina,,,Clay,468.7,,,,,,,,,,,,,,,,,,,,,3,0.01,,,,,,,,,,,,,,,,,,,,,,,,,,,,
44,56,41,"Thomas, B., Hao, X., Larney, F., Goyer, C., Chantigny, M., Charles, A., 2017. Non-legume cover crops can increase non-growing season nitrous oxide emissions. Soil Science Society of America Journal 81, 189–199.",https://doi.org/10.2136/sssaj2016.08.0269,1,49.63,-112.8,2013.0,Temperate upland annual cropland,Canada – Northern European/Canadian temperate arable,Oilseed Radish,non-legume,Spring Wheat,,,,,,,,t,,,,1.3766666666666667,1.8699999999999999,,,g N ha–1 d–1,yes,100,kg total N ha–1 manure,,,,,,,Canada,Trail,,Agriculture and Agri-Food Canada Lethbridge Research and Development Centre near Lethbridge,929.0,Clay Loam,929.0,5.9,,,,2013-09-16,,,1.0,yes (irrigate+replant),,7.8 kg seed ha–1 ,,0.04,4.0,,,,,,fall-spring,3,0.01,,,,,,,,,,,,,,,,,,,,,,,,,,,,
45,57,41,"Thomas, B., Hao, X., Larney, F., Goyer, C., Chantigny, M., Charles, A., 2017. Non-legume cover crops can increase non-growing season nitrous oxide emissions. Soil Science Society of America Journal 81, 189–199.",https://doi.org/10.2136/sssaj2016.08.0269,1,49.63,-112.8,2013.0,Temperate upland annual cropland,Canada – Northern European/Canadian temperate arable,Rye,non-legume,Spring Wheat,,,,,,,,t,,,,1.8833333333333335,1.8699999999999999,,,g N ha–1 d–1,yes,100,kg total N ha–1 manure,,,,,,,Canada,Trail,,Agriculture and Agri-Food Canada Lethbridge Research and Development Centre near Lethbridge,929.0,Clay Loam,929.0,5.9,,,,2013-08-30,,,1.0,yes (irrigate),, 90 kg seed ha–1 ,,0.04,4.0,,,,,,fall-spring,3,0.01,,,,,,,,,,,,,,,,,,,,,,,,,,,,
46,58,41,"Thomas, B., Hao, X., Larney, F., Goyer, C., Chantigny, M., Charles, A., 2017. Non-legume cover crops can increase non-growing season nitrous oxide emissions. Soil Science Society of America Journal 81, 189–199.",https://doi.org/10.2136/sssaj2016.08.0269,1,49.63,-112.8,2014.0,Temperate upland annual cropland,Canada – Northern European/Canadian temperate arable,Oilseed Radish,non-legume,Spring Wheat,,,,,,,,t,,,,0.5299999999999999,0.19999999999999998,,,g N ha–1 d–1,yes,100,kg total N ha–1 manure,,,,,,,Canada,Trail,,Agriculture and Agri-Food Canada Lethbridge Research and Development Centre near Lethbridge,929.0,Clay Loam,929.0,5.9,,,,2014-08-15,,,2.0,yes (irrigate),,7.8 kg seed ha–1 ,,0.04,4.0,,,,,,fall-spring,3,0.01,,,,,,,,,,,,,,,,,,,,,,,,,,,,
48,69,17,"Kim, G.W., Das, S., Hwang, H.Y. and Kim, P.J., 2017. Nitrous oxide emissions from soils amended by cover-crops and under plastic film mulching: fluxes, emission factors and yield-scaled emissions. Atmospheric Environment, 152, pp.377-388.",https://doi.org/10.1016/j.atmosenv.2017.01.007,1,36.83,128.43,2013.0,Temperate upland annual cropland,South Korea upland corn rotation (temperate),Barley & Hairy Vetch,mixture,Corn,,,,,,,,,,,,4.3,0.56,,,kg N2O-N ha−1 Cumulative,no,NoFer,,,,,,,y,South Korea,Trail,,upland farms of the Gyeongsang National University Experimental plots,,Silt Loam,,,,legume + non-legume,1/3,2012-10-15,2013-06-15,,,,broadcasted,,"harvested, manually chopped (5 cm long) and returned to the fields ",0.01,3.0,2013-05-25,,,,,,3,0.01,non film mulching,,,4.2 g kg⁻¹,1.3 g kg⁻¹,,sub-surface irrigation,,,,,,30.3 μg g soil−1,,,,,,,,0.25,,,,,,,
49,70,17,"Kim, G.W., Das, S., Hwang, H.Y. and Kim, P.J., 2017. Nitrous oxide emissions from soils amended by cover-crops and under plastic film mulching: fluxes, emission factors and yield-scaled emissions. Atmospheric Environment, 152, pp.377-388.",https://doi.org/10.1016/j.atmosenv.2017.01.007,1,36.83,128.43,2013.0,Temperate upland annual cropland,South Korea upland corn rotation (temperate),Barley & Hairy Vetch,mixture,Corn,,,,,,,,,,,,5.62,0.67,,,kg N2O-N ha−1 Cumulative,no,NoFer,,,,,,,y,South Korea,Trail,,upland farms of the Gyeongsang National University Experimental plots,,Silt Loam,,,,legume + non-legume,1/3,2012-10-15,2013-06-15,,,,broadcasted,,"harvested, manually chopped (5 cm long) and returned to the fields ",0.01,3.0,2013-05-25,,,,,,3,0.01,plastic film mulching,,,4.2 g kg⁻¹,1.3 g kg⁻¹,,furrow irrigation,,,,,,48.99631676 μg g soil−1,,,,,,,,0.5,,,,,,,
50,71,17,"Kim, G.W., Das, S., Hwang, H.Y. and Kim, P.J., 2017. Nitrous oxide emissions from soils amended by cover-crops and under plastic film mulching: fluxes, emission factors and yield-scaled emissions. Atmospheric Environment, 152, pp.377-388.",https://doi.org/10.1016/j.atmosenv.2017.01.007,1,36.83,128.43,2014.0,Temperate upland annual cropland,South Korea upland corn rotation (temperate),Barley & Hairy Vetch,mixture,Corn,,,,,,,,,,,,4.22,0.76,,,kg N2O-N ha−1 Cumulative,no,NoFer,,,,,,,y,South Korea,Trail,,upland farms of the Gyeongsang National University Experimental plots,,Silt Loam,,,,legume + non-legume,1/3,2013-10-15,2014-06-15,,,,broadcasted,,"harvested, manually chopped (5 cm long) and returned to the fields ",0.01,3.0,2014-05-25,,,,,,3,0.01,non film mulching,,,4.2 g kg⁻¹,1.3 g kg⁻¹,,sub-surface irrigation,,,,,,30.3 μg g soil−1,,,,,,,,0.25,,,,,,,
51,72,17,"Kim, G.W., Das, S., Hwang, H.Y. and Kim, P.J., 2017. Nitrous oxide emissions from soils amended by cover-crops and under plastic film mulching: fluxes, emission factors and yield-scaled emissions. Atmospheric Environment, 152, pp.377-388.",https://doi.org/10.1016/j.atmosenv.2017.01.007,1,36.83,128.43,2014.0,Temperate upland annual cropland,South Korea upland corn rotation (temperate),Barley & Hairy Vetch,mixture,Corn,,,,,,,,,,,,5.33,0.88,,,kg N2O-N ha−1 Cumulative,no,NoFer,,,,,,,y,South Korea,Trail,,upland farms of the Gyeongsang National University Experimental plots,,Silt Loam,,,,legume + non-legume,1/3,2013-10-15,2014-06-15,,,,broadcasted,,"harvested, manually chopped (5 cm long) and returned to the fields ",0.01,3.0,2014-05-25,,,,,,3,0.01,plastic film mulching,,,4.2 g kg⁻¹,1.3 g kg⁻¹,,furrow irrigation,,,,,,48.99631676 μg g soil−1,,,,,,,,0.5,,,,,,,
52,73,20,"Pramanik, P., Haque, M.M., Kim, S.Y. and Kim, P.J., 2014. C and N accumulations in soil aggregates determine nitrous oxide emissions from cover crop treated rice paddy soils during fallow season. Science of the total environment, 490, pp.622-628.",https://doi.org/10.1016/j.scitotenv.2014.05.046,1,36.83,128.43,,"Flooded paddy cropland (tropical–subtropical, Oryza sativa L. double/single season)",South Korea paddy rice system,Barley & Hairy Vetch,mixture,Rice (Flooded),PADDY/FLOODED,,,,,,,,,,,9.7,11.0,,,,yes,90,kg N ha-1,400.0,200.0,,,,,South Korea,,,,,,,,,legume + non-legume,,,,,,,,,,,,,,,,,,3,0.01,,,,,,,,,,,,,,,,,,,,,,,,,,,,
53,74,20,"Pramanik, P., Haque, M.M., Kim, S.Y. and Kim, P.J., 2014. C and N accumulations in soil aggregates determine nitrous oxide emissions from cover crop treated rice paddy soils during fallow season. Science of the total environment, 490, pp.622-628.",https://doi.org/10.1016/j.scitotenv.2014.05.046,1,36.83,128.43,,"Flooded paddy cropland (tropical–subtropical, Oryza sativa L. double/single season)",South Korea paddy rice system,Barley & Hairy Vetch,mixture,Rice (Flooded),PADDY/FLOODED,,,,,,,,,,,8.7,11.0,,,,yes,90,kg N ha-1,1300.0,200.0,,,,,South Korea,,,,,,,,,legume + non-legume,,,,,,,,,,,,,,,,,,3,0.01,,,,,,,,,,,,,,,,,,,,,,,,,,,,
54,75,44,"Guardia, G., Abalos, D., García-Marco, S., Quemada, M., Alonso-Ayuso, M., Cárdenas, L.M., Dixon, E.R., Vallejo, A., 2016. Effect of cover crops on greenhouse gas emissions in an irrigated ﬁeld under integrated soil fertility management. Biogeosciences 13, 5245–5257.",https://doi.org/10.5194/bg-13-5245-2016,1,40.05,-3.52,2014.0,Mediterranean–semiarid upland cropland,Spain Mediterranean arable/horticulture,Vetch,legume,Corn,UPLAND/DRYLAND,3241.85,,3038.09,,,,rt,not incorporated,19.0,g/kg,0.61,0.62,,,,yes,,,-0.61,-0.76,,,,y,Spain,,Madrid,Aranjuez,,Silty Clay Loam,350.0,,dryland,,,,,,,,,,,,,,,,,,,3,0.01,,,,,,,,,,,,,,,,,,,,,,,,,,,,
55,76,44,"Guardia, G., Abalos, D., García-Marco, S., Quemada, M., Alonso-Ayuso, M., Cárdenas, L.M., Dixon, E.R., Vallejo, A., 2016. Effect of cover crops on greenhouse gas emissions in an irrigated ﬁeld under integrated soil fertility management. Biogeosciences 13, 5245–5257.",https://doi.org/10.5194/bg-13-5245-2016,1,40.05,-3.52,2014.0,Mediterranean–semiarid upland cropland,Spain Mediterranean arable/horticulture,Barley,non-legume,Corn,UPLAND/DRYLAND,2954.2,,3038.09,,,,rt,not incorporated,19.0,g/kg,0.82,0.62,,,,yes,,,-0.59,-0.76,,,,y,Spain,,Madrid,Aranjuez,,Silty Clay Loam,350.0,,dryland,,,,,,,,,,,,,,,,,,,3,0.01,,,,,,,,,,,,,,,,,,,,,,,,,,,,
56,77,44,"Guardia, G., Abalos, D., García-Marco, S., Quemada, M., Alonso-Ayuso, M., Cárdenas, L.M., Dixon, E.R., Vallejo, A., 2016. Effect of cover crops on greenhouse gas emissions in an irrigated ﬁeld under integrated soil fertility management. Biogeosciences 13, 5245–5257.",https://doi.org/10.5194/bg-13-5245-2016,1,40.05,-3.52,2014.0,Mediterranean–semiarid upland cropland,Spain Mediterranean arable/horticulture,Vetch,legume,Corn,UPLAND/DRYLAND,463.01,,443.02,,,,rt,not incorporated,19.0,g/kg,0.13,0.05,,,,yes,,,-0.28,-0.3,,,,y,Spain,,Madrid,Aranjuez,,Silty Clay Loam,350.0,,dryland,,,,,,,,,,,,,,,,,,,3,0.01,,,,,,,,,,,,,,,,,,,,,,,,,,,,
57,78,44,"Guardia, G., Abalos, D., García-Marco, S., Quemada, M., Alonso-Ayuso, M., Cárdenas, L.M., Dixon, E.R., Vallejo, A., 2016. Effect of cover crops on greenhouse gas emissions in an irrigated ﬁeld under integrated soil fertility management. Biogeosciences 13, 5245–5257.",https://doi.org/10.5194/bg-13-5245-2016,1,40.05,-3.52,2014.0,Mediterranean–semiarid upland cropland,Spain Mediterranean arable/horticulture,Barley,non-legume,Corn,UPLAND/DRYLAND,582.13,,443.02,,,,rt,not incorporated,19.0,g/kg,0.08,0.05,,,,yes,,,-0.24,-0.3,,,,y,Spain,,Madrid,Aranjuez,,Silty Clay Loam,350.0,,dryland,,,,,,,,,,,,,,,,,,,3,0.01,,,,,,,,,,,,,,,,,,,,,,,,,,,,
58,79,44,"Guardia, G., Abalos, D., García-Marco, S., Quemada, M., Alonso-Ayuso, M., Cárdenas, L.M., Dixon, E.R., Vallejo, A., 2016. Effect of cover crops on greenhouse gas emissions in an irrigated ﬁeld under integrated soil fertility management. Biogeosciences 13, 5245–5257.",https://doi.org/10.5194/bg-13-5245-2016,1,40.05,-3.52,2014.0,Mediterranean–semiarid upland cropland,Spain Mediterranean arable/horticulture,Vetch,legume,Corn,UPLAND/DRYLAND,2778.84,,2595.07,,,,rt,not incorporated,19.0,g/kg,0.48,0.57,,,,yes,,,-0.33,-0.46,,,,y,Spain,,Madrid,Aranjuez,,Silty Clay Loam,350.0,,dryland,,,,,,,,,,,,,,,,,,,3,0.01,,,,,,,,,,,,,,,,,,,,,,,,,,,,
59,80,44,"Guardia, G., Abalos, D., García-Marco, S., Quemada, M., Alonso-Ayuso, M., Cárdenas, L.M., Dixon, E.R., Vallejo, A., 2016. Effect of cover crops on greenhouse gas emissions in an irrigated ﬁeld under integrated soil fertility management. Biogeosciences 13, 5245–5257.",https://doi.org/10.5194/bg-13-5245-2016,1,40.05,-3.52,2014.0,Mediterranean–semiarid upland cropland,Spain Mediterranean arable/horticulture,Barley,non-legume,Corn,UPLAND/DRYLAND,2372.07,,2595.07,,,,rt,not incorporated,19.0,g/kg,0.74,0.57,,,,yes,,,-0.35,-0.46,,,,y,Spain,,Madrid,Aranjuez,,Silty Clay Loam,350.0,,dryland,,,,,,,,,,,,,,,,,,,3,0.01,,,,,,,,,,,,,,,,,,,,,,,,,,,,
60,81,15,"Kallenbach, C.M., Rolston, D.E., Horwath, W.R., 2010. Cover cropping affects soil N2O and CO2 emissions differently depending on type of irrigation. Agriculture, Ecosystems and Environment 137, 251–260.",https://doi.org/10.1016/j.agee.2010.02.010,1,38.54,-121.74,2006.0,Mediterranean–semiarid upland cropland,USA California tomato – Mediterranean horticulture,hairy vetch & australian winter pea,mixture,Tomato,,510.0,,335.0,,,,ct,incorporated,11.0,g/kg,250.0,150.0,,,,yes,112,kg N ha⁻¹ NH₄SO₄ （20% N),,,,,,y,USA,Trail,,"Russell Ranch Sustainable Agricultural Research Facility on the University of California, Davis campus",,Silt Loam,480.0,21.0,,legume,1/3,,2006-04-29,,,,,,flail mowed,0.15,4.0,2006-06-19,,,,,,3,0.01,npk,,,,,,,,,,17.3 cmolc kg−1 ,6.0,,,,,,,,,,,,,,,,
61,82,15,"Kallenbach, C.M., Rolston, D.E., Horwath, W.R., 2010. Cover cropping affects soil N2O and CO2 emissions differently depending on type of irrigation. Agriculture, Ecosystems and Environment 137, 251–260.",https://doi.org/10.1016/j.agee.2010.02.010,1,38.54,-121.74,2006.0,Mediterranean–semiarid upland cropland,USA California tomato – Mediterranean horticulture,hairy vetch & australian winter pea,mixture,Tomato,,430.0,,360.0,,,,ct,incorporated,11.0,g/kg,175.0,75.0,,,,no,0,,,,,,,y,USA,Trail,,"Russell Ranch Sustainable Agricultural Research Facility on the University of California, Davis campus",,Silt Loam,480.0,21.0,,legume,1/3,,,,,,,,,0.15,4.0,,,,,,,3,0.01,npk,,,,,,,,,,17.3 cmolc kg−1 ,6.0,,,,,,,,,,,,,,,,
62,83,15,"Kallenbach, C.M., Rolston, D.E., Horwath, W.R., 2010. Cover cropping affects soil N2O and CO2 emissions differently depending on type of irrigation. Agriculture, Ecosystems and Environment 137, 251–260.",https://doi.org/10.1016/j.agee.2010.02.010,1,38.54,-121.74,2006.0,Mediterranean–semiarid upland cropland,USA California tomato – Mediterranean horticulture,hairy vetch & australian winter pea,mixture,Tomato,,350.0,,210.0,,,,ct,incorporated,11.0,g/kg,180.0,110.0,,,,yes,112,kg N ha⁻¹ NH₄SO₄ （20% N),,,,,,y,USA,Trail,,"Russell Ranch Sustainable Agricultural Research Facility on the University of California, Davis campus",,Silt Loam,480.0,21.0,,legume,1/3,,,,,,,,,0.15,4.0,,,,,,,3,0.01,npk,,,,,,,,,,17.3 cmolc kg−1 ,6.0,,,,,,,,,,,1350.0,1170-1536 kg ha−1,,,,
63,84,15,"Kallenbach, C.M., Rolston, D.E., Horwath, W.R., 2010. Cover cropping affects soil N2O and CO2 emissions differently depending on type of irrigation. Agriculture, Ecosystems and Environment 137, 251–260.",https://doi.org/10.1016/j.agee.2010.02.010,1,38.54,-121.74,2006.0,Mediterranean–semiarid upland cropland,USA California tomato – Mediterranean horticulture,hairy vetch & australian winter pea,mixture,Tomato,,305.0,,270.0,,,,ct,incorporated,11.0,g/kg,150.0,50.0,,,,no,0,,,,,,,y,USA,Trail,,"Russell Ranch Sustainable Agricultural Research Facility on the University of California, Davis campus",,Silt Loam,480.0,21.0,,legume,1/3,,,,,,,,,0.15,4.0,,,,,,,3,0.01,npk,,,,,,,,,,17.3 cmolc kg−1 ,6.0,,,,,,,,,,,1350.0,1170-1536 kg ha−1,,,,
64,85,15,"Kallenbach, C.M., Rolston, D.E., Horwath, W.R., 2010. Cover cropping affects soil N2O and CO2 emissions differently depending on type of irrigation. Agriculture, Ecosystems and Environment 137, 251–260.",https://doi.org/10.1016/j.agee.2010.02.010,1,38.54,-121.74,2006.0,Mediterranean–semiarid upland cropland,USA California tomato – Mediterranean horticulture,hairy vetch & australian winter pea,mixture,Tomato,,155.0,,105.0,6.65,,,ct,incorporated,11.0,g/kg,3.0,25.0,,,,yes,112,kg N ha⁻¹ NH₄SO₄ （20% N),,,,,,y,USA,Trail,,"Russell Ranch Sustainable Agricultural Research Facility on the University of California, Davis campus",,Silt Loam,480.0,21.0,,legume,1/3,,,,,,,,,0.15,4.0,,,,,,,3,0.01,npk,,,,,,,,,,,,31.650000000000002,,30.150000000000002,,,,16.65,,,23.725,,,,,,
65,86,15,"Kallenbach, C.M., Rolston, D.E., Horwath, W.R., 2010. Cover cropping affects soil N2O and CO2 emissions differently depending on type of irrigation. Agriculture, Ecosystems and Environment 137, 251–260.",https://doi.org/10.1016/j.agee.2010.02.010,1,38.54,-121.74,2006.0,Mediterranean–semiarid upland cropland,USA California tomato – Mediterranean horticulture,hairy vetch & australian winter pea,mixture,Tomato,,105.0,,100.0,6.65,,,ct,incorporated,11.0,g/kg,3.45,25.0,,,,no,0,,,,,,,y,USA,Trail,,"Russell Ranch Sustainable Agricultural Research Facility on the University of California, Davis campus",,Silt Loam,480.0,21.0,,legume,1/3,,,,,,,,,0.15,4.0,,,,,,,3,0.01,npk,,,,,,,,,,,,,,,,,,,,,,,,,,,
66,87,39,"Mitchell, D.C., Castellano, M.J., Sawyer, J.E. and Pantoja, J., 2013. Cover crop effects on nitrous oxide emissions: role of mineralizable carbon. Soil Science Society of America Journal, 77(5), pp.1765-1773.",https://doi.org/10.2136/sssaj2013.02.0074,1,42.02,-93.77,2010.0,Temperate upland annual cropland,USA temperate arable (corn-soybean-wheat belt),Rye,non-legume,Corn,,,,,,,,nt,not incorporated,,,1.0,1.5,0.15682,0.21385,kg N2O-N ha−1 Cumulative,no,0,kg N ha⁻¹ UAN，32% N,,,,,,,USA,Trail,Iowa,Iowa State University Agricultural Engineering and Agronomy Ames Research Farm in Boone County,,Loam,872.0,9.4,,,,2010-10-05,2011-05-02,,,,drill-seeded,,herbicide_glyphosate,0.009,4.0,2011-05-10,after soybean harvest,,corn–soybean rotation,,2011-4-11 to 2011-10-3,3,0.01,,,,,,,,,,,,,,,,,,,,,,,,,,,,
67,88,39,"Mitchell, D.C., Castellano, M.J., Sawyer, J.E. and Pantoja, J., 2013. Cover crop effects on nitrous oxide emissions: role of mineralizable carbon. Soil Science Society of America Journal, 77(5), pp.1765-1773.",https://doi.org/10.2136/sssaj2013.02.0074,1,42.02,-93.77,2010.0,Temperate upland annual cropland,USA temperate arable (corn-soybean-wheat belt),Rye,non-legume,Corn,,,,,,,,nt,,,,5.0,3.0,1.35438,0.91245,kg N2O-N ha−1 Cumulative,yes,135,kg N ha⁻¹,,,,,,,USA,Trail,Iowa,Iowa State University Agricultural Engineering and Agronomy Ames Research Farm in Boone County,,Loam,872.0,9.4,,,,2010-10-05,2011-05-02,,,,drill-seeded,,herbicide_glyphosate,0.009,4.0,2011-05-10,after soybean harvest,,corn–soybean rotation,,2011-4-11 to 2011-10-3,3,0.01,,,,,,,,,,,,,,,,,,,,,,,,,,,,
69,90,23,"Negassa, W., Price, R.F., Basir, A., Snapp, S.S. and Kravchenko, A., 2015. Cover crop and tillage systems effect on soil CO2 and N2O fluxes in contrasting topographic positions. Soil and tillage research, 154, pp.64-74.",https://doi.org/10.1016/j.still.2015.06.015,1,42.4,-85.4,2012.0,Temperate upland annual cropland,USA temperate arable (corn-soybean-wheat belt),Rye,non-legume,Corn & Soybean,,155.0,,137.0,,,mg/m2/hr,ct,incorporated,19.0,g/kg,0.19,0.21,,,mg/m2/hr,yes,168,kg N ha-1,,,,,,y,USA,Trail,Michigan,"Michigan, Kellogg Biological Station (KBS) and Mason Research Farm (Mason)",280.0,Loam,1000.0,11.5,,,,2011-11-07,2012-05-02,,,,grain drill,112 kg ha−1 seeds rate,herbicide_glyphosate,0.001,2.0,2012-05-25,,,,,summer season,3,0.01,slope,,,,,,,,1.09 g cm–3,,,6.4,,,,,,,,,,,,,,,,
70,91,23,"Negassa, W., Price, R.F., Basir, A., Snapp, S.S. and Kravchenko, A., 2015. Cover crop and tillage systems effect on soil CO2 and N2O fluxes in contrasting topographic positions. Soil and tillage research, 154, pp.64-74.",https://doi.org/10.1016/j.still.2015.06.015,1,42.4,-85.4,2012.0,Temperate upland annual cropland,USA temperate arable (corn-soybean-wheat belt),Rye,non-legume,Corn & Soybean,,97.0,,75.0,,,mg/m2/hr,ct,incorporated,,,0.18,0.19,,,mg/m2/hr,yes,168,kg N ha-1,,,,,,y,USA,Trail,Michigan,"Michigan, Kellogg Biological Station (KBS) and Mason Research Farm (Mason)",280.0,Loam,1000.0,11.5,,,,2012-11-05,2012-05-11,,,,grain drill,112 kg ha−1 seeds rate,herbicide_glyphosate,0.001,2.0,2013-05-18,,,,,summer season,3,0.01,slope,,,,,,,,1.09 g cm–3,,,6.4,,,,,,,,,,,,,,,,
71,92,23,"Negassa, W., Price, R.F., Basir, A., Snapp, S.S. and Kravchenko, A., 2015. Cover crop and tillage systems effect on soil CO2 and N2O fluxes in contrasting topographic positions. Soil and tillage research, 154, pp.64-74.",https://doi.org/10.1016/j.still.2015.06.015,1,42.4,-85.4,2012.0,Temperate upland annual cropland,USA temperate arable (corn-soybean-wheat belt),Rye,non-legume,Corn & Soybean,,103.0,,100.0,,,mg/m2/hr,ct,incorporated,,,0.17,0.16,,,mg/m2/hr,yes,168,kg N ha-1,,,,,,y,USA,Trail,Michigan,"Michigan, Kellogg Biological Station (KBS) and Mason Research Farm (Mason)",280.0,Loam,1000.0,11.5,,,,2011-11-07,2012-05-02,,,,grain drill,112 kg ha−1 seeds rate,herbicide_glyphosate,0.001,2.0,2012-05-25,,,,,summer season,3,0.01,slope,,,,,,,,1.09 g cm–3,,,6.4,,,,,,,,,,,,,,,,
75,96,18,"Forte, A., Fagnano, M., Fierro, A., 2017. Potential role of compost and green manure amendment to mitigate soil GHGs emissions in Mediterranean drip irrigated maize production systems. Journal of Environmental Management 192, 68-78.",https://doi.org/10.1016/j.jenvman.2017.01.037,1,40.62,14.97,,Mediterranean–semiarid upland cropland,Italy Mediterranean arable/horticulture,Hairy Vetch,legume,Corn,,4.1,,3.7,,,,ct,incorporated,,,5.1,7.1,,,,yes,130,kg N ha-1,,,,,,,Italy,,Campina,,,Sandy Clay Loam,,,dryland,,,,,,,,,,,,,,,,,,,3,0.01,,,,,,,,,,,,,,,,,,,,,,,,,,,,
76,97,18,"Forte, A., Fagnano, M., Fierro, A., 2017. Potential role of compost and green manure amendment to mitigate soil GHGs emissions in Mediterranean drip irrigated maize production systems. Journal of Environmental Management 192, 68-78.",https://doi.org/10.1016/j.jenvman.2017.01.037,1,40.62,14.97,,Mediterranean–semiarid upland cropland,Italy Mediterranean arable/horticulture,Hairy Vetch,legume,Corn,,0.8,,0.75,,,,ct,incorporated,,,0.3,0.25,,,,yes,130,kg N ha-1,,,,,,,Italy,,Campina,,,Sandy Clay Loam,,,dryland,,,,,,,,,,,,,,,,,,,3,0.01,,,,,,,,,,,,,,,,,,,,,,,,,,,,
77,98,18,"Forte, A., Fagnano, M., Fierro, A., 2017. Potential role of compost and green manure amendment to mitigate soil GHGs emissions in Mediterranean drip irrigated maize production systems. Journal of Environmental Management 192, 68-78.",https://doi.org/10.1016/j.jenvman.2017.01.037,1,40.62,14.97,,Mediterranean–semiarid upland cropland,Italy Mediterranean arable/horticulture,Hairy Vetch,legume,Corn,,2.15,,2.2,,,,ct,incorporated,,,0.08,0.25,,,,yes,130,kg N ha-1,,,,,,,Italy,,Campina,,,Sandy Clay Loam,,,dryland,,,,,,,,,,,,,,,,,,,3,0.01,,,,,,,,,,,,,,,,,,,,,,,,,,,,
90,13,7,"Robertson GP, Paul EA, Harwood RR (2000) Greenhouse gases in intensive agriculture: contributions of individual gases to the radiative forcing of the atmosphere. Science 289:1922.",https://doi: 10.1126/science.289.5486.1922,2,42.4,-85.4,,Temperate upland annual cropland,USA temperate arable (corn-soybean-wheat belt),Winter Legume cc after W and M phase,legume,S-W-M,,,,,,,,,,,,1.1753,1.27385,0.16425,0.1606,,no,,,,,,,,,USA,,Michigan,,,,,,,,,,,,,,,,,,,,,,,,,3,0.01,,,,,,,,,,,,,,,,,,,,,,,,,,,,
93,16,25,"Kaharabata, S.K., Drury, C.F., Priesack, E., Desjardins, R.L., McKenney, D.J., Tan, C.S. and Reynolds, D., 2003. Comparing measured and Expert-N predicted N2O emissions from conventional till and no till corn treatments. Nutrient Cycling in Agroecosystems, 66(2), pp.107-118.",https://doi.org/10.1023/A:1023978830307,2,43.6843,-80.423,,Temperate upland annual cropland,Canada – Northern European/Canadian temperate arable,Red Clover,legume,Corn,,,,,,,,,,,,1.29,1.07,,,,yes,,,,,,,,,Canada,,Ontario,,,,,,,,,,,,,,,,,,,,,,,,,3,0.01,,,,,,,,,,,,,,,,,,,,,,,,,,,,
94,17,25,"Kaharabata, S.K., Drury, C.F., Priesack, E., Desjardins, R.L., McKenney, D.J., Tan, C.S. and Reynolds, D., 2003. Comparing measured and Expert-N predicted N2O emissions from conventional till and no till corn treatments. Nutrient Cycling in Agroecosystems, 66(2), pp.107-118.",https://doi.org/10.1023/A:1023978830307,2,43.6843,-80.423,,Temperate upland annual cropland,Canada – Northern European/Canadian temperate arable,Red Clover,legume,Corn,,,,,,,,,,,,0.96,1.04,,,,yes,,,,,,,,,Canada,,Ontario,,,,,,,,,,,,,,,,,,,,,,,,,3,0.01,,,,,,,,,,,,,,,,,,,,,,,,,,,,
99,22,34,"Iqbal, J., Mitchell, D.C., Barker, D.W., Miguez, F., Sawyer, J.E., Pantoja, J. and Castellano, M.J., 2015. Does nitrogen fertilizer application rate to corn affect nitrous oxide emissions from the rotated soybean crop?. Journal of environmental quality, 44(3), pp.711-719.",https://doi.org/10.2134/jeq2014.09.0378,2,42.02,-93.77,2012.0,Temperate upland annual cropland,USA temperate arable (corn-soybean-wheat belt),Rye,non-legume,Corn,,,,,,,,,,,,0.08943,0.0874,,,,,,,,,,,,"y (2,3)",USA,,Iowa,,,,,,,,,,,,,,,,,,,,,,,,,3,0.01,,,,,,,,,,,,,,,,,,,,,,,,,,,,
100,23,34,"Iqbal, J., Mitchell, D.C., Barker, D.W., Miguez, F., Sawyer, J.E., Pantoja, J. and Castellano, M.J., 2015. Does nitrogen fertilizer application rate to corn affect nitrous oxide emissions from the rotated soybean crop?. Journal of environmental quality, 44(3), pp.711-719.",https://doi.org/10.2134/jeq2014.09.0378,2,42.02,-93.77,2012.0,Temperate upland annual cropland,USA temperate arable (corn-soybean-wheat belt),Rye,non-legume,Corn,,,,,,,,,,,,0.32317,0.33028,,,,,,,,,,,,"y (2,3)",USA,,Iowa,,,,,,,,,,,,,,,,,,,,,,,,,3,0.01,,,,,,,,,,,,,,,,,,,,,,,,,,,,
101,24,34,"Iqbal, J., Mitchell, D.C., Barker, D.W., Miguez, F., Sawyer, J.E., Pantoja, J. and Castellano, M.J., 2015. Does nitrogen fertilizer application rate to corn affect nitrous oxide emissions from the rotated soybean crop?. Journal of environmental quality, 44(3), pp.711-719.",https://doi.org/10.2134/jeq2014.09.0378,2,42.02,-93.77,2012.0,Temperate upland annual cropland,USA temperate arable (corn-soybean-wheat belt),Rye,non-legume,Corn,,,,,,,,,,,,0.39126,0.36789,,,,,,,,,,,,"y (2,3)",USA,,Iowa,,,,,,,,,,,,,,,,,,,,,,,,,3,0.01,,,,,,,,,,,,,,,,,,,,,,,,,,,,
102,25,34,"Iqbal, J., Mitchell, D.C., Barker, D.W., Miguez, F., Sawyer, J.E., Pantoja, J. and Castellano, M.J., 2015. Does nitrogen fertilizer application rate to corn affect nitrous oxide emissions from the rotated soybean crop?. Journal of environmental quality, 44(3), pp.711-719.",https://doi.org/10.2134/jeq2014.09.0378,2,42.02,-93.77,2012.0,Temperate upland annual cropland,USA temperate arable (corn-soybean-wheat belt),Rye,non-legume,Soybean,,,,,,,,,,,,0.08107,0.08683,,,,no,,,,,,,,"y (2,3)",USA,,Iowa,,,,,,,,,,,,,,,,,,,,,,,,,3,0.01,,,,,,,,,,,,,,,,,,,,,,,,,,,,
104,27,34,"Iqbal, J., Mitchell, D.C., Barker, D.W., Miguez, F., Sawyer, J.E., Pantoja, J. and Castellano, M.J., 2015. Does nitrogen fertilizer application rate to corn affect nitrous oxide emissions from the rotated soybean crop?. Journal of environmental quality, 44(3), pp.711-719.",https://doi.org/10.2134/jeq2014.09.0378,2,42.02,-93.77,2012.0,Temperate upland annual cropland,USA temperate arable (corn-soybean-wheat belt),Rye,non-legume,Soybean,,,,,,,,,,,,0.109,0.1152,,,,no,,,,,,,,"y (2,3)",USA,,Iowa,,,,,,,,,,,,,,,,,,,,,,,,,3,0.01,,,,,,,,,,,,,,,,,,,,,,,,,,,,
108,454,30,"Fronning, B.E., Thelen, K.D. and Min, D.H., 2008. Use of manure, compost, and cover crops to supplant crop residue carbon in corn stover removed cropping systems. Agronomy journal, 100(6), pp.1703-1710.",https://doi.org/10.2134/agronj2008.0052,2,42.43,-84.28,2003.0,Temperate upland annual cropland,USA temperate arable (corn-soybean-wheat belt),Rye,non-legume,Soybean,,,,,,,,,,,,6.94,5.41,2.74,0.66,,no,,,,,,,,y,USA,,Michigan,,,,,,,,,,,,,,,,,,,,2010-05-18 00:00:00,,,,,3,0.01,,,,,,,,,,,,,,,,,,,,,,,,,,,,
109,455,30,"Fronning, B.E., Thelen, K.D. and Min, D.H., 2008. Use of manure, compost, and cover crops to supplant crop residue carbon in corn stover removed cropping systems. Agronomy journal, 100(6), pp.1703-1710.",https://doi.org/10.2134/agronj2008.0052,2,42.43,-84.28,2003.0,Temperate upland annual cropland,USA temperate arable (corn-soybean-wheat belt),Rye,non-legume,Soybean,,,,,,,,,,,,12.5,9.99,1.39,3.28,,no,,,,,,,,y,USA,,Michigan,,,,,,,,,,,,,,,,,,,,2011-05-18 00:00:00,,,,,3,0.01,,,,,,,,,,,,,,,,,,,,,,,,,,,,
110,456,30,"Fronning, B.E., Thelen, K.D. and Min, D.H., 2008. Use of manure, compost, and cover crops to supplant crop residue carbon in corn stover removed cropping systems. Agronomy journal, 100(6), pp.1703-1710.",https://doi.org/10.2134/agronj2008.0052,2,42.43,-84.28,2003.0,Temperate upland annual cropland,USA temperate arable (corn-soybean-wheat belt),Rye,non-legume,Corn,,,,,,,,,,,,4.01,3.33,2.6,0.75,,yes,,,,,,,,y,USA,,Michigan,,,,,,,,,,,,,,,,,,,,,,,,,3,0.01,,,,,,,,,,,,,,,,,,,,,,,,,,,,
111,457,30,"Fronning, B.E., Thelen, K.D. and Min, D.H., 2008. Use of manure, compost, and cover crops to supplant crop residue carbon in corn stover removed cropping systems. Agronomy journal, 100(6), pp.1703-1710.",https://doi.org/10.2134/agronj2008.0052,2,42.43,-84.28,2003.0,Temperate upland annual cropland,USA temperate arable (corn-soybean-wheat belt),Rye,non-legume,Corn,,,,,,,,,,,,2.3,2.41,0.91,1.04,,yes,,,,,,,,y,USA,,Michigan,,,,,,,,,,,,,,,,,,,,,,,,,3,0.01,,,,,,,,,,,,,,,,,,,,,,,,,,,,
118,41,42,"Drury, C.F., Reynolds, W.D., Tan, C.S., McLaughlin, N.B., Yang, X.M., Calder, W., Oloya, T.O. and Yang, J.Y., 2014. Impacts of 49–51 years of fertilization and crop rotation on growing season nitrous oxide emissions, nitrogen uptake and corn yields. Canadian Journal of Soil Science, 94(3), pp.421-433.",https://doi.org/10.4141/cjss2013-101,2,43.6843,-80.423,,Temperate upland annual cropland,Canada – Northern European/Canadian temperate arable,Alfalfa,legume,Corn,,,,,,,,,,,,0.514,2.95,0.07,0.56,,no,,,,,,,,,Canada,,Ontario,,,,,,,,,,,,,,,,,,,,,,,,,3,0.01,,,,,,,,,,,,,,,,,,,,,,,,,,,,
119,42,42,"Drury, C.F., Reynolds, W.D., Tan, C.S., McLaughlin, N.B., Yang, X.M., Calder, W., Oloya, T.O. and Yang, J.Y., 2014. Impacts of 49–51 years of fertilization and crop rotation on growing season nitrous oxide emissions, nitrogen uptake and corn yields. Canadian Journal of Soil Science, 94(3), pp.421-433.",https://doi.org/10.4141/cjss2013-101,2,43.6843,-80.423,,Temperate upland annual cropland,Canada – Northern European/Canadian temperate arable,Alfalfa,legume,Corn,,,,,,,,,,,,7.36,6.46,1.41,0.98,,yes,,,,,,,,,Canada,,Ontario,,,,,,,,,,,,,,,,,,,,,,,,,3,0.01,,,,,,,,,,,,,,,,,,,,,,,,,,,,
125,48,36,"Liebig, M.A., Tanaka, D.L. and Gross, J.R., 2010. Fallow effects on soil carbon and greenhouse gas flux in central North Dakota. Soil Science Society of America Journal, 74(2), pp.358-365.",https://doi.org/10.2136/sssaj2008.0368,2,46.77,-100.9158,,Temperate upland annual cropland,USA temperate arable (corn-soybean-wheat belt),Rye,non-legume,NR,,,,,,,,,,,,1.8,1.8,,,,,,,,,,,,,USA,,North Dakota,,,,,,,,,,,,,,,,,,,,,,,,,3,0.01,,,,,,,,,,,,,,,,,,,,,,,,,,,,
126,49,43,"Lemke, R.L., Izaurralde, R.C., Nyborg, M. and Solberg, E.D., 1999. Tillage and N source influence soil-emitted nitrous oxide in the Alberta Parkland region. Canadian Journal of Soil Science, 79(1), pp.15-24.",https://doi.org/10.4141/S98-013,2,53.7,-113.2,,Temperate upland annual cropland,Canada – Northern European/Canadian temperate arable,Wheat,non-legume,NR,,,,,,,,,,,,1.765,1.51,,,,,,,,,,,,,Canada,,Alberta,,,,,,,,,,,,,,,,,,,,,,,,,3,0.01,,,,,,,,,,,,,,,,,,,,,,,,,,,,
127,50,43,"Lemke, R.L., Izaurralde, R.C., Nyborg, M. and Solberg, E.D., 1999. Tillage and N source influence soil-emitted nitrous oxide in the Alberta Parkland region. Canadian Journal of Soil Science, 79(1), pp.15-24.",https://doi.org/10.4141/S98-013,2,53.7,-113.2,,Temperate upland annual cropland,Canada – Northern European/Canadian temperate arable,Wheat,non-legume,NR,,,,,,,,,,,,1.08,0.495,,,,,,,,,,,,,Canada,,Alberta,,,,,,,,,,,,,,,,,,,,,,,,,3,0.01,,,,,,,,,,,,,,,,,,,,,,,,,,,,
128,51,43,"Lemke, R.L., Izaurralde, R.C., Nyborg, M. and Solberg, E.D., 1999. Tillage and N source influence soil-emitted nitrous oxide in the Alberta Parkland region. Canadian Journal of Soil Science, 79(1), pp.15-24.",https://doi.org/10.4141/S98-013,2,53.7,-113.2,,Temperate upland annual cropland,Canada – Northern European/Canadian temperate arable,Wheat,non-legume,NR,,,,,,,,,,,,0.365,0.245,,,,,,,,,,,,,Canada,,Alberta,,,,,,,,,,,,,,,,,,,,,,,,,3,0.01,,,,,,,,,,,,,,,,,,,,,,,,,,,,
129,52,43,"Lemke, R.L., Izaurralde, R.C., Nyborg, M. and Solberg, E.D., 1999. Tillage and N source influence soil-emitted nitrous oxide in the Alberta Parkland region. Canadian Journal of Soil Science, 79(1), pp.15-24.",https://doi.org/10.4141/S98-013,2,53.7,-113.2,,Temperate upland annual cropland,Canada – Northern European/Canadian temperate arable,Wheat,non-legume,NR,,,,,,,,,,,,0.3,0.17,,,,,,,,,,,,,Canada,,Alberta,,,,,,,,,,,,,,,,,,,,,,,,,3,0.01,,,,,,,,,,,,,,,,,,,,,,,,,,,,
130,53,24,"Wagner-Riddle, C. and Thurtell, G.W., 1998. Nitrous oxide emissions from agricultural fields during winter and spring thaw as affected by management practices. Nutrient Cycling in Agroecosystems, 52(2), pp.151-163.",https://doi.org/10.1023/A:1009788411566,2,43.6843,-80.423,,Temperate upland annual cropland,Canada – Northern European/Canadian temperate arable,C.Bluegrass,non-legume,NR,,,,,,,,,,,,2.627,0.209,,,,,,,,,,,,,Canada,,Ontario,,,,,,,,,,,,,,,,,,,,,,,,,3,0.01,,,,,,,,,,,,,,,,,,,,,,,,,,,,
136,59,21,"Petersen, S.O., Mutegi, J.K., Hansen, E.M. and Munkholm, L.J., 2011. Tillage effects on N2O emissions as influenced by a winter cover crop. Soil Biology and Biochemistry, 43(7), pp.1509-1517.",https://doi.org/10.1016/j.soilbio.2011.03.028,2,56.5,9.5,,Temperate upland annual cropland,Denmark – Northern European/Canadian temperate arable,Fodder Raddish,non-legume,Spring Barley,,,,,,,,,,,,3.86,1.57,,,,,,,,,,,,y,Denmark,,Foulum,,,,480.0,,,,,,,,,,,,,,,,,,,,,3,0.01,,,,,, g/kg,rainfed,,,,,6.658,,,,,,,,,,,1000.0,Mg ha−1,12.89473684,,,
137,60,21,"Petersen, S.O., Mutegi, J.K., Hansen, E.M. and Munkholm, L.J., 2011. Tillage effects on N2O emissions as influenced by a winter cover crop. Soil Biology and Biochemistry, 43(7), pp.1509-1517.",https://doi.org/10.1016/j.soilbio.2011.03.028,2,56.5,9.5,,Temperate upland annual cropland,Denmark – Northern European/Canadian temperate arable,Fodder Raddish,non-legume,Spring Barley,,,,,,,,,,,,2.17,1.6,,,,,,,,,,,,y,Denmark,,Foulum,,,,480.0,,,,,,,,,,,,,,,,,,,,,3,0.01,,,,,, g/kg,rainfed,,,,,6.658,,,,,,,,,,,1000.0,Mg ha−1,12.89473684,,,
138,61,21,"Petersen, S.O., Mutegi, J.K., Hansen, E.M. and Munkholm, L.J., 2011. Tillage effects on N2O emissions as influenced by a winter cover crop. Soil Biology and Biochemistry, 43(7), pp.1509-1517.",https://doi.org/10.1016/j.soilbio.2011.03.028,2,56.5,9.5,,Temperate upland annual cropland,Denmark – Northern European/Canadian temperate arable,Fodder Raddish,non-legume,Spring Barley,,,,,,,,,,,,3.03,1.96,,,,,,,,,,,,y,Denmark,,Foulum,,,,480.0,,,,,,,,,,,,,,,,,,,,,3,0.01,,,,,, g/kg,rainfed,,,,,6.658,,,,,,,,,,,2000.0,Mg ha−1,12.89473684,,,
139,5,38,"Smith, D.R., Hernandez-Ramirez, G., Armstrong, S.D., Bucholtz, D.L., & Stott, D.E. (2011). Fertilizer and tillage management impacts on non-carbon-dioxide greenhouse gas emissions. Soil Science Society of America Journal, 75, 1070-1082.",https://doi.org/10.2136/sssaj2009.0354,3,40.467,-86.9908,,Temperate upland annual cropland,USA temperate arable (corn-soybean-wheat belt),Ryegrass,non-legume,Corn,,,,,,,,,,,,5.02,3.79,,,,,,,,,,,,,USA,,Indiana,Lafayette,,,,,,,,,,,,,,,,,,,,,,,,3,0.01,,,,,,,,,,,,,,,,,,,,,,,,,,,,
140,10,38,"Smith, D.R., Hernandez-Ramirez, G., Armstrong, S.D., Bucholtz, D.L., & Stott, D.E. (2011). Fertilizer and tillage management impacts on non-carbon-dioxide greenhouse gas emissions. Soil Science Society of America Journal, 75, 1070-1082.",https://doi.org/10.2136/sssaj2009.0354,3,40.467,-86.9908,,Temperate upland annual cropland,USA temperate arable (corn-soybean-wheat belt),Ryegrass,non-legume,Soybean,,,,,,,,,,,,1.45,1.52,,,,no,,,,,,,,,USA,,Indiana,Lafayette,,,,,,,,,,,,,,,,,,,,,,,,3,0.01,,,,,,,,,,,,,,,,,,,,,,,,,,,,
167,58,3,"Cuello, J.P., Hwang, H.Y., Gutierrez, J., Kim, S.Y., & Kim, P.J. (2015). Impacts of plastic film mulching on increasing greenhouse gas emissions in temperate upland soil during maize cultivation. Applied Soil Ecology, 91, 48-57.",http://doi.org/10.1016/j.apsoil.2015.02.007,3,36.833333,128.433333,,Temperate upland annual cropland,South Korea upland corn rotation (temperate),Barley,non-legume,Corn,,,,,,,,,,,,1.91,4.6,,,,yes,Baseline w/ npk 186,kg N ha⁻¹,,,,,,,South Korea,,Gyeongsang,Jinju,,,,,,,,,,,,,,,,,,,,,,,,3,0.01,,,,,,,,,,,,,,,,,,,,,,,,,,,,
168,59,3,"Cuello, J.P., Hwang, H.Y., Gutierrez, J., Kim, S.Y., & Kim, P.J. (2015). Impacts of plastic film mulching on increasing greenhouse gas emissions in temperate upland soil during maize cultivation. Applied Soil Ecology, 91, 48-57.",http://doi.org/10.1016/j.apsoil.2015.02.007,3,36.833333,128.433333,,Temperate upland annual cropland,South Korea upland corn rotation (temperate),Hairy Vetch,legume,Corn,,,,,,,,,,,,2.45,4.6,,,,yes,Baseline w/ npk 186,kg N ha⁻¹,,,,,,,South Korea,,Gyeongsang,Jinju,,,,,,,,,,,,,,,,,,,,,,,,3,0.01,,,,,,,,,,,,,,,,,,,,,,,,,,,,
169,61,3,"Cuello, J.P., Hwang, H.Y., Gutierrez, J., Kim, S.Y., & Kim, P.J. (2015). Impacts of plastic film mulching on increasing greenhouse gas emissions in temperate upland soil during maize cultivation. Applied Soil Ecology, 91, 48-57.",http://doi.org/10.1016/j.apsoil.2015.02.007,3,36.833333,128.433333,,Temperate upland annual cropland,South Korea upland corn rotation (temperate),Barley,non-legume,Corn,,,,,,,,,,,,1.24,4.09,,,,yes,Baseline w/ npk 186,kg N ha⁻¹,,,,,,,South Korea,,Gyeongsang,Jinju,,,,,,,,,,,,,,,,,,,,,,,,3,0.01,,,,,,,,,,,,,,,,,,,,,,,,,,,,
170,62,3,"Cuello, J.P., Hwang, H.Y., Gutierrez, J., Kim, S.Y., & Kim, P.J. (2015). Impacts of plastic film mulching on increasing greenhouse gas emissions in temperate upland soil during maize cultivation. Applied Soil Ecology, 91, 48-57.",http://doi.org/10.1016/j.apsoil.2015.02.007,3,36.833333,128.433333,,Temperate upland annual cropland,South Korea upland corn rotation (temperate),Hairy Vetch,legume,Corn,,,,,,,,,,,,1.97,4.09,,,,yes,Baseline w/ npk 186,kg N ha⁻¹,,,,,,,South Korea,,Gyeongsang,Jinju,,,,,,,,,,,,,,,,,,,,,,,,3,0.01,,,,,,,,,,,,,,,,,,,,,,,,,,,,
171,64,3,"Cuello, J.P., Hwang, H.Y., Gutierrez, J., Kim, S.Y., & Kim, P.J. (2015). Impacts of plastic film mulching on increasing greenhouse gas emissions in temperate upland soil during maize cultivation. Applied Soil Ecology, 91, 48-57.",http://doi.org/10.1016/j.apsoil.2015.02.007,3,36.833333,128.433333,,Temperate upland annual cropland,South Korea upland corn rotation (temperate),Barley,non-legume,Corn,,,,,,,,,,,,1.54,5.0,,,,yes,Baseline w/ npk 186,kg N ha⁻¹,,,,,,,South Korea,,Gyeongsang,Jinju,,,,,,,,,,,,,,,,,,,,,,,,3,0.01,,,,,,,,,,,,,,,,,,,,,,,,,,,,
172,65,3,"Cuello, J.P., Hwang, H.Y., Gutierrez, J., Kim, S.Y., & Kim, P.J. (2015). Impacts of plastic film mulching on increasing greenhouse gas emissions in temperate upland soil during maize cultivation. Applied Soil Ecology, 91, 48-57.",http://doi.org/10.1016/j.apsoil.2015.02.007,3,36.833333,128.433333,,Temperate upland annual cropland,South Korea upland corn rotation (temperate),Hairy Vetch,legume,Corn,,,,,,,,,,,,1.79,5.0,,,,yes,Baseline w/ npk 186,kg N ha⁻¹,,,,,,,South Korea,,Gyeongsang,Jinju,,,,,,,,,,,,,,,,,,,,,,,,3,0.01,,,,,,,,,,,,,,,,,,,,,,,,,,,,
173,67,3,"Cuello, J.P., Hwang, H.Y., Gutierrez, J., Kim, S.Y., & Kim, P.J. (2015). Impacts of plastic film mulching on increasing greenhouse gas emissions in temperate upland soil during maize cultivation. Applied Soil Ecology, 91, 48-57.",http://doi.org/10.1016/j.apsoil.2015.02.007,3,36.833333,128.433333,,Temperate upland annual cropland,South Korea upland corn rotation (temperate),Barley,non-legume,Corn,,,,,,,,,,,,0.93,4.19,,,,yes,Baseline w/ npk 186,kg N ha⁻¹,,,,,,,South Korea,,Gyeongsang,Jinju,,,,,,,,,,,,,,,,,,,,,,,,3,0.01,,,,,,,,,,,,,,,,,,,,,,,,,,,,
174,68,3,"Cuello, J.P., Hwang, H.Y., Gutierrez, J., Kim, S.Y., & Kim, P.J. (2015). Impacts of plastic film mulching on increasing greenhouse gas emissions in temperate upland soil during maize cultivation. Applied Soil Ecology, 91, 48-57.",http://doi.org/10.1016/j.apsoil.2015.02.007,3,36.833333,128.433333,,Temperate upland annual cropland,South Korea upland corn rotation (temperate),Hairy Vetch,legume,Corn,,,,,,,,,,,,1.48,4.19,,,,yes,Baseline w/ npk 186,kg N ha⁻¹,,,,,,,South Korea,,Gyeongsang,Jinju,,,,,,,,,,,,,,,,,,,,,,,,3,0.01,,,,,,,,,,,,,,,,,,,,,,,,,,,,
186,86,19,"Sanz-Cobena, A., García-Marco, S., Quemada, M., Gabriel, J. L., Almendros, P., & Vallejo, A. (2014). Do cover crops enhance N2O, CO2 or CH4 emissions from soil in Mediterranean arable systems?. Science of the total Environment, 466, 164-174.",https://doi.org/10.1016/j.scitotenv.2013.07.023,3,40.05,-3.51666666666667,2010.0,Mediterranean–semiarid upland cropland,Spain Mediterranean arable/horticulture,Vetch,legume,Corn,UPLAND/DRYLAND,1.40852,0.4914,1.11872,0.383,,Mg CO₂–C ha⁻¹/ t CO₂–C ha⁻¹,nt,not incorporated,19.0,g/kg,0.17009,0.17,0.09,0.12,kg N₂O–N ha⁻¹,yes,210, ammonium nitrate (AN: NH4NO3 33.50% N,-0.21,-0.2,0.13,0.06,kg CH4–C ha−1,"y (2,4)",Spain,Trail,,la Chimenea field station in  Madrid,550.0,Loam,361.5,14.3,,,,2009-10-05,2010-03-18,189.0,1.0,,,150 kg ha− 1,herbcide_glyphosate,0.014,3.0,2010-04-13,2010-10-07 00:00:00,177.0,,,summer,3,0.01,,,,18.51 g kg− 1,,,irrigated,760,1.36,,,8.23,,,,,,,,,,,1984.0,kg ha− 1,14.4609375,,,
187,87,19,"Sanz-Cobena, A., García-Marco, S., Quemada, M., Gabriel, J. L., Almendros, P., & Vallejo, A. (2014). Do cover crops enhance N2O, CO2 or CH4 emissions from soil in Mediterranean arable systems?. Science of the total Environment, 466, 164-174.",https://doi.org/10.1016/j.scitotenv.2013.07.023,3,40.05,-3.51666666666667,2010.0,Mediterranean–semiarid upland cropland,Spain Mediterranean arable/horticulture,Barley,non-legume,Corn,UPLAND/DRYLAND,1.30665,0.44933,1.11872,0.383,,Mg CO₂–C ha⁻¹/ t CO₂–C ha⁻¹,nt,not incorporated,19.0,g/kg,0.16044,0.17,0.03,0.12,kg N₂O–N ha⁻¹,yes,210, ammonium nitrate (AN: NH4NO3 33.50% N,-0.03,-0.2,0.15,0.06,kg CH4–C ha−1,"y (2,4)",Spain,Trail,,la Chimenea field station in  Madrid,550.0,Loam,361.5,14.3,,,,2009-10-05,2010-03-18,189.0,1.0,,,180 kg ha− 1,herbcide_glyphosate,0.014,3.0,2010-04-13,2010-10-07 00:00:00,177.0,,,summer,3,0.01,,,,18.51 g kg− 1,,,irrigated,760,1.36,,,8.23,,,,,,,,,,,4114.0,kg ha− 1,14.4609375,,,
188,88,19,"Sanz-Cobena, A., García-Marco, S., Quemada, M., Gabriel, J. L., Almendros, P., & Vallejo, A. (2014). Do cover crops enhance N2O, CO2 or CH4 emissions from soil in Mediterranean arable systems?. Science of the total Environment, 466, 164-174.",https://doi.org/10.1016/j.scitotenv.2013.07.023,3,40.05,-3.51666666666667,2010.0,Mediterranean–semiarid upland cropland,Spain Mediterranean arable/horticulture,Rapeseed,non-legume,Corn,UPLAND/DRYLAND,1.24641,0.4985,1.11872,0.383,,Mg CO₂–C ha⁻¹/ t CO₂–C ha⁻¹,nt,not incorporated,19.0,g/kg,0.24008,0.17,0.09,0.12,kg N₂O–N ha⁻¹,yes,210, ammonium nitrate (AN: NH4NO3 33.50% N,0.05,-0.2,0.03,0.06,kg CH4–C ha−1,"y (2,4)",Spain,Trail,,la Chimenea field station in  Madrid,550.0,Loam,361.5,14.3,,,,2009-10-05,2010-03-18,189.0,1.0,,,6 kg ha− 1,herbcide_glyphosate,0.014,3.0,2010-04-13,2010-10-07 00:00:00,177.0,,,summer,3,0.01,,,,18.51 g kg− 1,,,irrigated,760,1.36,,,8.23,,,,,,,,,,,2070.0,kg ha− 1,14.4609375,,,
189,91,19,"Sanz-Cobena, A., García-Marco, S., Quemada, M., Gabriel, J. L., Almendros, P., & Vallejo, A. (2014). Do cover crops enhance N2O, CO2 or CH4 emissions from soil in Mediterranean arable systems?. Science of the total Environment, 466, 164-174.",https://doi.org/10.1016/j.scitotenv.2013.07.023,3,40.05,-3.51666666666667,2010.0,Mediterranean–semiarid upland cropland,Spain Mediterranean arable/horticulture,Vetch,legume,Corn,UPLAND/DRYLAND,1.31818,0.71936,1.19343,0.672,,Mg CO₂–C ha⁻¹/ t CO₂–C ha⁻¹,ct,incorporated,19.0,g/kg,0.13015,0.12,0.01,0.09,kg N₂O–N ha⁻¹,yes,210, ammonium nitrate (AN: NH4NO3 33.50% N,-0.02,-0.19,0.19,0.13,kg CH4–C ha−1,"y (2,4)",Spain,Trail,,la Chimenea field station in  Madrid,550.0,Loam,361.5,14.3,,,,2009-10-05,2010-03-18,189.0,1.0,,,150 kg ha− 1,herbcide_glyphosate,0.014,3.0,2010-04-13,2010-10-07 00:00:00,177.0,,,summer,3,0.01,,,,18.51 g kg− 1,,,irrigated,760,1.36,,,8.23,,,,,,,,,,,1984.0,kg ha− 1,14.4609375,,,
190,92,19,"Sanz-Cobena, A., García-Marco, S., Quemada, M., Gabriel, J. L., Almendros, P., & Vallejo, A. (2014). Do cover crops enhance N2O, CO2 or CH4 emissions from soil in Mediterranean arable systems?. Science of the total Environment, 466, 164-174.",https://doi.org/10.1016/j.scitotenv.2013.07.023,3,40.05,-3.51666666666667,2010.0,Mediterranean–semiarid upland cropland,Spain Mediterranean arable/horticulture,Barley,non-legume,Corn,UPLAND/DRYLAND,1.65791,0.78088,1.19343,0.672,,Mg CO₂–C ha⁻¹/ t CO₂–C ha⁻¹,ct,incorporated,19.0,g/kg,0.27011,0.12,0.16,0.09,kg N₂O–N ha⁻¹,yes,210, ammonium nitrate (AN: NH4NO3 33.50% N,-0.01,-0.19,0.08,0.13,kg CH4–C ha−1,"y (2,4)",Spain,Trail,,la Chimenea field station in  Madrid,550.0,Loam,361.5,14.3,,,,2009-10-05,2010-03-18,189.0,1.0,,,180 kg ha− 1,herbcide_glyphosate,0.014,3.0,2010-04-13,2010-10-07 00:00:00,177.0,,,summer,3,0.01,,,,18.51 g kg− 1,,,irrigated,760,1.36,,,8.23,,,,,,,,,,,4114.0,kg ha− 1,14.4609375,,,
191,93,19,"Sanz-Cobena, A., García-Marco, S., Quemada, M., Gabriel, J. L., Almendros, P., & Vallejo, A. (2014). Do cover crops enhance N2O, CO2 or CH4 emissions from soil in Mediterranean arable systems?. Science of the total Environment, 466, 164-174.",https://doi.org/10.1016/j.scitotenv.2013.07.023,3,40.05,-3.51666666666667,2010.0,Mediterranean–semiarid upland cropland,Spain Mediterranean arable/horticulture,Rapeseed,non-legume,Corn,UPLAND/DRYLAND,1.73652,0.23055,1.19343,0.672,,Mg CO₂–C ha⁻¹/ t CO₂–C ha⁻¹,ct,incorporated,19.0,g/kg,0.29052,0.12,0.3,0.09,kg N₂O–N ha⁻¹,yes,210, ammonium nitrate (AN: NH4NO3 33.50% N,-0.12,-0.19,0.12,0.13,kg CH4–C ha−1,"y (2,4)",Spain,Trail,,la Chimenea field station in  Madrid,550.0,Loam,361.5,14.3,,,,2009-10-05,2010-03-18,189.0,1.0,,,6 kg ha− 1,herbcide_glyphosate,0.014,3.0,2010-04-13,2010-10-07 00:00:00,177.0,,,summer,3,0.01,,,,18.51 g kg− 1,,,irrigated,760,1.36,,,8.23,,,,,,,,,,,2070.0,kg ha− 1,14.4609375,,,
199,111,33,"Parkin, T.B., & Kaspar, T.C. (2006). Nitrous oxide emissions from corn-soybean in the Midwest. Journal of Environmental Quality, 35, 1496-1506.",https://doi.org/10.2134/jeq2005.0183,3,42.02008,-93.77008,,Temperate upland annual cropland,USA temperate arable (corn-soybean-wheat belt),Winter Rye,non-legume,Corn,,,,,,,,,,,,7.62,7.87,2.17,3.97,,,,,,,,,,,USA,,Iowa,Ames,,,,,,,,,,,,,,,,,,,,,,,,3,0.01,,,,,,,,,,,,,,,,,,,,,,,,,,,,
200,114,33,"Parkin, T.B., & Kaspar, T.C. (2006). Nitrous oxide emissions from corn-soybean in the Midwest. Journal of Environmental Quality, 35, 1496-1506.",https://doi.org/10.2134/jeq2005.0183,3,42.02008,-93.77008,,Temperate upland annual cropland,USA temperate arable (corn-soybean-wheat belt),Winter Rye,non-legume,Soybean,,,,,,,,,,,,2.28,2.17,0.31,0.3,,no,,,,,,,,,USA,,Iowa,Ames,,,,,,,,,,,,,,,,,,,,,,,,3,0.01,,,,,,,,,,,,,,,,,,,,,,,,,,,,
201,117,33,"Parkin, T.B., & Kaspar, T.C. (2006). Nitrous oxide emissions from corn-soybean in the Midwest. Journal of Environmental Quality, 35, 1496-1506.",https://doi.org/10.2134/jeq2005.0183,3,42.02008,-93.77008,,Temperate upland annual cropland,USA temperate arable (corn-soybean-wheat belt),Winter Rye,non-legume,Corn,,,,,,,,,,,,8.21,6.96,3.49,2.14,,,,,,,,,,,USA,,Iowa,Ames,,,,,,,,,,,,,,,,,,,,,,,,3,0.01,,,,,,,,,,,,,,,,,,,,,,,,,,,,
202,120,33,"Parkin, T.B., & Kaspar, T.C. (2006). Nitrous oxide emissions from corn-soybean in the Midwest. Journal of Environmental Quality, 35, 1496-1506.",https://doi.org/10.2134/jeq2005.0183,3,42.02008,-93.77008,,Temperate upland annual cropland,USA temperate arable (corn-soybean-wheat belt),Winter Rye,non-legume,Soybean,,,,,,,,,,,,15.4,11.3,7.33,2.41,,no,,,,,,,,,USA,,Iowa,Ames,,,,,,,,,,,,,,,,,,,,,,,,3,0.01,,,,,,,,,,,,,,,,,,,,,,,,,,,,
203,122,6,"Sapkota, T.B., Shankar, V., Rai, M., Jat, M.L., Stirling, C.M, Singh, L.K., … Grewal, M.S. (2017). Reducing global warming potential through sustainable intensification of basmati rice-wheat systems in India. Sustainability, 9, 1044.",http://doi.org/10.3390/su9061044,3,29.809722,76.921111,,"Flooded paddy cropland (tropical–subtropical, Oryza sativa L. double/single season)",India paddy rice system,Green Gram,legume,Rice,,,,,,,,,,,,2.04,1.37,0.7621,0.17321,,,,,,,,,,,India,,Karnal,Taraori,,,,,,,,,,,,,,,,,,,,,,,,3,0.01,,,,,,,,,,,,,,,,,,,,,,,,,,,,
204,124,6,"Sapkota, T.B., Shankar, V., Rai, M., Jat, M.L., Stirling, C.M, Singh, L.K., … Grewal, M.S. (2017). Reducing global warming potential through sustainable intensification of basmati rice-wheat systems in India. Sustainability, 9, 1044.",http://doi.org/10.3390/su9061044,3,29.809722,76.921111,,"Flooded paddy cropland (tropical–subtropical, Oryza sativa L. double/single season)",India paddy rice system,Green Gram,legume,Rice,,,,,,,,,,,,2.03,2.68,0.36373,0.74478,,,,,,,,,,,India,,Karnal,Taraori,,,,,,,,,,,,,,,,,,,,,,,,3,0.01,,,,,,,,,,,,,,,,,,,,,,,,,,,,
205,126,6,"Sapkota, T.B., Shankar, V., Rai, M., Jat, M.L., Stirling, C.M, Singh, L.K., … Grewal, M.S. (2017). Reducing global warming potential through sustainable intensification of basmati rice-wheat systems in India. Sustainability, 9, 1044.",http://doi.org/10.3390/su9061044,3,29.809722,76.921111,,"Flooded paddy cropland (tropical–subtropical, Oryza sativa L. double/single season)",India paddy rice system,Green Gram,legume,Rice,,,,,,,,,,,,2.19,2.73,0.6755,1.33368,,,,,,,,,,,India,,Karnal,Taraori,,,,,,,,,,,,,,,,,,,,,,,,3,0.01,,,,,,,,,,,,,,,,,,,,,,,,,,,,
206,128,6,"Sapkota, T.B., Shankar, V., Rai, M., Jat, M.L., Stirling, C.M, Singh, L.K., … Grewal, M.S. (2017). Reducing global warming potential through sustainable intensification of basmati rice-wheat systems in India. Sustainability, 9, 1044.",http://doi.org/10.3390/su9061044,3,29.809722,76.921111,,Tropical upland annual/perennial cropland (Plantation/Tropical),tropical CC species: Green Gram,Green Gram,legume,Wheat,,,,,,,,,,,,2.17,2.48,1.45492,1.73205,,,,,,,,,,,India,,Karnal,Taraori,,,,,,,,,,,,,,,,,,,,,,,,3,0.01,,,,,,,,,,,,,,,,,,,,,,,,,,,,
207,130,6,"Sapkota, T.B., Shankar, V., Rai, M., Jat, M.L., Stirling, C.M, Singh, L.K., … Grewal, M.S. (2017). Reducing global warming potential through sustainable intensification of basmati rice-wheat systems in India. Sustainability, 9, 1044.",http://doi.org/10.3390/su9061044,3,29.809722,76.921111,,Tropical upland annual/perennial cropland (Plantation/Tropical),tropical CC species: Green Gram,Green Gram,legume,Wheat,,,,,,,,,,,,2.41,1.97,2.04382,0.88335,,,,,,,,,,,India,,Karnal,Taraori,,,,,,,,,,,,,,,,,,,,,,,,3,0.01,,,,,,,,,,,,,,,,,,,,,,,,,,,,
208,132,6,"Sapkota, T.B., Shankar, V., Rai, M., Jat, M.L., Stirling, C.M, Singh, L.K., … Grewal, M.S. (2017). Reducing global warming potential through sustainable intensification of basmati rice-wheat systems in India. Sustainability, 9, 1044.",http://doi.org/10.3390/su9061044,3,29.809722,76.921111,,Tropical upland annual/perennial cropland (Plantation/Tropical),tropical CC species: Green Gram,Green Gram,legume,Wheat,,,,,,,,,,,,1.43,1.69,0.45033,0.93531,,,,,,,,,,,India,,Karnal,Taraori,,,,,,,,,,,,,,,,,,,,,,,,3,0.01,,,,,,,,,,,,,,,,,,,,,,,,,,,,
218,157,1,"Lehmann, R.M., & Osborne, S.L. (2013). Greenhouse gas fluxes from no-till rotated corn in the upper Midwest Agriculture, Ecosystems and Environment, 170, 1-9.",http://doi.org/10.1016/j.agee.2013.02.009,3,44.316667,-96.766667,,Temperate upland annual cropland,USA temperate arable (corn-soybean-wheat belt),field peas/winter wheat,mixture,Corn,,3.91,,3.31,,,,nt,not incorporated,28.0,g/kg,0.866,0.817,,,,,,,,,,,,,USA,,South Dakota,Brookings,,,,,,legume + non-legume,,,,,,,,,,,,,,,,,,3,0.01,,,,,,,,,,,,,,,,,,,,,,,,,,,,
219,159,1,"Lehmann, R.M., & Osborne, S.L. (2013). Greenhouse gas fluxes from no-till rotated corn in the upper Midwest Agriculture, Ecosystems and Environment, 170, 1-9.",http://doi.org/10.1016/j.agee.2013.02.011,3,44.316667,-96.766667,,Temperate upland annual cropland,USA temperate arable (corn-soybean-wheat belt),field peas/winter wheat,mixture,Corn,,1.56,,1.85,,,,nt,not incorporated,28.0,g/kg,1.13,1.43,,,,,,,,,,,,,USA,,South Dakota,Brookings,,,,,,legume + non-legume,,,,,,,,,,,,,,,,,,3,0.01,,,,,,,,,,,,,,,,,,,,,,,,,,,,
220,161,1,"Lehmann, R.M., & Osborne, S.L. (2013). Greenhouse gas fluxes from no-till rotated corn in the upper Midwest Agriculture, Ecosystems and Environment, 170, 1-9.",http://doi.org/10.1016/j.agee.2013.02.013,3,44.316667,-96.766667,,Temperate upland annual cropland,USA temperate arable (corn-soybean-wheat belt),field peas/winter wheat,mixture,Corn,,1.91,,2.18,,,,nt,not incorporated,28.0,g/kg,1.14,1.36,,,,,,,,,,,,,USA,,South Dakota,Brookings,,,,,,legume + non-legume,,,,,,,,,,,,,,,,,,3,0.01,,,,,,,,,,,,,,,,,,,,,,,,,,,,
221,163,1,"Lehmann, R.M., & Osborne, S.L. (2013). Greenhouse gas fluxes from no-till rotated corn in the upper Midwest Agriculture, Ecosystems and Environment, 170, 1-9.",http://doi.org/10.1016/j.agee.2013.02.015,3,44.316667,-96.766667,,Temperate upland annual cropland,USA temperate arable (corn-soybean-wheat belt),field peas/winter wheat,mixture,Corn,,2.23,,2.63,,,,nt,incorporated,28.0,g/kg,1.33,1.54,,,,,,,,,,,,,USA,,South Dakota,Brookings,,,,,,legume + non-legume,,,,,,,,,,,,,,,,,,3,0.01,,,,,,,,,,,,,,,,,,,,,,,,,,,,
235,458,31,"Boardman, D.L., Easterby, S., Clark, K.M., Kitchen, N.R., Staples, J.S., Reinbott, T.M., & Kremer, R.J. (2018). Do tillage, cover crops, and compost management within organic grain cropping  affect greenhouse gas emissions? Agronomy Journal, 110, 1893-1904.",https://doi.org/10.2134/agronj2018.01.0023,3,37.982005,-91.722382,2012.0,Temperate upland annual cropland,USA temperate arable (corn-soybean-wheat belt),Ceral Rye + Hariy Vetch,mixture,Corn,,1369.0,,920.0,,,,ct,incorporated,,,1.6,1.2,,,,yes,Organic_Compost,1.5×relative to recommended,,,,,,y,USA,,Missouri,Columbia,,,,,,legume + non-legume,,,,,,,,,,,,,,,,,,3,0.01,,,,,,,,,,,,,,,,,,,,,,,,,,,,
237,181,31,"Boardman, D.L., Easterby, S., Clark, K.M., Kitchen, N.R., Staples, J.S., Reinbott, T.M., & Kremer, R.J. (2018). Do tillage, cover crops, and compost management within organic grain cropping  affect greenhouse gas emissions? Agronomy Journal, 110, 1893-1904.",https://doi.org/10.2134/agronj2018.01.0023,3,37.982005,-91.722382,2012.0,Temperate upland annual cropland,USA temperate arable (corn-soybean-wheat belt),Cereal Rye,non-legume,Soybean,,0.257,,0.77,,,,nt,not incorporated,,,,,,,,,,,,,,,,y,USA,,Missouri,Columbia,,,,,,,,,,,,,,,,,,,,,,,,3,0.01,,,,,,,,,,,,,,,,,,,,,,,,,,,,
239,184,31,"Boardman, D.L., Easterby, S., Clark, K.M., Kitchen, N.R., Staples, J.S., Reinbott, T.M., & Kremer, R.J. (2018). Do tillage, cover crops, and compost management within organic grain cropping  affect greenhouse gas emissions? Agronomy Journal, 110, 1893-1904.",https://doi.org/10.2134/agronj2018.01.0023,3,37.982005,-91.722382,2012.0,Temperate upland annual cropland,USA temperate arable (corn-soybean-wheat belt),Ceral Rye + Hairy Vetch,mixture,Corn,,1057.0,,867.0,,,kg CO2–C ha−1 for 3 three years,ct,incorporated,,,0.5,0.2,,,,no,Organic_Compost,0×relative to recommended,,,,,,y,USA,,Missouri,Columbia,,,,,,legume + non-legume,,,,,,,,,,,,,,,,,,3,0.01,,,,,,,,,,,,,,,,,,,,,,,,,,,,
241,187,31,"Boardman, D.L., Easterby, S., Clark, K.M., Kitchen, N.R., Staples, J.S., Reinbott, T.M., & Kremer, R.J. (2018). Do tillage, cover crops, and compost management within organic grain cropping  affect greenhouse gas emissions? Agronomy Journal, 110, 1893-1904.",https://doi.org/10.2134/agronj2018.01.0023,3,37.982005,-91.722382,2012.0,Temperate upland annual cropland,USA temperate arable (corn-soybean-wheat belt),Cereal Rye,non-legume,Soybean,,1.02,,0.329,,,,nt,not incorporated,,,0.1,0.1,,,,no,,,,,,,,y,USA,,Missouri,Columbia,,,,,,,,,,,,,,,,,,,,,,,,3,0.01,,,,,,,,,,,,,,,,,,,,,,,,,,,,
245,193,31,"Boardman, D.L., Easterby, S., Clark, K.M., Kitchen, N.R., Staples, J.S., Reinbott, T.M., & Kremer, R.J. (2018). Do tillage, cover crops, and compost management within organic grain cropping  affect greenhouse gas emissions? Agronomy Journal, 110, 1893-1904.",https://doi.org/10.2134/agronj2018.01.0023,3,37.982005,-91.722382,2012.0,Temperate upland annual cropland,USA temperate arable (corn-soybean-wheat belt),Ceral Rye + Hairy Vetch,mixture,Corn,,1328.0,,892.0,,,,ct,incorporated,,,1.7,1.6,,,,yes,Organic_Compost,1×relative to recommended,,,,,,y,USA,,Missouri,Columbia,,,,,,legume + non-legume,,,,,,,,,,,,,,,,,,3,0.01,,,,,,,,,,,,,,,,,,,,,,,,,,,,
247,196,31,"Boardman, D.L., Easterby, S., Clark, K.M., Kitchen, N.R., Staples, J.S., Reinbott, T.M., & Kremer, R.J. (2018). Do tillage, cover crops, and compost management within organic grain cropping  affect greenhouse gas emissions? Agronomy Journal, 110, 1893-1904.",https://doi.org/10.2134/agronj2018.01.0023,3,37.982005,-91.722382,2012.0,Temperate upland annual cropland,USA temperate arable (corn-soybean-wheat belt),Cereal Rye,non-legume,Soybean,,1.115,,0.859,,,,nt,not incorporated,,,2.0,1.4,,,,no,,,,,,,,y,USA,,Missouri,Columbia,,,,,,,,,,,,,,,,,,,,,,,,3,0.01,,,,,,,,,,,,,,,,,,,,,,,,,,,,
250,201,35,"Wegner, B.R., Chalise, K.S., Signh, S., Lai, L., Abagandura, G.O., Kumar, S., … & Jagadamma, S. (2018). Response of soil surface greenhouse gas fluxes to crop residue removal and cover crops under a corn-soybean rotation. Journal of Environmental Quality, 47, 1146-1154.",https://doi.org/10.2134/jeq2018.03.0093,3,44.314333,-96.75283,,Temperate upland annual cropland,USA temperate arable (corn-soybean-wheat belt),Rye + Hairy Vetch,mixture,Corn,UPLAND/DRYLAND,2358.0,211,2834.0,250.0,,cumulatted g ha−1,nt,not incorporated,28.0,g/kg,776.0,828.0,386.0,196.0,cumulated g ha−1,yes,66,kg N ha⁻¹,69.1,-112.6,35.0,52.0,,y,USA,,South Dakota,Brookings,,,,,,legume + non-legume,,,,,,,,,,,,,,,,,,3,0.01,,,,,,,y,,,,,,,,,,,,,,,,1200.0,,,,,
252,203,35,"Wegner, B.R., Chalise, K.S., Signh, S., Lai, L., Abagandura, G.O., Kumar, S., … & Jagadamma, S. (2018). Response of soil surface greenhouse gas fluxes to crop residue removal and cover crops under a corn-soybean rotation. Journal of Environmental Quality, 47, 1146-1154.",https://doi.org/10.2134/jeq2018.03.0093,3,44.314333,-96.75283,,Temperate upland annual cropland,USA temperate arable (corn-soybean-wheat belt),Rye + Hairy Vetch,mixture,Corn,UPLAND/DRYLAND,1715.0,198,2008.0,244.0,,,nt,not incorporated,28.0,g/kg,198.0,239.0,26.0,41.0,cumulated g ha−1,yes,145,kg N ha⁻¹,85.4,-85.7,16.0,59.0,,y,USA,,South Dakota,Brookings,,,,,,legume + non-legume,,,,,,,,,,,,,,,,,,3,0.01,,,,,,,,,,,,,,,,,,,,,,,,,,,,
253,205,35,"Wegner, B.R., Chalise, K.S., Signh, S., Lai, L., Abagandura, G.O., Kumar, S., … & Jagadamma, S. (2018). Response of soil surface greenhouse gas fluxes to crop residue removal and cover crops under a corn-soybean rotation. Journal of Environmental Quality, 47, 1146-1154.",https://doi.org/10.2134/jeq2018.03.0093,3,44.314333,-96.75283,,Temperate upland annual cropland,USA temperate arable (corn-soybean-wheat belt),Winter Rye,non-legume,Soybean,,2.1904,0.213,2.2773,0.063,,,nt,not incorporated,28.0,g/kg,0.565,0.723,0.104,0.096,,no,,,,,,,,y,USA,,South Dakota,Brookings,,,,,,,,,,,,,,,,,,,,,,,,3,0.01,,,,,,,,,,,,,,,,,,,,,,,,,,,,
254,206,35,"Wegner, B.R., Chalise, K.S., Signh, S., Lai, L., Abagandura, G.O., Kumar, S., … & Jagadamma, S. (2018). Response of soil surface greenhouse gas fluxes to crop residue removal and cover crops under a corn-soybean rotation. Journal of Environmental Quality, 47, 1146-1154.",https://doi.org/10.2134/jeq2018.03.0093,3,44.314333,-96.75283,,Temperate upland annual cropland,USA temperate arable (corn-soybean-wheat belt),Winter Rye,non-legume,Soybean,,2.3061,0.19,2.2773,0.063,,,nt,not incorporated,28.0,g/kg,0.8905,0.723,0.086,0.096,,no,,,,,,,,y,USA,,South Dakota,Brookings,,,,,,,,,,,,,,,,,,,,,,,,3,0.01,,,,,,,,,,,,,,,,,,,,,,,,,,,,
255,207,35,"Wegner, B.R., Chalise, K.S., Signh, S., Lai, L., Abagandura, G.O., Kumar, S., … & Jagadamma, S. (2018). Response of soil surface greenhouse gas fluxes to crop residue removal and cover crops under a corn-soybean rotation. Journal of Environmental Quality, 47, 1146-1154.",https://doi.org/10.2134/jeq2018.03.0093,3,44.314333,-96.75283,,Temperate upland annual cropland,USA temperate arable (corn-soybean-wheat belt),Winter Rye,non-legume,Soybean,,2.1746,0.209,2.2773,0.063,,,nt,not incorporated,28.0,g/kg,0.5222,0.723,0.157,0.096,,no,,,,,,,,y,USA,,South Dakota,Brookings,,,,,,,,,,,,,,,,,,,,,,,,3,0.01,,,,,,,,,,,,,,,,,,,,,,,,,,,,
259,213,35,"Wegner, B.R., Chalise, K.S., Signh, S., Lai, L., Abagandura, G.O., Kumar, S., … & Jagadamma, S. (2018). Response of soil surface greenhouse gas fluxes to crop residue removal and cover crops under a corn-soybean rotation. Journal of Environmental Quality, 47, 1146-1154.",https://doi.org/10.2134/jeq2018.03.0093,3,44.314333,-96.75283,,Temperate upland annual cropland,USA temperate arable (corn-soybean-wheat belt),Winter Rye,non-legume,Soybean,,1.7697,0.26,1.974,0.155,,,nt,not incorporated,28.0,g/kg,0.1826,0.1889,0.035,0.033,,no,,,,,,,,y,USA,,South Dakota,Brookings,,,,,,,,,,,,,,,,,,,,,,,,3,0.01,,,,,,,,,,,,,,,,,,,,,,,,,,,,
260,214,35,"Wegner, B.R., Chalise, K.S., Signh, S., Lai, L., Abagandura, G.O., Kumar, S., … & Jagadamma, S. (2018). Response of soil surface greenhouse gas fluxes to crop residue removal and cover crops under a corn-soybean rotation. Journal of Environmental Quality, 47, 1146-1154.",https://doi.org/10.2134/jeq2018.03.0093,3,44.314333,-96.75283,,Temperate upland annual cropland,USA temperate arable (corn-soybean-wheat belt),Winter Rye,non-legume,Soybean,,1.9989,0.093,1.974,0.155,,,nt,not incorporated,28.0,g/kg,0.1969,0.1889,0.044,0.033,,no,,,,,,,,y,USA,,South Dakota,Brookings,,,,,,,,,,,,,,,,,,,,,,,,3,0.01,,,,,,,,,,,,,,,,,,,,,,,,,,,,
261,215,35,"Wegner, B.R., Chalise, K.S., Signh, S., Lai, L., Abagandura, G.O., Kumar, S., … & Jagadamma, S. (2018). Response of soil surface greenhouse gas fluxes to crop residue removal and cover crops under a corn-soybean rotation. Journal of Environmental Quality, 47, 1146-1154.",https://doi.org/10.2134/jeq2018.03.0093,3,44.314333,-96.75283,,Temperate upland annual cropland,USA temperate arable (corn-soybean-wheat belt),Winter Rye,non-legume,Soybean,,1.9269,0.185,1.974,0.155,,,nt,not incorporated,28.0,g/kg,0.1705,0.1889,0.03,0.033,,no,,,,,,,,y,USA,,South Dakota,Brookings,,,,,,,,,,,,,,,,,,,,,,,,3,0.01,,,,,,,,,,,,,,,,,,,,,,,,,,,,
262,217,11,"Weiler, D.A., Giacomini, S.J., Recous, S., Bastos, L.M.,  Pilecco, G.E.,  Dietrich, G., Aita, C. (2018). Trade-off between C and N recycling and N2O emissions of soils with summer cover crops in subtropical agrosystems. Plant Soil, 433, 213-225.",https://doi.org/10.1007/s11104-018-3831-2,3,-29.683333,-53.8,,Tropical upland annual/perennial cropland (Plantation/Tropical),tropical CC species: Velvet Bean,Velvet Bean,legume,Oats,,,,,,,,,,,,0.71,0.14,0.16,0.03,,no,,,,,,,,y,Brazil,,Rio Grande Do Sul,Santa Maria,,,,,,,,,,,,,,,,,,,,,,,,3,0.01,,,,,,,,,,,,,,,,,,,,,,,,,,,,
263,218,11,"Weiler, D.A., Giacomini, S.J., Recous, S., Bastos, L.M.,  Pilecco, G.E.,  Dietrich, G., Aita, C. (2018). Trade-off between C and N recycling and N2O emissions of soils with summer cover crops in subtropical agrosystems. Plant Soil, 433, 213-225.",https://doi.org/10.1007/s11104-018-3831-2,3,-29.683333,-53.8,,Tropical upland annual/perennial cropland (Plantation/Tropical),tropical CC species: Pearl Millet,Pearl Millet,non-legume,Oats,,,,,,,,,,,,0.61,0.14,0.15,0.03,,,,,,,,,,y,Brazil,,Rio Grande Do Sul,Santa Maria,,,,,,,,,,,,,,,,,,,,,,,,3,0.01,,,,,,,,,,,,,,,,,,,,,,,,,,,,
264,219,11,"Weiler, D.A., Giacomini, S.J., Recous, S., Bastos, L.M.,  Pilecco, G.E.,  Dietrich, G., Aita, C. (2018). Trade-off between C and N recycling and N2O emissions of soils with summer cover crops in subtropical agrosystems. Plant Soil, 433, 213-225.",https://doi.org/10.1007/s11104-018-3831-2,3,-29.683333,-53.8,,Tropical upland annual/perennial cropland (Plantation/Tropical),tropical CC species: Dwarf Pigeonpea,Dwarf Pigeonpea,legume,Oats,,,,,,,,,,,,0.46,0.14,0.05,0.03,,no,,,,,,,,y,Brazil,,Rio Grande Do Sul,Santa Maria,,,,,,,,,,,,,,,,,,,,,,,,3,0.01,,,,,,,,,,,,,,,,,,,,,,,,,,,,
265,220,11,"Weiler, D.A., Giacomini, S.J., Recous, S., Bastos, L.M.,  Pilecco, G.E.,  Dietrich, G., Aita, C. (2018). Trade-off between C and N recycling and N2O emissions of soils with summer cover crops in subtropical agrosystems. Plant Soil, 433, 213-225.",https://doi.org/10.1007/s11104-018-3831-2,3,-29.683333,-53.8,,Tropical upland annual/perennial cropland (Plantation/Tropical),tropical CC species: Sunn Hemp,Sunn Hemp,legume,Oats,,,,,,,,,,,,0.7,0.14,0.09,0.03,,no,,,,,,,,y,Brazil,,Rio Grande Do Sul,Santa Maria,,,,,,,,,,,,,,,,,,,,,,,,3,0.01,,,,,,,,,,,,,,,,,,,,,,,,,,,,
266,221,11,"Weiler, D.A., Giacomini, S.J., Recous, S., Bastos, L.M.,  Pilecco, G.E.,  Dietrich, G., Aita, C. (2018). Trade-off between C and N recycling and N2O emissions of soils with summer cover crops in subtropical agrosystems. Plant Soil, 433, 213-225.",https://doi.org/10.1007/s11104-018-3831-2,3,-29.683333,-53.8,,Tropical upland annual/perennial cropland (Plantation/Tropical),tropical CC species: Showy Rattlebox,Showy Rattlebox,legume,Oats,,,,,,,,,,,,0.82,0.14,0.15,0.03,,no,,,,,,,,y,Brazil,,Rio Grande Do Sul,Santa Maria,,,,,,,,,,,,,,,,,,,,,,,,3,0.01,,,,,,,,,,,,,,,,,,,,,,,,,,,,
267,222,11,"Weiler, D.A., Giacomini, S.J., Recous, S., Bastos, L.M.,  Pilecco, G.E.,  Dietrich, G., Aita, C. (2018). Trade-off between C and N recycling and N2O emissions of soils with summer cover crops in subtropical agrosystems. Plant Soil, 433, 213-225.",https://doi.org/10.1007/s11104-018-3831-2,3,-29.683333,-53.8,,Tropical upland annual/perennial cropland (Plantation/Tropical),tropical CC species: Jack Bean,Jack Bean,legume,Oats,,,,,,,,,,,,0.7,0.14,0.14,0.03,,no,,,,,,,,y,Brazil,,Rio Grande Do Sul,Santa Maria,,,,,,,,,,,,,,,,,,,,,,,,3,0.01,,,,,,,,,,,,,,,,,,,,,,,,,,,,
274,198,61,"Gong, Y., Li, P., Sakagami, N., & Komatsuzaki, M. (2021). No-tillage with rye cover crop can reduce net global warming potential and yield-scaled global warming potential in the long-term organic soybean field. Soil and Tillage Research, 205, 104747.",,4,36.0333333333333,140.2,,Temperate upland annual cropland,Japan soybean/upland system,,legume,,,,,,,,,,,,,0.7919,0.9899,0.2847,0.3558,,no,,,,,,,,,Japan,,,,,,,,,,,,,,,,,,,,,,,,,,,3,0.01,,,,,,,,,,,,,,,,,,,,,,,,,,,,
275,199,61,"Gong, Y., Li, P., Sakagami, N., & Komatsuzaki, M. (2021). No-tillage with rye cover crop can reduce net global warming potential and yield-scaled global warming potential in the long-term organic soybean field. Soil and Tillage Research, 205, 104747.",,4,36.0333333333333,140.2,,Temperate upland annual cropland,Japan soybean/upland system,,non-legume,Soybean,UPLAND/DRYLAND,,,,,,,,,,,0.5805,0.9899,0.2087,0.3558,,,,,-19.0,-5.2941,8.1578,2.2731,,,Japan,,,,,,,,,,,,,,,,,,,,,,,,,,,3,0.01,,,,,,,,,,,,,,,,,,,,,,,,,,,,
276,200,61,"Gong, Y., Li, P., Sakagami, N., & Komatsuzaki, M. (2021). No-tillage with rye cover crop can reduce net global warming potential and yield-scaled global warming potential in the long-term organic soybean field. Soil and Tillage Research, 205, 104747.",,4,36.0333333333333,140.2,,Temperate upland annual cropland,Japan soybean/upland system,,legume,,,,,,,,,,,,,1.2886,0.9228,0.4632,0.3317,,no,,,,,,,,,Japan,,,,,,,,,,,,,,,,,,,,,,,,,,,3,0.01,,,,,,,,,,,,,,,,,,,,,,,,,,,,
277,201,61,"Gong, Y., Li, P., Sakagami, N., & Komatsuzaki, M. (2021). No-tillage with rye cover crop can reduce net global warming potential and yield-scaled global warming potential in the long-term organic soybean field. Soil and Tillage Research, 205, 104747.",,4,36.0333333333333,140.2,,Temperate upland annual cropland,Japan soybean/upland system,,non-legume,Soybean,UPLAND/DRYLAND,,,,,,,,,,,1.0738,0.9228,0.386,0.3317,,,,,-7.5588,-10.8235,3.2454,4.6471,,,Japan,,,,,,,,,,,,,,,,,,,,,,,,,,,3,0.01,,,,,,,,,,,,,,,,,,,,,,,,,,,,
278,274,102,"Tang Haiming, Tang Wenguang, Shuai Xiqiang, Yang Guangli, Tang Haitao, & Xiao Xiaoping. Effects of winter cover crop on methane and nitrous oxide emission from paddy field. Ying yong sheng tai xue bao, 21(12), 3191.",,4,28.1383333333333,113.2,,"Flooded paddy cropland (tropical–subtropical, Oryza sativa L. double/single season)",China paddy rice system,,non-legume,Paddy Rice,PADDY/FLOODED,,,,,,,,,,,0.46,0.41,0.0173,0.0173,,,,,217.0,104.8,10.9119,5.1962,,,China,,,,,,,,,,,,,,,,,,,,,,,,,,,3,0.01,,,,,,,,,,,,,,,,,,,,,,,,,,,,
279,275,102,"Tang Haiming, Tang Wenguang, Shuai Xiqiang, Yang Guangli, Tang Haitao, & Xiao Xiaoping. Effects of winter cover crop on methane and nitrous oxide emission from paddy field. Ying yong sheng tai xue bao, 21(12), 3191.",,4,28.1383333333333,113.2,,"Flooded paddy cropland (tropical–subtropical, Oryza sativa L. double/single season)",China paddy rice system,,legume,Paddy Rice,PADDY/FLOODED,,,,,,,,,,,0.46,0.41,0.0173,0.0173,,,,,207.5,104.8,10.3923,5.1962,,,China,,,,,,,,,,,,,,,,,,,,,,,,,,,3,0.01,,,,,,,,,,,,,,,,,,,,,,,,,,,,
280,276,102,"Tang Haiming, Tang Wenguang, Shuai Xiqiang, Yang Guangli, Tang Haitao, & Xiao Xiaoping. Effects of winter cover crop on methane and nitrous oxide emission from paddy field. Ying yong sheng tai xue bao, 21(12), 3191.",,4,28.1383333333333,113.2,,"Flooded paddy cropland (tropical–subtropical, Oryza sativa L. double/single season)",China paddy rice system,,non-legume,Paddy Rice,PADDY/FLOODED,,,,,,,,,,,0.6,0.41,0.0346,0.0173,,,,,205.6,104.8,10.2191,5.1962,,,China,,,,,,,,,,,,,,,,,,,,,,,,,,,3,0.01,,,,,,,,,,,,,,,,,,,,,,,,,,,,
281,277,102,"Tang Haiming, Tang Wenguang, Shuai Xiqiang, Yang Guangli, Tang Haitao, & Xiao Xiaoping. Effects of winter cover crop on methane and nitrous oxide emission from paddy field. Ying yong sheng tai xue bao, 21(12), 3191.",,4,28.1383333333333,113.2,,"Flooded paddy cropland (tropical–subtropical, Oryza sativa L. double/single season)",China paddy rice system,,non-legume,Paddy Rice,PADDY/FLOODED,,,,,,,,,,,0.53,0.41,0.0346,0.0173,,,,,195.6,104.8,9.8727,5.1962,,,China,,,,,,,,,,,,,,,,,,,,,,,,,,,3,0.01,,,,,,,,,,,,,,,,,,,,,,,,,,,,
290,313,72,"Kim, S. Y., Gutierrez, J., & Kim, P. J. (2012). Considering winter cover crop selection as green manure to control methane emission during rice cultivation in paddy soil. Agriculture, ecosystems & environment, 161, 130-136.",,4,35.1490277777778,128.43,,"Flooded paddy cropland (tropical–subtropical, Oryza sativa L. double/single season)",South Korea paddy rice system,,non-legume,Paddy Rice,PADDY/FLOODED,,,,,,,,,,,,,,,,,,,475.5556,253.3333,8.8889,40.0,,,South Korea,,,,,,,,,,,,,,,,,,,,,,,,,,,3,0.01,,,,,,,sub-surface irrigation,,,,,,30.3 μg g soil−1,,,,,,,,0.25,,,,,,,
291,314,72,"Kim, S. Y., Gutierrez, J., & Kim, P. J. (2012). Considering winter cover crop selection as green manure to control methane emission during rice cultivation in paddy soil. Agriculture, ecosystems & environment, 161, 130-136.",,4,35.1490277777778,128.43,,"Flooded paddy cropland (tropical–subtropical, Oryza sativa L. double/single season)",South Korea paddy rice system,,legume,Paddy Rice,PADDY/FLOODED,,,,,,,,,,,,,,,,yes,,,328.8889,253.3333,48.8889,40.0,,,South Korea,,,,,,,,,,,,,,,,,,,,,,,,,,,3,0.01,,,,,,,,,,,,,,,,,,,,,,,,,,,,
292,315,72,"Kim, S. Y., Gutierrez, J., & Kim, P. J. (2012). Considering winter cover crop selection as green manure to control methane emission during rice cultivation in paddy soil. Agriculture, ecosystems & environment, 161, 130-136.",,4,35.1490277777778,128.43,,"Flooded paddy cropland (tropical–subtropical, Oryza sativa L. double/single season)",South Korea paddy rice system,,non-legume,Paddy Rice,PADDY/FLOODED,,,,,,,,,,,,,,,,,,,1075.5556,484.4444,142.2222,40.0,,,South Korea,,,,,,,,,,,,,,,,,,,,,,,,,,,3,0.01,,,,,,,,,,,,7.4,26.05,mg kg−1,26.125000000000004,mg kg−1,,,20.075,"(%, V V−1)",,21.275,,36Mg ha−1 residue,17.4 (residue),,,
293,316,72,"Kim, S. Y., Gutierrez, J., & Kim, P. J. (2012). Considering winter cover crop selection as green manure to control methane emission during rice cultivation in paddy soil. Agriculture, ecosystems & environment, 161, 130-136.",,4,35.1490277777778,128.43,,"Flooded paddy cropland (tropical–subtropical, Oryza sativa L. double/single season)",South Korea paddy rice system,,legume,Paddy Rice,PADDY/FLOODED,,,,,,,,,,,,,,,,yes,,,782.2222,484.4444,8.8889,40.0,,,South Korea,,,,,,,,,,,,,,,,,,,,,,,,,,,3,0.01,,,,,,,,,,,,7.4,29.049999999999997,mg kg−1,31.675,mg kg−1,,,21.549999999999997,"(%, V V−1)",,22.475,,36Mg ha−1 residue,17.4 (residue),,,
294,321,4,"Hwang, H.Y., Kim, G.W., Kim, S.Y., Haque, M.M., Khan, M.I., & Kim, P.J. (2017). Effect of Cover Cropping on the net global warming potential of rice paddy soil. Geoderma, 292, 49-58.",http://doi.org/10.1016/j.geoderma.2017.01.001,4,36.8333333333333,128.433333333333,2014.0,"Flooded paddy cropland (tropical–subtropical, Oryza sativa L. double/single season)",South Korea paddy rice system,Barley,non-legume,Paddy Rice,PADDY/FLOODED,,,,,,,,,,,1.7,6.6,0.611,2.3723,,,,,581.0,220.0,249.4556,94.4582,,y,South Korea,,Gyeongsang,Jinju,,,,,,,,,,,,,,,,,,,,,,,,3,0.01,,,,,,,,,,,,,,,,,,,,,,,,,,,,
295,322,4,"Hwang, H.Y., Kim, G.W., Kim, S.Y., Haque, M.M., Khan, M.I., & Kim, P.J. (2017). Effect of Cover Cropping on the net global warming potential of rice paddy soil. Geoderma, 292, 49-58.",http://doi.org/10.1016/j.geoderma.2017.01.001,4,36.8333333333333,128.433333333333,2014.0,"Flooded paddy cropland (tropical–subtropical, Oryza sativa L. double/single season)",South Korea paddy rice system,Hairy Vetch,legume,Paddy Rice,PADDY/FLOODED,,,,,,,,,,,5.6,6.6,2.0128,2.3723,,,,,610.0,220.0,261.9069,94.4582,,y,South Korea,,Gyeongsang,Jinju,,,,,,,,,,,,,,,,,,,,,,,,3,0.01,,,,,,,,,,,,,,,,,,,,,,,,,,,,
296,323,4,"Hwang, H.Y., Kim, G.W., Kim, S.Y., Haque, M.M., Khan, M.I., & Kim, P.J. (2017). Effect of Cover Cropping on the net global warming potential of rice paddy soil. Geoderma, 292, 49-58.",http://doi.org/10.1016/j.geoderma.2017.01.001,4,36.8333333333333,128.433333333333,2014.0,"Flooded paddy cropland (tropical–subtropical, Oryza sativa L. double/single season)",South Korea paddy rice system,Barley & Hairy Vetch,mixture,Paddy Rice,PADDY/FLOODED,,,,,,,,,,,5.2,6.6,1.8691,2.3723,,,,,904.0,220.0,388.1375,94.4582,,y,South Korea,,Gyeongsang,Jinju,,,,,,legume + non-legume,,,,,,,,,,,,,,,,,,3,0.01,,,,,,,,,,,,,,,,,,,,,,,,,,,,
297,338,93,"Raheem, A., Zhang, J., Huang, J., Jiang, Y., Siddik, M. A., Deng, A., ... & Zhang, W. (2019). Greenhouse gas emissions from a rice-rice-green manure cropping system in South China. Geoderma, 353, 331-339.",,4,26.75,111.866666666667,,"Flooded paddy cropland (tropical–subtropical, Oryza sativa L. double/single season)",China paddy rice system,,non-legume,Paddy Rice,PADDY/FLOODED,,,,,,,,,,,0.4,0.69,0.1732,0.4157,,,,,1977.69,751.97,45.3104,198.4064,,,China,,,,,,,,,,,,,,,,,,,,,,,,,,,3,0.01,,,,,,,,,,,,,,,,,,,,,,,,,,,,
298,339,93,"Raheem, A., Zhang, J., Huang, J., Jiang, Y., Siddik, M. A., Deng, A., ... & Zhang, W. (2019). Greenhouse gas emissions from a rice-rice-green manure cropping system in South China. Geoderma, 353, 331-339.",,4,26.75,111.866666666667,,"Flooded paddy cropland (tropical–subtropical, Oryza sativa L. double/single season)",China paddy rice system,,legume,Paddy Rice,PADDY/FLOODED,,,,,,,,,,,0.43,0.69,0.2252,0.4157,,,,,575.5,751.97,83.8832,198.4064,,,China,,,,,,,,,,,,,,,,,,,,,,,,,,,3,0.01,,,,,,,,,,,,,,,,,,,,,,,,,,,,
299,340,93,"Raheem, A., Zhang, J., Huang, J., Jiang, Y., Siddik, M. A., Deng, A., ... & Zhang, W. (2019). Greenhouse gas emissions from a rice-rice-green manure cropping system in South China. Geoderma, 353, 331-339.",,4,26.75,111.866666666667,,"Flooded paddy cropland (tropical–subtropical, Oryza sativa L. double/single season)",China paddy rice system,,non-legume,Paddy Rice,PADDY/FLOODED,,,,,,,,,,,0.25,0.69,0.0173,0.4157,,,,,1212.54,751.97,421.7371,198.4064,,,China,,,,,,,,,,,,,,,,,,,,,,,,,,,3,0.01,,,,,,,,,,,,,,,,,,,,,,,,,,,,
300,341,66,"Haque, M. M., Kim, S. Y., Pramanik, P., Kim, G. Y., & Kim, P. J. (2013). Optimum application level of winter cover crop biomass as green manure under considering methane emission and rice productivity in paddy soil. Biology and fertility of soils, 49, 487-493.",,4,36.8333333333333,128.433333333333,,"Flooded paddy cropland (tropical–subtropical, Oryza sativa L. double/single season)",South Korea paddy rice system,,mixture,Paddy Rice,PADDY/FLOODED,,,,,,,,,,,,,,,,,,,367.0,205.0,157.5735,88.0179,,,South Korea,,,,,,,,,,,,,,,,,,,,,,,,,,,3,0.01,,,,,,,,,,,,,,,,,,,,,,,,,,,,
301,342,66,"Haque, M. M., Kim, S. Y., Pramanik, P., Kim, G. Y., & Kim, P. J. (2013). Optimum application level of winter cover crop biomass as green manure under considering methane emission and rice productivity in paddy soil. Biology and fertility of soils, 49, 487-493.",,4,36.8333333333333,128.433333333333,,"Flooded paddy cropland (tropical–subtropical, Oryza sativa L. double/single season)",South Korea paddy rice system,,mixture,Paddy Rice,PADDY/FLOODED,,,,,,,,,,,,,,,,,,,961.0,205.0,412.6107,88.0179,,,South Korea,,,,,,,,,,,,,,,,,,,,,,,,,,,3,0.01,,,,,,,,,,,,,,,,,,,,,,,,,,,,
302,343,66,"Haque, M. M., Kim, S. Y., Pramanik, P., Kim, G. Y., & Kim, P. J. (2013). Optimum application level of winter cover crop biomass as green manure under considering methane emission and rice productivity in paddy soil. Biology and fertility of soils, 49, 487-493.",,4,36.8333333333333,128.433333333333,,"Flooded paddy cropland (tropical–subtropical, Oryza sativa L. double/single season)",South Korea paddy rice system,,mixture,Paddy Rice,PADDY/FLOODED,,,,,,,,,,,,,,,,,,,1268.0,205.0,544.4229,88.0179,,,South Korea,,,,,,,,,,,,,,,,,,,,,,,,,,,3,0.01,,,,,,,,,,,,,,,,,,,,,,,,,,,,
303,344,66,"Haque, M. M., Kim, S. Y., Pramanik, P., Kim, G. Y., & Kim, P. J. (2013). Optimum application level of winter cover crop biomass as green manure under considering methane emission and rice productivity in paddy soil. Biology and fertility of soils, 49, 487-493.",,4,36.8333333333333,128.433333333333,,"Flooded paddy cropland (tropical–subtropical, Oryza sativa L. double/single season)",South Korea paddy rice system,,mixture,Paddy Rice,PADDY/FLOODED,,,,,,,,,,,,,,,,,,,1466.0,205.0,629.4353,88.0179,,,South Korea,,,,,,,,,,,,,,,,,,,,,,,,,,,3,0.01,,,,,,,,,,,,,,,,,,,,,,,,,,,,
304,348,87,"Peyrard, C., Mary, B., Perrin, P., Véricel, G., Gréhan, E., Justes, E., & Léonard, J. (2016). N2O emissions of low input cropping systems as affected by legume and cover crops use. Agriculture, Ecosystems & Environment, 224, 145-156.",https://doi.org/10.1016/j.agee.2016.03.028,4,43.527,-1.506,,Mediterranean–semiarid upland cropland,"France (SW, lat~43) – Mediterranean transition zone",,legume,,,,,,,,,,,,,0.9837,1.1833,0.3536,0.4253,,yes,,,,,,,,,France,,,,,,,,,,,,,,,,,,,,,,,,,,,3,0.01,,,,,, g/kg,rainfed,,,,,6.658,,,,,,,,,,,4000.0,Mg ha−1,12.89473684,,,
305,349,87,"Peyrard, C., Mary, B., Perrin, P., Véricel, G., Gréhan, E., Justes, E., & Léonard, J. (2016). N2O emissions of low input cropping systems as affected by legume and cover crops use. Agriculture, Ecosystems & Environment, 224, 145-156.",https://doi.org/10.1016/j.agee.2016.03.029,4,43.527,-1.506,,Mediterranean–semiarid upland cropland,"France (SW, lat~43) – Mediterranean transition zone",,mixture,,,,,,,,,,,,,0.7024,0.4321,0.2525,0.1553,,,,,,,,,,,France,,,,,,,,,,,,,,,,,,,,,,,,,,,3,0.01,,,,,, g/kg,rainfed,,,,,6.658,,,,,,,,,,,3000.0,Mg ha−1,12.89473684,,,
306,350,87,"Peyrard, C., Mary, B., Perrin, P., Véricel, G., Gréhan, E., Justes, E., & Léonard, J. (2016). N2O emissions of low input cropping systems as affected by legume and cover crops use. Agriculture, Ecosystems & Environment, 224, 145-156.",https://doi.org/10.1016/j.agee.2016.03.030,4,43.527,-1.506,,Mediterranean–semiarid upland cropland,"France (SW, lat~43) – Mediterranean transition zone",,mixture,,,,,,,,,,,,,1.0607,1.331,0.3813,0.4784,,,,,,,,,,,France,,,,,,,,,,,,,,,,,,,,,,,,,,,3,0.01,,,,,, g/kg,rainfed,,,,,6.658,,,,,,,,,,,1000.0,Mg ha−1,12.89473684,,,
307,351,87,"Peyrard, C., Mary, B., Perrin, P., Véricel, G., Gréhan, E., Justes, E., & Léonard, J. (2016). N2O emissions of low input cropping systems as affected by legume and cover crops use. Agriculture, Ecosystems & Environment, 224, 145-156.",https://doi.org/10.1016/j.agee.2016.03.031,4,43.527,-1.506,,Mediterranean–semiarid upland cropland,"France (SW, lat~43) – Mediterranean transition zone",,non-legume,,,,,,,,,,,,,1.2194,0.7559,0.4383,0.2717,,,,,,,,,,,France,,,,,,,,,,,,,,,,,,,,,,,,,,,3,0.01,,,,,,,,furrow irrigation,,,,,,,,,,,,,,,,,,,,
308,352,87,"Peyrard, C., Mary, B., Perrin, P., Véricel, G., Gréhan, E., Justes, E., & Léonard, J. (2016). N2O emissions of low input cropping systems as affected by legume and cover crops use. Agriculture, Ecosystems & Environment, 224, 145-156.",https://doi.org/10.1016/j.agee.2016.03.032,4,43.527,-1.506,,Mediterranean–semiarid upland cropland,"France (SW, lat~43) – Mediterranean transition zone",,mixture,,,,,,,,,,,,,0.6254,0.8046,0.2248,0.2892,,,,,,,,,,,France,,,,,,,,,,,,,,,,,,,,,,,,,,,3,0.01,,,,,,,,sub-surface irrigation,,,,,,,,,,,,,,,,,,,,
316,360,5,"Wolff, M. W., Alsina, M. M., Stockert, C. M., Khalsa, S. D. S., & Smart, D. R. (2018). Minimum tillage of a cover crop lowers net GWP and sequesters soil carbon in a California vineyard. Soil and Tillage Research, 175, 244-254.",http://doi.org/10.1016/j.still.2017.06.003,4,38.4319444444444,-122.413333333333,2009.0,Perennial horticultural cropland (Orchard/Vineyard),cash crop = Grape(vineyard),Barley,non-legume,Grape(vineyard),UPLAND/DRYLAND,21.95,2.17789,19.95,0.18385,,mt ha−1 yr−1,ct,incorporated,9.238839908000001,g/kg,0.26,0.21,0.0346,0.0693,kg ha−1 yr−1,,,,-0.54,-0.45,0.1212,0.433,kg ha−1 yr−1,y,USA,Trail,California,UC Davis Oakville Research Station in Napa Valley,,Loam,709.0,15.0375003814999,,,,,,151.0,,,,,herbicide_glyphosate ,,,,,,,perennial,,3,0.01,,9.238839908000001,g/kg,,,,irrigated,,1.526,,,5.6,,,,,,,,,,,,,10.28824043207127,,,
318,362,5,"Wolff, M. W., Alsina, M. M., Stockert, C. M., Khalsa, S. D. S., & Smart, D. R. (2018). Minimum tillage of a cover crop lowers net GWP and sequesters soil carbon in a California vineyard. Soil and Tillage Research, 175, 244-254.",http://doi.org/10.1016/j.still.2017.06.003,4,38.4319444444444,-122.413333333333,2010.0,Perennial horticultural cropland (Orchard/Vineyard),cash crop = Grape(vineyard),Barley,non-legume,Grape(vineyard),UPLAND/DRYLAND,29.43,0.77782,32.21,1.01823,,mt ha−1 yr−1,ct,incorporated,9.776009282,g/kg,0.32,0.3,0.1212,0.1212,kg ha−1 yr−1,,,,-0.45,-0.38,1.5762,0.8487,kg ha−1 yr−1,y,USA,Trail,California,UC Davis Oakville Research Station in Napa Valley,,Loam,709.0,15.0375003814999,,,,,,141.0,,,,,herbicide_glyphosate ,,,,,,,perennial,,3,0.01,,9.776009282,g/kg,,,,irrigated,,1.464,,,5.6,,,,,,,,,,,,,12.343446063131312,,,
319,376,90,"Preza-Fontes, G., Christianson, L. E., Greer, K., Bhattarai, R., & Pittelkow, C. M. (2022). In-season split nitrogen application and cover cropping effects on nitrous oxide emissions in rainfed maize. Agriculture, Ecosystems & Environment, 326, 107813.",,4,39.4488888888889,-89.1119444444444,,Temperate upland annual cropland,USA temperate arable (corn-soybean-wheat belt),,non-legume,,,,,,,,,,,,,21.3714,13.9857,7.6817,5.027,,,,,,,,,,,USA,,,,,,,,,,,,,,,,,,,,,,,,,,,3,0.01,,,,,,,,,,,,,,,,,,,,,,,,,,,,
320,377,90,"Preza-Fontes, G., Christianson, L. E., Greer, K., Bhattarai, R., & Pittelkow, C. M. (2022). In-season split nitrogen application and cover cropping effects on nitrous oxide emissions in rainfed maize. Agriculture, Ecosystems & Environment, 326, 107813.",,4,39.4488888888889,-89.1119444444444,,Temperate upland annual cropland,USA temperate arable (corn-soybean-wheat belt),,non-legume,,,,,,,,,,,,,18.3857,14.9286,6.6085,5.3659,,,,,,,,,,,USA,,,,,,,,,,,,,,,,,,,,,,,,,,,3,0.01,,,,,,,,,,,,,,,,,,,,,,,,,,,,
321,378,90,"Preza-Fontes, G., Christianson, L. E., Greer, K., Bhattarai, R., & Pittelkow, C. M. (2022). In-season split nitrogen application and cover cropping effects on nitrous oxide emissions in rainfed maize. Agriculture, Ecosystems & Environment, 326, 107813.",,4,39.4488888888889,-89.1119444444444,,Temperate upland annual cropland,USA temperate arable (corn-soybean-wheat belt),,non-legume,,,,,,,,,,,,,19.0143,15.7143,6.8344,5.6483,,,,,,,,,,,USA,,,,,,,,,,,,,,,,,,,,,,,,,,,3,0.01,,,,,,,,,,,,,,,,,,,,,,,,,,,,
324,426,2,"Li, X., Petersen, S. O., Sørensen, P., & Olesen, J.E. (2015). Effects of contrasting catch crops on nitrogen availability and nitrous oxide emissions in an organic cropping system. Agriculture, Ecosystems and Environment, 199, 382-393.",http://doi.org/10.1016/j.agee.2014.10.016,4,56.5,9.567,,Temperate upland annual cropland,Denmark – Northern European/Canadian temperate arable,,legume,Spring Barley,,,,,,,,,,,,0.3489,0.088,0.1254,0.0316,,no,,,,,,,,y,Denmark,,Aarhus,,,,,,,,,,,,,,,,,,,,,,,,,3,0.01,,,,,,,,,,,,,,,,,,,,,,,,,,,,
325,427,2,"Li, X., Petersen, S. O., Sørensen, P., & Olesen, J.E. (2015). Effects of contrasting catch crops on nitrogen availability and nitrous oxide emissions in an organic cropping system. Agriculture, Ecosystems and Environment, 199, 382-393.",http://doi.org/10.1016/j.agee.2014.10.016,4,56.5,9.567,,Temperate upland annual cropland,Denmark – Northern European/Canadian temperate arable,,mixture,Spring Barley,,,,,,,,,,,,0.4589,0.088,0.1649,0.0316,,,,,,,,,,y,Denmark,,Aarhus,,,,,,,,,,,,,,,,,,,,,,,,,3,0.01,,,,,,,,,,,,,,,,,,,,,,,,,,,,
330,432,2,"Li, X., Petersen, S. O., Sørensen, P., & Olesen, J.E. (2015). Effects of contrasting catch crops on nitrogen availability and nitrous oxide emissions in an organic cropping system. Agriculture, Ecosystems and Environment, 199, 382-393.",http://doi.org/10.1016/j.agee.2014.10.016,4,56.5,9.567,,Temperate upland annual cropland,Denmark – Northern European/Canadian temperate arable,,mixture,Spring Barley,,,,,,,,,,,,0.7166,0.3159,0.2576,0.1135,,,,,,,,,,y,Denmark,,Aarhus,,,,,,,,,,,,,,,,,,,,,,,,,3,0.01,,,,,,,,,,,,,,,,,,,,,,,,,,,,
332,434,2,"Li, X., Petersen, S. O., Sørensen, P., & Olesen, J.E. (2015). Effects of contrasting catch crops on nitrogen availability and nitrous oxide emissions in an organic cropping system. Agriculture, Ecosystems and Environment, 199, 382-393.",http://doi.org/10.1016/j.agee.2014.10.016,4,56.5,9.567,,Temperate upland annual cropland,Denmark – Northern European/Canadian temperate arable,,non-legume,Spring Barley,,,,,,,,,,,,0.6129,0.3159,0.2203,0.1135,,,,,,,,,,y,Denmark,,Aarhus,,,,,,,,,,,,,,,,,,,,,,,,,3,0.01,,,,,,,,,,,,,,,,,,,,,,,,,,,,
333,435,2,"Li, X., Petersen, S. O., Sørensen, P., & Olesen, J.E. (2015). Effects of contrasting catch crops on nitrogen availability and nitrous oxide emissions in an organic cropping system. Agriculture, Ecosystems and Environment, 199, 382-393.",http://doi.org/10.1016/j.agee.2014.10.016,4,56.5,9.567,,Temperate upland annual cropland,Denmark – Northern European/Canadian temperate arable,,non-legume,Spring Barley,,,,,,,,,,,,0.3159,0.3159,0.1135,0.1135,,,,,,,,,,y,Denmark,,Aarhus,,,,,,,,,,,,,,,,,,,,,,,,,3,0.01,,,,,,,,,,,,,,,,,,,,,,,,,,,,
334,436,100,"Singh, N., Abagandura, G. O., & Kumar, S. (2020). Short‐term grazing of cover crops and maize residue impacts on soil greenhouse gas fluxes in two Mollisols. JOURNAL OF ENVIRONMENTAL QUALITY, 49(3), 628-639.",,4,44.343,-96.8041111111111,,Temperate upland annual cropland,USA temperate arable (corn-soybean-wheat belt),,mixture,Corn,UPLAND/DRYLAND,,,,,,,,,,,2.5064,2.0884,0.2546,0.3709,,,,,0.976,0.576,0.5333,0.1467,,,USA,,,,,,,,,,,,,,,,,,,,,,,,,,,3,0.01,,,,,,,,,,,,,,,,,,,,,,,,,,,,
335,437,100,"Singh, N., Abagandura, G. O., & Kumar, S. (2020). Short‐term grazing of cover crops and maize residue impacts on soil greenhouse gas fluxes in two Mollisols. JOURNAL OF ENVIRONMENTAL QUALITY, 49(3), 628-639.",,4,44.343,-96.8041111111111,,Temperate upland annual cropland,USA temperate arable (corn-soybean-wheat belt),,mixture,Corn,UPLAND/DRYLAND,,,,,,,,,,,3.4556,2.0884,0.1917,0.3709,,,,,1.1653,0.576,0.1333,0.1467,,,USA,,,,,,,,,,,,,,,,,,,,,,,,,,,3,0.01,,,,,,,,,,,,,,,,,,,,,,,,,,,,
336,438,100,"Singh, N., Abagandura, G. O., & Kumar, S. (2020). Short‐term grazing of cover crops and maize residue impacts on soil greenhouse gas fluxes in two Mollisols. JOURNAL OF ENVIRONMENTAL QUALITY, 49(3), 628-639.",,4,44.3373611111111,-96.808,,Temperate upland annual cropland,USA temperate arable (corn-soybean-wheat belt),,mixture,Corn,UPLAND/DRYLAND,,,,,,,,,,,3.454,3.7023,0.1037,0.9177,,,,,0.7467,1.0413,0.552,0.1067,,,USA,,,,,,,,,,,,,,,,,,,,,,,,,,,3,0.01,,,,,,,,,,,,,,,,,,,,,,,,,,,,
337,439,100,"Singh, N., Abagandura, G. O., & Kumar, S. (2020). Short‐term grazing of cover crops and maize residue impacts on soil greenhouse gas fluxes in two Mollisols. JOURNAL OF ENVIRONMENTAL QUALITY, 49(3), 628-639.",,4,44.3373611111111,-96.808,,Temperate upland annual cropland,USA temperate arable (corn-soybean-wheat belt),,mixture,Corn,UPLAND/DRYLAND,,,,,,,,,,,3.4241,3.7023,0.1131,0.9177,,,,,1.4293,1.0413,0.0907,0.1067,,,USA,,,,,,,,,,,,,,,,,,,,,,,,,,,3,0.01,,,,,,,,,,,,,,,,,,,,,,,,,,,,
338,440,9,"Kim, S.Y., Lee, C.H., Gutierrez, J., Kim, P.J., 2013. Contribution of winter cover crop amendments on global warming potential in rice paddy soil during cultivation. Plant and Soil 366, 273-286.",https://doi.org/10.1007/s11104-012-1403-4,4,35.1490277777778,128.43,,"Flooded paddy cropland (tropical–subtropical, Oryza sativa L. double/single season)",South Korea paddy rice system,Rye,non-legume,Paddy Rice,PADDY/FLOODED,,,,,,,,,,,2.303,2.5152,0.8182,1.8182,,,,,1078.2609,482.6087,139.1304,43.4783,,y,South Korea,,,,,,,,,,,,,,,,,,,,,,,,,,,3,0.01,,,,,,,,,,,,7.4,31.575,mg kg−1,26.85,mg kg−1,,,12.649999999999999,"(%, V V−1)",,21.375,,36Mg ha−1 residue,17.4 (residue),,,
339,441,9,"Kim, S.Y., Lee, C.H., Gutierrez, J., Kim, P.J., 2013. Contribution of winter cover crop amendments on global warming potential in rice paddy soil during cultivation. Plant and Soil 366, 273-286.",https://doi.org/10.1007/s11104-012-1403-4,4,35.1490277777778,128.43,,"Flooded paddy cropland (tropical–subtropical, Oryza sativa L. double/single season)",South Korea paddy rice system,Vetch,legume,Paddy Rice,PADDY/FLOODED,,,,,,,,,,,3.0152,2.5152,0.303,1.8182,,yes,,,778.2609,482.6087,13.0435,43.4783,,y,South Korea,,,,,,,,,,,,,,,,,,,,,,,,,,,3,0.01,,,,,,,,,,,,7.4,31.650000000000002,mg kg−1,30.150000000000002,mg kg−1,,,16.65,"(%, V V−1)",,23.725,,36Mg ha−1 residue,17.4 (residue),,,
340,442,50,"Behnke, G. D., & Villamil, M. B. (2019). Cover crop rotations affect greenhouse gas emissions and crop production in Illinois, USA. Field Crops Research, 241, 107580.",,4,40.1036111111111,-88.3869444444444,,Temperate upland annual cropland,USA temperate arable (corn-soybean-wheat belt),,non-legume,Corn,UPLAND/DRYLAND,,,,,,,,,,,1.3043,0.99,0.4688,0.3558,,,,,1.7333,1.64,0.7442,0.7041,,,USA,,,,,,,,,,,,,,,,,,,,,,,,,,,3,0.01,,,,,,,,,,,,,,,,,,,,,,,,,,,,
341,443,50,"Behnke, G. D., & Villamil, M. B. (2019). Cover crop rotations affect greenhouse gas emissions and crop production in Illinois, USA. Field Crops Research, 241, 107580.",,4,40.1036111111111,-88.3869444444444,,Temperate upland annual cropland,USA temperate arable (corn-soybean-wheat belt),,legume,Corn,UPLAND/DRYLAND,,,,,,,,,,,1.0843,0.99,0.3897,0.3558,,yes,,,1.6533,1.64,0.7099,0.7041,,,USA,,,,,,,,,,,,,,,,,,,,,,,,,,,3,0.01,,,,,,,,,,,,,,,,,,,,,,,,,,,,
342,444,50,"Behnke, G. D., & Villamil, M. B. (2019). Cover crop rotations affect greenhouse gas emissions and crop production in Illinois, USA. Field Crops Research, 241, 107580.",,4,40.1036111111111,-88.3869444444444,,Temperate upland annual cropland,USA temperate arable (corn-soybean-wheat belt),,non-legume,Corn,UPLAND/DRYLAND,,,,,,,,,,,0.99,0.99,0.3558,0.3558,,,,,2.28,1.64,0.9789,0.7041,,,USA,,,,,,,,,,,,,,,,,,,,,,,,,,,3,0.01,,,,,,,,,,,,,,,,,,,,,,,,,,,,
343,445,50,"Behnke, G. D., & Villamil, M. B. (2019). Cover crop rotations affect greenhouse gas emissions and crop production in Illinois, USA. Field Crops Research, 241, 107580.",,4,40.1036111111111,-88.3869444444444,,Temperate upland annual cropland,USA temperate arable (corn-soybean-wheat belt),,non-legume,Corn,UPLAND/DRYLAND,,,,,,,,,,,1.1786,0.99,0.4236,0.3558,,,,,1.5067,1.64,0.6469,0.7041,,,USA,,,,,,,,,,,,,,,,,,,,,,,,,,,3,0.01,,,,,,,,,,,,,,,,,,,,,,,,,,,,
344,446,50,"Behnke, G. D., & Villamil, M. B. (2019). Cover crop rotations affect greenhouse gas emissions and crop production in Illinois, USA. Field Crops Research, 241, 107580.",,4,40.1036111111111,-88.3869444444444,,Temperate upland annual cropland,USA temperate arable (corn-soybean-wheat belt),,legume,Corn,UPLAND/DRYLAND,,,,,,,,,,,1.2886,0.99,0.4632,0.3558,,yes,,,2.2933,1.64,0.9847,0.7041,,,USA,,,,,,,,,,,,,,,,,,,,,,,,,,,3,0.01,,,,,,,,,,,,,,,,,,,,,,,,,,,,
357,459,105,"Wen, Y., Zang, H., Freeman, B., Ma, Q., Chadwick, D. R., & Jones, D. L. (2019). Rye cover crop incorporation and high watertable mitigate greenhouse gas emissions in cultivated peatland. Land degradation & development, 30(16), 1928-1938.",,4,52.5166666666667,0.383333333333333,,Temperate upland annual cropland,United Kingdom – Northern European/Canadian temperate arable,,legume,Vegetables & Wheat,UPLAND/DRYLAND,,,,,,,,,,,177.5168,1.3423,129.5302,0.6711,,,,,2.0,0.4,0.8,0.0,,,United Kingdom,,,,,,,,,,,,,,,,,,,,,,,,,,,3,0.01,,,,,,,,,,,,,,,,,,,,,,,,,,,,
358,460,105,"Wen, Y., Zang, H., Freeman, B., Ma, Q., Chadwick, D. R., & Jones, D. L. (2019). Rye cover crop incorporation and high watertable mitigate greenhouse gas emissions in cultivated peatland. Land degradation & development, 30(16), 1928-1938.",,4,52.5166666666667,0.383333333333333,,Temperate upland annual cropland,United Kingdom – Northern European/Canadian temperate arable,,legume,Vegetables & Wheat,UPLAND/DRYLAND,,,,,,,,,,,694.2953,6.7114,454.3624,9.396,,,,,3.2,0.4,1.6,0.0,,,United Kingdom,,,,,,,,,,,,,,,,,,,,,,,,,,,3,0.01,,,,,,,,,,,,,,,,,,,,,,,,,,,,
359,461,105,"Wen, Y., Zang, H., Freeman, B., Ma, Q., Chadwick, D. R., & Jones, D. L. (2019). Rye cover crop incorporation and high watertable mitigate greenhouse gas emissions in cultivated peatland. Land degradation & development, 30(16), 1928-1938.",,4,52.5166666666667,0.383333333333333,,Temperate upland annual cropland,United Kingdom – Northern European/Canadian temperate arable,,non-legume,Vegetables & Wheat,UPLAND/DRYLAND,,,,,,,,,,,1.3423,1.3423,0.6711,0.6711,,,,,0.8,0.4,0.8,0.0,,,United Kingdom,,,,,,,,,,,,,,,,,,,,,,,,,,,3,0.01,,,,,,,,,,,,,,,,,,,,,,,,,,,,
360,462,105,"Wen, Y., Zang, H., Freeman, B., Ma, Q., Chadwick, D. R., & Jones, D. L. (2019). Rye cover crop incorporation and high watertable mitigate greenhouse gas emissions in cultivated peatland. Land degradation & development, 30(16), 1928-1938.",,4,52.5166666666667,0.383333333333333,,Temperate upland annual cropland,United Kingdom – Northern European/Canadian temperate arable,,non-legume,Vegetables & Wheat,UPLAND/DRYLAND,,,,,,,,,,,2.349,6.7114,2.0134,9.396,,,,,0.4,0.4,0.8,0.0,,,United Kingdom,,,,,,,,,,,,,,,,,,,,,,,,,,,3,0.01,,,,,,,,,,,,,,,,,,,,,,,,,,,,
361,475,78,"Lee, J., Chae, H. G., Kim, G. W., Kim, P. J., & Cho, S. R. (2022). Cover cropping and its biomass incorporation: Not enough to compensate the negative impact of plastic film mulching on global warming. Science of the Total Environment, 807, 151015.",,4,36.8333333333333,128.433333333333,,Temperate upland annual cropland,South Korea upland corn rotation (temperate),,mixture,Corn,UPLAND/DRYLAND,,,,,,,,,,,2.7,2.3,0.9705,0.8267,,,,,-1.0,-0.5,0.4294,0.2147,,,South Korea,,,,,,,,,,,,,,,,,,,,,,,,,,,3,0.01,,,,,,,,,,,,,,,,,,,,,,,,,,,,
362,476,78,"Lee, J., Chae, H. G., Kim, G. W., Kim, P. J., & Cho, S. R. (2022). Cover cropping and its biomass incorporation: Not enough to compensate the negative impact of plastic film mulching on global warming. Science of the Total Environment, 807, 151015.",,4,36.8333333333333,128.433333333333,,Temperate upland annual cropland,South Korea upland corn rotation (temperate),,mixture,Corn,UPLAND/DRYLAND,,,,,,,,,,,3.0,2.3,1.0783,0.8267,,,,,-1.5,-0.5,0.644,0.2147,,,South Korea,,,,,,,,,,,,,,,,,,,,,,,,,,,3,0.01,,,,,,,,,,,,,,,,,,,,,,,,,,,,
363,477,78,"Lee, J., Chae, H. G., Kim, G. W., Kim, P. J., & Cho, S. R. (2022). Cover cropping and its biomass incorporation: Not enough to compensate the negative impact of plastic film mulching on global warming. Science of the Total Environment, 807, 151015.",,4,36.8333333333333,128.433333333333,,Temperate upland annual cropland,South Korea upland corn rotation (temperate),,mixture,Corn,UPLAND/DRYLAND,,,,,,,,,,,4.1,2.3,1.4737,0.8267,,,,,-1.6,-0.5,0.687,0.2147,,,South Korea,,,,,,,,,,,,,,,,,,,,,,,,,,,3,0.01,,,,,,,,,,,,,,,,,,,,,,,,,,,,
364,478,78,"Lee, J., Chae, H. G., Kim, G. W., Kim, P. J., & Cho, S. R. (2022). Cover cropping and its biomass incorporation: Not enough to compensate the negative impact of plastic film mulching on global warming. Science of the Total Environment, 807, 151015.",,4,36.8333333333333,128.433333333333,,Temperate upland annual cropland,South Korea upland corn rotation (temperate),,mixture,Corn,UPLAND/DRYLAND,,,,,,,,,,,4.3,3.7,1.5456,1.3299,,,,,1.2,0.5,0.5152,0.2147,,,South Korea,,,,,,,,,,,,,,,,,,,,,,,,,,,3,0.01,,,,,,,,,,,,,,,,,,,,,,,,,,,,
365,479,78,"Lee, J., Chae, H. G., Kim, G. W., Kim, P. J., & Cho, S. R. (2022). Cover cropping and its biomass incorporation: Not enough to compensate the negative impact of plastic film mulching on global warming. Science of the Total Environment, 807, 151015.",,4,36.8333333333333,128.433333333333,,Temperate upland annual cropland,South Korea upland corn rotation (temperate),,mixture,Corn,UPLAND/DRYLAND,,,,,,,,,,,4.8,3.7,1.7253,1.3299,,,,,0.9,0.5,0.3864,0.2147,,,South Korea,,,,,,,,,,,,,,,,,,,,,,,,,,,3,0.01,,,,,,,,,,,,,,,,,,,,,,,,,,,,
366,480,78,"Lee, J., Chae, H. G., Kim, G. W., Kim, P. J., & Cho, S. R. (2022). Cover cropping and its biomass incorporation: Not enough to compensate the negative impact of plastic film mulching on global warming. Science of the Total Environment, 807, 151015.",,4,36.8333333333333,128.433333333333,,Temperate upland annual cropland,South Korea upland corn rotation (temperate),,mixture,Corn,UPLAND/DRYLAND,,,,,,,,,,,5.6,3.7,2.0128,1.3299,,,,,1.7,0.5,0.7299,0.2147,,,South Korea,,,,,,,,,,,,,,,,,,,,,,,,,,,3,0.01,,,,,,,,,,,,,,,,,,,,,,,,,,,,
367,481,78,"Lee, J., Chae, H. G., Kim, G. W., Kim, P. J., & Cho, S. R. (2022). Cover cropping and its biomass incorporation: Not enough to compensate the negative impact of plastic film mulching on global warming. Science of the Total Environment, 807, 151015.",,4,36.8333333333333,128.433333333333,,"Flooded paddy cropland (tropical–subtropical, Oryza sativa L. double/single season)",South Korea – paddy context (no cash crop info),,mixture,,,,,,,,,,,,,2.7,2.3,0.9705,0.8267,,,,,,,,,,,South Korea,,,,,,,,,,,,,,,,,,,,,,,,,,,3,0.01,,,,,,,,,,,,,,,,,,,,,,,,,,,,
368,482,78,"Lee, J., Chae, H. G., Kim, G. W., Kim, P. J., & Cho, S. R. (2022). Cover cropping and its biomass incorporation: Not enough to compensate the negative impact of plastic film mulching on global warming. Science of the Total Environment, 807, 151015.",,4,36.8333333333333,128.433333333333,,Temperate upland annual cropland,South Korea upland corn rotation (temperate),,mixture,Corn,UPLAND/DRYLAND,,,,,,,,,,,3.0,2.3,1.0783,0.8267,,,,,-2.2,-0.1,0.9446,0.0429,,,South Korea,,,,,,,,,,,,,,,,,,,,,,,,,,,3,0.01,,,,,,,,,,,,,,,,,,,,,,,,,,,,
369,483,78,"Lee, J., Chae, H. G., Kim, G. W., Kim, P. J., & Cho, S. R. (2022). Cover cropping and its biomass incorporation: Not enough to compensate the negative impact of plastic film mulching on global warming. Science of the Total Environment, 807, 151015.",,4,36.8333333333333,128.433333333333,,Temperate upland annual cropland,South Korea upland corn rotation (temperate),,mixture,Corn,UPLAND/DRYLAND,,,,,,,,,,,4.1,2.3,1.4737,0.8267,,,,,-4.0,-0.1,1.7174,0.0429,,,South Korea,,,,,,,,,,,,,,,,,,,,,,,,,,,3,0.01,,,,,,,,,,,,,,,,,,,,,,,,,,,,
370,484,78,"Lee, J., Chae, H. G., Kim, G. W., Kim, P. J., & Cho, S. R. (2022). Cover cropping and its biomass incorporation: Not enough to compensate the negative impact of plastic film mulching on global warming. Science of the Total Environment, 807, 151015.",,4,36.8333333333333,128.433333333333,,Temperate upland annual cropland,South Korea upland corn rotation (temperate),,mixture,Corn,UPLAND/DRYLAND,,,,,,,,,,,3.3,2.4,1.1861,0.8626,,,,,1.2,0.5,0.5152,0.2147,,,South Korea,,,,,,,,,,,,,,,,,,,,,,,,,,,3,0.01,,,,,,,,,,,,,,,,,,,,,,,,,,,,
371,485,78,"Lee, J., Chae, H. G., Kim, G. W., Kim, P. J., & Cho, S. R. (2022). Cover cropping and its biomass incorporation: Not enough to compensate the negative impact of plastic film mulching on global warming. Science of the Total Environment, 807, 151015.",,4,36.8333333333333,128.433333333333,,Temperate upland annual cropland,South Korea upland corn rotation (temperate),,mixture,Corn,UPLAND/DRYLAND,,,,,,,,,,,3.9,2.4,1.4018,0.8626,,,,,2.3,0.5,0.9875,0.2147,,,South Korea,,,,,,,,,,,,,,,,,,,,,,,,,,,3,0.01,,,,,,,,,,,,,,,,,,,,,,,,,,,,
372,486,78,"Lee, J., Chae, H. G., Kim, G. W., Kim, P. J., & Cho, S. R. (2022). Cover cropping and its biomass incorporation: Not enough to compensate the negative impact of plastic film mulching on global warming. Science of the Total Environment, 807, 151015.",,4,36.8333333333333,128.433333333333,,Temperate upland annual cropland,South Korea upland corn rotation (temperate),,mixture,Corn,UPLAND/DRYLAND,,,,,,,,,,,4.6,2.4,1.6534,0.8626,,,,,1.4,0.5,0.6011,0.2147,,,South Korea,,,,,,,,,,,,,,,,,,,,,,,,,,,3,0.01,,,,,,,,,,,,,,,,,,,,,,,,,,,,
373,493,77,"Lee, H. H., Kim, S. U., Han, H. R., Owens, V. N., Kumar, S., & Hong, C. O. (2021). Mitigation of global warming potential and greenhouse gas intensity in arable soil with green manure as source of nitrogen. Environmental Pollution, 288, 117724.",,4,35.4497777777778,128.808555555556,,Temperate upland annual cropland,South Korea upland corn rotation (temperate),,non-legume,Corn,UPLAND/DRYLAND,,,,,,,,,,,4.13,7.15,1.4845,2.57,,,,,17.4,14.4,7.4708,6.1827,,,South Korea,,,,,,,,,,,,,,,,,,,,,,,,,,,3,0.01,,,,,,,,,,,,,,,,,,,,,,,,,,,,
374,494,77,"Lee, H. H., Kim, S. U., Han, H. R., Owens, V. N., Kumar, S., & Hong, C. O. (2021). Mitigation of global warming potential and greenhouse gas intensity in arable soil with green manure as source of nitrogen. Environmental Pollution, 288, 117724.",,4,35.4497777777778,128.808555555556,,Temperate upland annual cropland,South Korea upland corn rotation (temperate),,legume,Corn,UPLAND/DRYLAND,,,,,,,,,,,5.39,7.15,1.9374,2.57,,,,,16.7,14.4,7.1702,6.1827,,,South Korea,,,,,,,,,,,,,,,,,,,,,,,,,,,3,0.01,,,,,,,,,,,,,,,,,,,,,,,,,,,,
375,495,77,"Lee, H. H., Kim, S. U., Han, H. R., Owens, V. N., Kumar, S., & Hong, C. O. (2021). Mitigation of global warming potential and greenhouse gas intensity in arable soil with green manure as source of nitrogen. Environmental Pollution, 288, 117724.",,4,35.4497777777778,128.808555555556,,Temperate upland annual cropland,South Korea upland corn rotation (temperate),,mixture,Corn,UPLAND/DRYLAND,,,,,,,,,,,4.6,7.15,1.6534,2.57,,,,,16.5,14.4,7.0844,6.1827,,,South Korea,,,,,,,,,,,,,,,,,,,,,,,,,,,3,0.01,,,,,,,,,,,,,,,,,,,,,,,,,,,,
376,496,77,"Lee, H. H., Kim, S. U., Han, H. R., Owens, V. N., Kumar, S., & Hong, C. O. (2021). Mitigation of global warming potential and greenhouse gas intensity in arable soil with green manure as source of nitrogen. Environmental Pollution, 288, 117724.",,4,35.4497777777778,128.808555555556,,Temperate upland annual cropland,South Korea upland corn rotation (temperate),,non-legume,Corn,UPLAND/DRYLAND,,,,,,,,,,,4.4,5.44,1.5815,1.9553,,,,,13.7,13.8,5.8822,5.9251,,,South Korea,,,,,,,,,,,,,,,,,,,,,,,,,,,3,0.01,,,,,,,,,,,,,,,,,,,,,,,,,,,,
377,497,77,"Lee, H. H., Kim, S. U., Han, H. R., Owens, V. N., Kumar, S., & Hong, C. O. (2021). Mitigation of global warming potential and greenhouse gas intensity in arable soil with green manure as source of nitrogen. Environmental Pollution, 288, 117724.",,4,35.4497777777778,128.808555555556,,Temperate upland annual cropland,South Korea upland corn rotation (temperate),,legume,Corn,UPLAND/DRYLAND,,,,,,,,,,,5.49,5.44,1.9733,1.9553,,,,,14.1,13.8,6.0539,5.9251,,,South Korea,,,,,,,,,,,,,,,,,,,,,,,,,,,3,0.01,,,,,,,,,,,,,,,,,,,,,,,,,,,,
378,498,77,"Lee, H. H., Kim, S. U., Han, H. R., Owens, V. N., Kumar, S., & Hong, C. O. (2021). Mitigation of global warming potential and greenhouse gas intensity in arable soil with green manure as source of nitrogen. Environmental Pollution, 288, 117724.",,4,35.4497777777778,128.808555555556,,Temperate upland annual cropland,South Korea upland corn rotation (temperate),,mixture,Corn,UPLAND/DRYLAND,,,,,,,,,,,4.24,5.44,1.524,1.9553,,,,,15.6,13.8,6.6979,5.9251,,,South Korea,,,,,,,,,,,,,,,,,,,,,,,,,,,3,0.01,,,,,,,,,,,,,,,,,,,,,,,,,,,,
379,542,126,"Haque, M. M., Kim, S. Y., Kim, G. W., & Kim, P. J. (2015). Optimization of removal and recycling ratio of cover crop biomass using carbon balance to sustain soil organic carbon stocks in a mono-rice paddy system. Agriculture, ecosystems & environment, 207, 119-125.",,4,36.8333333333333,128.433333333333,,"Flooded paddy cropland (tropical–subtropical, Oryza sativa L. double/single season)",South Korea paddy rice system,,mixture,Paddy Rice,PADDY/FLOODED,,,,,,,,,,,,,,,,,,,366.6667,205.3333,157.4304,88.161,,,South Korea,,,,,,,,,,,,,,,,,,,,,,,,,,,3,0.01,,,,,,,,,,,,,,,,,,,,,,,,,,,,
380,543,126,"Haque, M. M., Kim, S. Y., Kim, G. W., & Kim, P. J. (2015). Optimization of removal and recycling ratio of cover crop biomass using carbon balance to sustain soil organic carbon stocks in a mono-rice paddy system. Agriculture, ecosystems & environment, 207, 119-125.",,4,36.8333333333333,128.433333333333,,"Flooded paddy cropland (tropical–subtropical, Oryza sativa L. double/single season)",South Korea paddy rice system,,mixture,Paddy Rice,PADDY/FLOODED,,,,,,,,,,,,,,,,,,,960.0,205.3333,412.1814,88.161,,,South Korea,,,,,,,,,,,,,,,,,,,,,,,,,,,3,0.01,,,,,,,,,,,,,,,,,,,,,,,,,,,,
381,544,126,"Haque, M. M., Kim, S. Y., Kim, G. W., & Kim, P. J. (2015). Optimization of removal and recycling ratio of cover crop biomass using carbon balance to sustain soil organic carbon stocks in a mono-rice paddy system. Agriculture, ecosystems & environment, 207, 119-125.",,4,36.8333333333333,128.433333333333,,"Flooded paddy cropland (tropical–subtropical, Oryza sativa L. double/single season)",South Korea paddy rice system,,mixture,Paddy Rice,PADDY/FLOODED,,,,,,,,,,,,,,,,,,,1268.0,205.3333,544.4229,88.161,,,South Korea,,,,,,,,,,,,,,,,,,,,,,,,,,,3,0.01,,,,,,,,,,,,,,,,,,,,,,,,,,,,
382,545,126,"Haque, M. M., Kim, S. Y., Kim, G. W., & Kim, P. J. (2015). Optimization of removal and recycling ratio of cover crop biomass using carbon balance to sustain soil organic carbon stocks in a mono-rice paddy system. Agriculture, ecosystems & environment, 207, 119-125.",,4,36.8333333333333,128.433333333333,,"Flooded paddy cropland (tropical–subtropical, Oryza sativa L. double/single season)",South Korea paddy rice system,,mixture,Paddy Rice,PADDY/FLOODED,,,,,,,,,,,,,,,,,,,1465.3333,205.3333,629.1491,88.161,,,South Korea,,,,,,,,,,,,,,,,,,,,,,,,,,,3,0.01,,,,,,,,,,,,,,,,,,,,,,,,,,,,
383,550,126,"Haque, M. M., Kim, S. Y., Kim, G. W., & Kim, P. J. (2015). Optimization of removal and recycling ratio of cover crop biomass using carbon balance to sustain soil organic carbon stocks in a mono-rice paddy system. Agriculture, ecosystems & environment, 207, 119-125.",,4,36.8333333333333,128.433333333333,,"Flooded paddy cropland (tropical–subtropical, Oryza sativa L. double/single season)",South Korea paddy rice system,,mixture,Paddy Rice,PADDY/FLOODED,,,,,,,,,,,,,,,,,,,353.3333,213.3333,151.7057,91.5959,,,South Korea,,,,,,,,,,,,,,,,,,,,,,,,,,,3,0.01,,,,,,,,,,,,,,,,,,,,,,,,,,,,
384,551,126,"Haque, M. M., Kim, S. Y., Kim, G. W., & Kim, P. J. (2015). Optimization of removal and recycling ratio of cover crop biomass using carbon balance to sustain soil organic carbon stocks in a mono-rice paddy system. Agriculture, ecosystems & environment, 207, 119-125.",,4,36.8333333333333,128.433333333333,,"Flooded paddy cropland (tropical–subtropical, Oryza sativa L. double/single season)",South Korea paddy rice system,,mixture,Paddy Rice,PADDY/FLOODED,,,,,,,,,,,,,,,,,,,948.0,213.3333,407.0291,91.5959,,,South Korea,,,,,,,,,,,,,,,,,,,,,,,,,,,3,0.01,,,,,,,,,,,,,,,,,,,,,,,,,,,,
385,552,126,"Haque, M. M., Kim, S. Y., Kim, G. W., & Kim, P. J. (2015). Optimization of removal and recycling ratio of cover crop biomass using carbon balance to sustain soil organic carbon stocks in a mono-rice paddy system. Agriculture, ecosystems & environment, 207, 119-125.",,4,36.8333333333333,128.433333333333,,"Flooded paddy cropland (tropical–subtropical, Oryza sativa L. double/single season)",South Korea paddy rice system,,mixture,Paddy Rice,PADDY/FLOODED,,,,,,,,,,,,,,,,,,,1240.0,213.3333,532.401,91.5959,,,South Korea,,,,,,,,,,,,,,,,,,,,,,,,,,,3,0.01,,,,,,,,,,,,,,,,,,,,,,,,,,,,
386,553,126,"Haque, M. M., Kim, S. Y., Kim, G. W., & Kim, P. J. (2015). Optimization of removal and recycling ratio of cover crop biomass using carbon balance to sustain soil organic carbon stocks in a mono-rice paddy system. Agriculture, ecosystems & environment, 207, 119-125.",,4,36.8333333333333,128.433333333333,,"Flooded paddy cropland (tropical–subtropical, Oryza sativa L. double/single season)",South Korea paddy rice system,,mixture,Paddy Rice,PADDY/FLOODED,,,,,,,,,,,,,,,,,,,1432.0,213.3333,614.8372,91.5959,,,South Korea,,,,,,,,,,,,,,,,,,,,,,,,,,,3,0.01,,,,,,,,,,,,,,,,,,,,,,,,,,,,
387,558,47,"Alluvione, F., Bertora, C., Zavattaro, L., & Grignani, C. (2010). Nitrous oxide and carbon dioxide emissions following green manure and compost fertilization in corn. Soil Science Society of America Journal, 74(2), 384-395.",https://doi.org/10.2136/sssaj2009.0093,4,44.8836111111111,7.68611111111111,,Mediterranean–semiarid upland cropland,Italy Mediterranean arable/horticulture,Vetch,legume,Corn,,,,,,,,,,,,0.008,0.0044,0.0029,0.0016,,no,,,,,,,,,Italy,,,,,,,,,,,,,,,,,,,,,,,,,,,3,0.01,,,,,,,,,,,,,,,,,,,,,,,,,,,,
388,559,47,"Alluvione, F., Bertora, C., Zavattaro, L., & Grignani, C. (2010). Nitrous oxide and carbon dioxide emissions following green manure and compost fertilization in corn. Soil Science Society of America Journal, 74(2), 384-395.",https://doi.org/10.2136/sssaj2009.0094,4,44.8836111111111,7.68611111111111,,Mediterranean–semiarid upland cropland,Italy Mediterranean arable/horticulture,Vetch,legume,Corn,,,,,,,,,,,,0.0674,0.0365,0.0242,0.0131,,no,,,,,,,,,Italy,,,,,,,,,,,,,,,,,,,,,,,,,,,3,0.01,,,,,,,,,,,,,,,,,,,,,,,,,,,,
389,560,60,"Foltz, M. E., Kent, A. D., Koloutsou-Vakakis, S., & Zilles, J. L. (2021). Influence of rye cover cropping on denitrification potential and year-round field N2O emissions. Science of the Total Environment, 765, 144295.",,4,40.0488888888889,-88.2361111111111,,Temperate upland annual cropland,USA temperate arable (corn-soybean-wheat belt),,non-legume,,,,,,,,,,,,,1.3055,4.6901,3.1429,4.5451,,,,,,,,,,,USA,,,,,,,,,,,,,,,,,,,,,,,,,,,3,0.01,,,,,,,,,,,,,,,,,,,,,,,,,,,,
390,561,60,"Foltz, M. E., Kent, A. D., Koloutsou-Vakakis, S., & Zilles, J. L. (2021). Influence of rye cover cropping on denitrification potential and year-round field N2O emissions. Science of the Total Environment, 765, 144295.",,4,40.0488888888889,-88.2361111111111,,Temperate upland annual cropland,USA temperate arable (corn-soybean-wheat belt),,non-legume,,,,,,,,,,,,,4.9319,7.2044,1.8374,2.4659,,,,,,,,,,,USA,,,,,,,,,,,,,,,,,,,,,,,,,,,3,0.01,,,,,,,,,,,,,,,,,,,,,,,,,,,,
415,631,62,"Han, Z., Walter, M. T., & Drinkwater, L. E. (2017). Impact of cover cropping and landscape positions on nitrous oxide emissions in northeastern US agroecosystems. Agriculture, Ecosystems & Environment, 245, 124-134.",,4,42.6733333333333,-77.0353333333333,,Temperate upland annual cropland,USA temperate arable (corn-soybean-wheat belt),,legume,,,,,,,,,,,,,5.247,5.0221,0.9954,0.1731,,,,,,,,,,,USA,,,,,,,,,,,,,,,,,,,,,,,,,,,3,0.01,,,,,,,,,,,,,,,,,,,,,,,,,,,,
416,632,62,"Han, Z., Walter, M. T., & Drinkwater, L. E. (2017). Impact of cover cropping and landscape positions on nitrous oxide emissions in northeastern US agroecosystems. Agriculture, Ecosystems & Environment, 245, 124-134.",,4,42.6733333333333,-77.0353333333333,,Temperate upland annual cropland,USA temperate arable (corn-soybean-wheat belt),,legume,,,,,,,,,,,,,4.5224,2.2737,1.4281,0.476,,,,,,,,,,,USA,,,,,,,,,,,,,,,,,,,,,,,,,,,3,0.01,,,,,,,,,,,,,,,,,,,,,,,,,,,,
417,639,112,"Zhou, W., Ma, Q., Wu, L., Hu, R., Jones, D. L., Chadwick, D. R., ... & Chen, Y. (2022). The effect of organic manure or green manure incorporation with reductions in chemical fertilizer on yield-scaled N2O emissions in a citrus orchard. Agriculture, Ecosystems & Environment, 326, 107806.",,4,30.65,111.8,,Mediterranean–semiarid upland cropland,lat=30.65 subtropical/Med zone,,legume,,,,,,,,,,,,,0.1729,0.0629,0.0621,0.0226,,,,,,,,,,,China,,,,,,,,,,,,,,,,,,,,,,,,,,,3,0.01,,,,,,,,,,,,,,,,,,,,,,,9000.0,Mg ha-1,,,,
418,640,112,"Zhou, W., Ma, Q., Wu, L., Hu, R., Jones, D. L., Chadwick, D. R., ... & Chen, Y. (2022). The effect of organic manure or green manure incorporation with reductions in chemical fertilizer on yield-scaled N2O emissions in a citrus orchard. Agriculture, Ecosystems & Environment, 326, 107806.",,4,30.65,111.8,,Mediterranean–semiarid upland cropland,lat=30.65 subtropical/Med zone,,legume,,,,,,,,,,,,,0.2357,0.1257,0.0847,0.0452,,,,,,,,,,,China,,,,,,,,,,,,,,,,,,,,,,,,,,,3,0.01,,,,,,,,,,,,,,,,,,,,,,,,,,,,
419,641,112,"Zhou, W., Ma, Q., Wu, L., Hu, R., Jones, D. L., Chadwick, D. R., ... & Chen, Y. (2022). The effect of organic manure or green manure incorporation with reductions in chemical fertilizer on yield-scaled N2O emissions in a citrus orchard. Agriculture, Ecosystems & Environment, 326, 107806.",,4,30.65,111.8,,Mediterranean–semiarid upland cropland,lat=30.65 subtropical/Med zone,,legume,,,,,,,,,,,,,0.0629,0.1257,0.0226,0.0452,,,,,,,,,,,China,,,,,,,,,,,,,,,,,,,,,,,,,,,3,0.01,,,,,,,,,,,,,,,,,,,,,,,4000.0,Mg ha-1,,,,
420,642,112,"Zhou, W., Ma, Q., Wu, L., Hu, R., Jones, D. L., Chadwick, D. R., ... & Chen, Y. (2022). The effect of organic manure or green manure incorporation with reductions in chemical fertilizer on yield-scaled N2O emissions in a citrus orchard. Agriculture, Ecosystems & Environment, 326, 107806.",,4,30.65,111.8,,Mediterranean–semiarid upland cropland,lat=30.65 subtropical/Med zone,,legume,,,,,,,,,,,,,0.0943,0.1414,0.0339,0.0508,,,,,,,,,,,China,,,,,,,,,,,,,,,,,,,,,,,,,,,3,0.01,,,,,,,,,,,,,,,,,,,,,,,4000.0,Mg ha-1,,,,
421,643,112,"Zhou, W., Ma, Q., Wu, L., Hu, R., Jones, D. L., Chadwick, D. R., ... & Chen, Y. (2022). The effect of organic manure or green manure incorporation with reductions in chemical fertilizer on yield-scaled N2O emissions in a citrus orchard. Agriculture, Ecosystems & Environment, 326, 107806.",,4,30.65,111.8,,Mediterranean–semiarid upland cropland,lat=30.65 subtropical/Med zone,,legume,,,,,,,,,,,,,0.55,0.4871,0.1977,0.1751,,,,,,,,,,,China,,,,,,,,,,,,,,,,,,,,,,,,,,,3,0.01,,,,,,,,,,,,,,,,,,,,,,,,,,,,
422,644,112,"Zhou, W., Ma, Q., Wu, L., Hu, R., Jones, D. L., Chadwick, D. R., ... & Chen, Y. (2022). The effect of organic manure or green manure incorporation with reductions in chemical fertilizer on yield-scaled N2O emissions in a citrus orchard. Agriculture, Ecosystems & Environment, 326, 107806.",,4,30.65,111.8,,Mediterranean–semiarid upland cropland,lat=30.65 subtropical/Med zone,,legume,,,,,,,,,,,,,0.4243,0.5186,0.1525,0.1864,,,,,,,,,,,China,,,,,,,,,,,,,,,,,,,,,,,,,,,3,0.01,,,,,,,,,,,,,,,,,,,,,,,,,,,,
423,645,112,"Zhou, W., Ma, Q., Wu, L., Hu, R., Jones, D. L., Chadwick, D. R., ... & Chen, Y. (2022). The effect of organic manure or green manure incorporation with reductions in chemical fertilizer on yield-scaled N2O emissions in a citrus orchard. Agriculture, Ecosystems & Environment, 326, 107806.",,4,30.65,111.8,,Mediterranean–semiarid upland cropland,lat=30.65 subtropical/Med zone,,legume,,,,,,,,,,,,,0.4243,0.4714,0.1525,0.1694,,,,,,,,,,,China,,,,,,,,,,,,,,,,,,,,,,,,,,,3,0.01,,,,,,,,,,,,,,,,,,,,,,,,,,,,
424,646,112,"Zhou, W., Ma, Q., Wu, L., Hu, R., Jones, D. L., Chadwick, D. R., ... & Chen, Y. (2022). The effect of organic manure or green manure incorporation with reductions in chemical fertilizer on yield-scaled N2O emissions in a citrus orchard. Agriculture, Ecosystems & Environment, 326, 107806.",,4,30.65,111.8,,Mediterranean–semiarid upland cropland,lat=30.65 subtropical/Med zone,,legume,,,,,,,,,,,,,0.55,0.5343,0.1977,0.192,,,,,,,,,,,China,,,,,,,,,,,,,,,,,,,,,,,,,,,3,0.01,,,,,,,,,,,,,,,,,,,,,,,,,,,,
427,649,85,"Olofsson, F., & Ernfors, M. (2022). Frost killed cover crops induced high emissions of nitrous oxide. Science of the Total Environment, 837, 155634.",,4,59.183125,17.635635,,Temperate upland annual cropland,Sweden – Northern European/Canadian temperate arable,,non-legume,,,,,,,,,,,,,3.3614,0.4683,0.5203,0.1873,,,,,,,,,,,Sweden,,,,,,,,,,,,,,,,,,,,,,,,,,,3,0.01,,,,,,,,,,,,,,,,,,,,,,,,,,,,
428,650,85,"Olofsson, F., & Ernfors, M. (2022). Frost killed cover crops induced high emissions of nitrous oxide. Science of the Total Environment, 837, 155634.",,4,59.183125,17.635635,,Temperate upland annual cropland,Sweden – Northern European/Canadian temperate arable,,non-legume,,,,,,,,,,,,,1.5506,0.4683,0.3538,0.1873,,,,,,,,,,,Sweden,,,,,,,,,,,,,,,,,,,,,,,,,,,3,0.01,,,,,,,,,,,,,,,,,,,,,,,,,,,,
429,651,85,"Olofsson, F., & Ernfors, M. (2022). Frost killed cover crops induced high emissions of nitrous oxide. Science of the Total Environment, 837, 155634.",,4,59.183125,17.635635,,Temperate upland annual cropland,Sweden – Northern European/Canadian temperate arable,,non-legume,,,,,,,,,,,,,1.3841,0.4683,0.3746,0.1873,,,,,,,,,,,Sweden,,,,,,,,,,,,,,,,,,,,,,,,,,,3,0.01,,,,,,,,,,,,,,,,,,,,,,,,,,,,
430,652,129,"Reicks, G. W., Clay, D. E., Clay, S. A., Joshi, D. R., Moriles‐Miller, J., Westhoff, S., ... & Bruggeman, S. A. (2021). Winter cereal rye cover crop decreased nitrous oxide emissions during early spring. Agronomy Journal, 113(5), 3900-3909.",,4,44.3057138888889,-96.6705666666667,,Temperate upland annual cropland,USA temperate arable (corn-soybean-wheat belt),,non-legume,,,,,,,,,,,,,0.0053,0.0189,0.0011,0.0033,,,,,,,,,,,USA,,,,,,,,,,,,,,,,,,,,,,,,,,,3,0.01,,,,,,,,,,,,,,,,,,,,,,,,,,,,
431,653,129,"Reicks, G. W., Clay, D. E., Clay, S. A., Joshi, D. R., Moriles‐Miller, J., Westhoff, S., ... & Bruggeman, S. A. (2021). Winter cereal rye cover crop decreased nitrous oxide emissions during early spring. Agronomy Journal, 113(5), 3900-3909.",,4,44.3057138888889,-96.6705666666667,,Temperate upland annual cropland,USA temperate arable (corn-soybean-wheat belt),,non-legume,,,,,,,,,,,,,0.0098,0.0126,0.0022,0.0033,,,,,,,,,,,USA,,,,,,,,,,,,,,,,,,,,,,,,,,,3,0.01,,,,,,,,,,,,,,,,,,,,,,,,,,,,
432,654,129,"Reicks, G. W., Clay, D. E., Clay, S. A., Joshi, D. R., Moriles‐Miller, J., Westhoff, S., ... & Bruggeman, S. A. (2021). Winter cereal rye cover crop decreased nitrous oxide emissions during early spring. Agronomy Journal, 113(5), 3900-3909.",,4,44.3057138888889,-96.6705666666667,,Temperate upland annual cropland,USA temperate arable (corn-soybean-wheat belt),,non-legume,,,,,,,,,,,,,0.0112,0.0223,0.0025,0.0053,,,,,,,,,,,USA,,,,,,,,,,,,,,,,,,,,,,,,,,,3,0.01,,,,,,,,,,,,,,,,,,,,,,,,,,,,
433,655,129,"Reicks, G. W., Clay, D. E., Clay, S. A., Joshi, D. R., Moriles‐Miller, J., Westhoff, S., ... & Bruggeman, S. A. (2021). Winter cereal rye cover crop decreased nitrous oxide emissions during early spring. Agronomy Journal, 113(5), 3900-3909.",,4,44.3057138888889,-96.6705666666667,,Temperate upland annual cropland,USA temperate arable (corn-soybean-wheat belt),,non-legume,,,,,,,,,,,,,0.0043,0.0919,0.0022,0.0193,,,,,,,,,,,USA,,,,,,,,,,,,,,,,,,,,,,,,,,,3,0.01,,,,,,,,,,,,,,,,,,,,,,,,,,,,
434,656,129,"Reicks, G. W., Clay, D. E., Clay, S. A., Joshi, D. R., Moriles‐Miller, J., Westhoff, S., ... & Bruggeman, S. A. (2021). Winter cereal rye cover crop decreased nitrous oxide emissions during early spring. Agronomy Journal, 113(5), 3900-3909.",,4,44.3057138888889,-96.6705666666667,,Temperate upland annual cropland,USA temperate arable (corn-soybean-wheat belt),,non-legume,,,,,,,,,,,,,0.0139,0.0686,0.0076,0.016,,,,,,,,,,,USA,,,,,,,,,,,,,,,,,,,,,,,,,,,3,0.01,,,,,,,,,,,,,,,,,,,,,,,,,,,,
435,657,129,"Reicks, G. W., Clay, D. E., Clay, S. A., Joshi, D. R., Moriles‐Miller, J., Westhoff, S., ... & Bruggeman, S. A. (2021). Winter cereal rye cover crop decreased nitrous oxide emissions during early spring. Agronomy Journal, 113(5), 3900-3909.",,4,44.3057138888889,-96.6705666666667,,Temperate upland annual cropland,USA temperate arable (corn-soybean-wheat belt),,non-legume,,,,,,,,,,,,,0.0076,0.0424,0.0025,0.0028,,,,,,,,,,,USA,,,,,,,,,,,,,,,,,,,,,,,,,,,3,0.01,,,,,,,,,,,,,,,,,,,,,,,,,,,,
442,664,128,"Preza-Fontes, G., Tomlinson, P. J., Roozeboom, K. L., Warren, J., & Ruiz Diaz, D. A. (2020). Nitrogen fertilization offsets the N2O mitigating effects of cover‐crops and double‐crop soybean in a wheat–sorghum system. Agronomy Journal, 112(2), 772-785.",,4,39.1833333333333,-96.5833333333333,,Temperate upland annual cropland,USA temperate arable (corn-soybean-wheat belt),,non-legume,,,,,,,,,,,,,2.3257,1.6971,0.8359,0.61,,,,,,,,,,,USA,,,,,,,,,,,,,,,,,,,,,,,,,,,3,0.01,,,,,,,,,,,,,,,,,,,,,,,,,,,,
443,665,128,"Preza-Fontes, G., Tomlinson, P. J., Roozeboom, K. L., Warren, J., & Ruiz Diaz, D. A. (2020). Nitrogen fertilization offsets the N2O mitigating effects of cover‐crops and double‐crop soybean in a wheat–sorghum system. Agronomy Journal, 112(2), 772-785.",,4,39.1833333333333,-96.5833333333333,,Temperate upland annual cropland,USA temperate arable (corn-soybean-wheat belt),,non-legume,,,,,,,,,,,,,1.8071,1.6971,0.6496,0.61,,,,,,,,,,,USA,,,,,,,,,,,,,,,,,,,,,,,,,,,3,0.01,,,,,,,,,,,,,,,,,,,,,,,,,,,,
444,666,128,"Preza-Fontes, G., Tomlinson, P. J., Roozeboom, K. L., Warren, J., & Ruiz Diaz, D. A. (2020). Nitrogen fertilization offsets the N2O mitigating effects of cover‐crops and double‐crop soybean in a wheat–sorghum system. Agronomy Journal, 112(2), 772-785.",,4,39.1833333333333,-96.5833333333333,,Temperate upland annual cropland,USA temperate arable (corn-soybean-wheat belt),,non-legume,,,,,,,,,,,,,2.5929,1.2414,0.932,0.4462,,,,,,,,,,,USA,,,,,,,,,,,,,,,,,,,,,,,,,,,3,0.01,,,,,,,,,,,,,,,,,,,,,,,,,,,,
445,667,128,"Preza-Fontes, G., Tomlinson, P. J., Roozeboom, K. L., Warren, J., & Ruiz Diaz, D. A. (2020). Nitrogen fertilization offsets the N2O mitigating effects of cover‐crops and double‐crop soybean in a wheat–sorghum system. Agronomy Journal, 112(2), 772-785.",,4,39.1833333333333,-96.5833333333333,,Temperate upland annual cropland,USA temperate arable (corn-soybean-wheat belt),,non-legume,,,,,,,,,,,,,2.0114,1.2414,0.723,0.4462,,,,,,,,,,,USA,,,,,,,,,,,,,,,,,,,,,,,,,,,3,0.01,,,,,,,,,,,,,,,,,,,,,,,,,,,,
447,673,59,"Duan, Y. F., Hallin, S., Jones, C. M., Priemé, A., Labouriau, R., & Petersen, S. O. (2018). Catch crop residues stimulate N2O emissions during spring, without affecting the genetic potential for nitrite and N2O reduction. Frontiers in microbiology, 9, 2629.",,4,56.5,9.56666666666667,,Temperate upland annual cropland,Denmark – Northern European/Canadian temperate arable,,mixture,,,,,,,,,,,,,1.2571,0.3929,0.4519,0.1412,,,,,,,,,,,Denmark,,,,,,,,,,,,,,,,,,,,,,,,,,,3,0.01,,,,,,,,,,,,,,,,,,,,,,,,,,,,
448,674,59,"Duan, Y. F., Hallin, S., Jones, C. M., Priemé, A., Labouriau, R., & Petersen, S. O. (2018). Catch crop residues stimulate N2O emissions during spring, without affecting the genetic potential for nitrite and N2O reduction. Frontiers in microbiology, 9, 2629.",,4,56.5,9.56666666666667,,Temperate upland annual cropland,Denmark – Northern European/Canadian temperate arable,,mixture,,,,,,,,,,,,,1.2414,0.3143,0.4462,0.113,,,,,,,,,,,Denmark,,,,,,,,,,,,,,,,,,,,,,,,,,,3,0.01,,,,,,,,,,,,,,,,,,,,,,,,,,,,
449,675,59,"Duan, Y. F., Hallin, S., Jones, C. M., Priemé, A., Labouriau, R., & Petersen, S. O. (2018). Catch crop residues stimulate N2O emissions during spring, without affecting the genetic potential for nitrite and N2O reduction. Frontiers in microbiology, 9, 2629.",,4,56.5,9.56666666666667,,Temperate upland annual cropland,Denmark – Northern European/Canadian temperate arable,,mixture,,,,,,,,,,,,,1.43,0.2829,0.514,0.1017,,,,,,,,,,,Denmark,,,,,,,,,,,,,,,,,,,,,,,,,,,3,0.01,,,,,,,,,,,,,,,,,,,,,,,,,,,,
450,676,59,"Duan, Y. F., Hallin, S., Jones, C. M., Priemé, A., Labouriau, R., & Petersen, S. O. (2018). Catch crop residues stimulate N2O emissions during spring, without affecting the genetic potential for nitrite and N2O reduction. Frontiers in microbiology, 9, 2629.",,4,56.5,9.56666666666667,,Temperate upland annual cropland,Denmark – Northern European/Canadian temperate arable,,mixture,,,,,,,,,,,,,2.1843,0.44,0.7851,0.1582,,,,,,,,,,,Denmark,,,,,,,,,,,,,,,,,,,,,,,,,,,3,0.01,,,,,,,,,,,,,,,,,,,,,,,,,,,,
463,773,98,"Singh, H., Kandel, T. P., Gowda, P. H., Northup, B. K., Kakani, V. G., & Baath, G. S. (2020). Soil N2O emissions following termination of grass pea and oat cover crop residues with different maturity levels. Journal of Plant Nutrition and Soil Science, 183(6), 734-744.",,4,35.5730555555556,-98.0369444444444,,Temperate upland annual cropland,USA temperate arable (corn-soybean-wheat belt),,legume,,,,,,,,,,,,,3.7823,2.2721,0.377,0.2592,,,,,,,,,,,USA,,,,,,,,,,,,,,,,,,,,,,,,,,,3,0.01,,,,,,,,,,,,,,,,,,,,,,,,,,,,
464,774,98,"Singh, H., Kandel, T. P., Gowda, P. H., Northup, B. K., Kakani, V. G., & Baath, G. S. (2020). Soil N2O emissions following termination of grass pea and oat cover crop residues with different maturity levels. Journal of Plant Nutrition and Soil Science, 183(6), 734-744.",,4,35.5730555555556,-98.0369444444444,,Temperate upland annual cropland,USA temperate arable (corn-soybean-wheat belt),,non-legume,,,,,,,,,,,,,3.483,2.2721,0.8012,0.2592,,,,,,,,,,,USA,,,,,,,,,,,,,,,,,,,,,,,,,,,3,0.01,,,,,,,,,,,,,,,,,,,,,,,,,,,,
465,775,98,"Singh, H., Kandel, T. P., Gowda, P. H., Northup, B. K., Kakani, V. G., & Baath, G. S. (2020). Soil N2O emissions following termination of grass pea and oat cover crop residues with different maturity levels. Journal of Plant Nutrition and Soil Science, 183(6), 734-744.",,4,35.5730555555556,-98.0369444444444,,Temperate upland annual cropland,USA temperate arable (corn-soybean-wheat belt),,legume,,,,,,,,,,,,,4.2857,2.2721,0.6363,0.2592,,,,,,,,,,,USA,,,,,,,,,,,,,,,,,,,,,,,,,,,3,0.01,,,,,,,,,,,,,,,,,,,,,,,,,,,,
466,776,98,"Singh, H., Kandel, T. P., Gowda, P. H., Northup, B. K., Kakani, V. G., & Baath, G. S. (2020). Soil N2O emissions following termination of grass pea and oat cover crop residues with different maturity levels. Journal of Plant Nutrition and Soil Science, 183(6), 734-744.",,4,35.5730555555556,-98.0369444444444,,Temperate upland annual cropland,USA temperate arable (corn-soybean-wheat belt),,non-legume,,,,,,,,,,,,,4.1905,2.2721,1.5317,0.2592,,,,,,,,,,,USA,,,,,,,,,,,,,,,,,,,,,,,,,,,3,0.01,,,,,,,,,,,,,,,,,,,,,,,,,,,,
467,849,58,"Davis, B. W., Mirsky, S. B., Needelman, B. A., Cavigelli, M. A., & Yarwood, S. A. (2019). Nitrous oxide emissions increase exponentially with organic N rate from cover crops and applied poultry litter. Agriculture, Ecosystems & Environment, 272, 165-174.",,4,39.018,-76.943,,Temperate upland annual cropland,USA temperate arable (corn-soybean-wheat belt),,non-legume,,,,,,,,,,,,,4.1313,5.5507,1.0536,1.4048,,,,,,,,,,,USA,,,,,,,,,,,,,,,,,,,,,,,,,,,3,0.01,,,,,,,,,,,,,,,,,,,,,,,,,,,,
468,850,58,"Davis, B. W., Mirsky, S. B., Needelman, B. A., Cavigelli, M. A., & Yarwood, S. A. (2019). Nitrous oxide emissions increase exponentially with organic N rate from cover crops and applied poultry litter. Agriculture, Ecosystems & Environment, 272, 165-174.",,4,39.018,-76.943,,Temperate upland annual cropland,USA temperate arable (corn-soybean-wheat belt),,legume,,,,,,,,,,,,,7.629,5.5507,1.8877,1.4048,,no,,,,,,,,,USA,,,,,,,,,,,,,,,,,,,,,,,,,,,3,0.01,,,,,,,,,,,,,,,,,,,,,,,,,,,,
469,851,58,"Davis, B. W., Mirsky, S. B., Needelman, B. A., Cavigelli, M. A., & Yarwood, S. A. (2019). Nitrous oxide emissions increase exponentially with organic N rate from cover crops and applied poultry litter. Agriculture, Ecosystems & Environment, 272, 165-174.",,4,39.018,-76.943,,Temperate upland annual cropland,USA temperate arable (corn-soybean-wheat belt),,mixture,,,,,,,,,,,,,11.1267,5.5507,2.8096,1.4048,,,,,,,,,,,USA,,,,,,,,,,,,,,,,,,,,,,,,,,,3,0.01,,,,,,,,,,,,,,,,,,,,,,,,,,,,
470,852,58,"Davis, B. W., Mirsky, S. B., Needelman, B. A., Cavigelli, M. A., & Yarwood, S. A. (2019). Nitrous oxide emissions increase exponentially with organic N rate from cover crops and applied poultry litter. Agriculture, Ecosystems & Environment, 272, 165-174.",,4,39.018,-76.943,,Temperate upland annual cropland,USA temperate arable (corn-soybean-wheat belt),,non-legume,,,,,,,,,,,,,3.9539,4.841,1.1414,1.6243,,,,,,,,,,,USA,,,,,,,,,,,,,,,,,,,,,,,,,,,3,0.01,,,,,,,,,,,,,,,,,,,,,,,,,,,,
471,853,58,"Davis, B. W., Mirsky, S. B., Needelman, B. A., Cavigelli, M. A., & Yarwood, S. A. (2019). Nitrous oxide emissions increase exponentially with organic N rate from cover crops and applied poultry litter. Agriculture, Ecosystems & Environment, 272, 165-174.",,4,39.018,-76.943,,Temperate upland annual cropland,USA temperate arable (corn-soybean-wheat belt),,legume,,,,,,,,,,,,,4.7903,4.841,1.4048,1.6243,,no,,,,,,,,,USA,,,,,,,,,,,,,,,,,,,,,,,,,,,3,0.01,,,,,,,,,,,,,,,,,,,,,,,,,,,,
472,854,58,"Davis, B. W., Mirsky, S. B., Needelman, B. A., Cavigelli, M. A., & Yarwood, S. A. (2019). Nitrous oxide emissions increase exponentially with organic N rate from cover crops and applied poultry litter. Agriculture, Ecosystems & Environment, 272, 165-174.",,4,39.018,-76.943,,Temperate upland annual cropland,USA temperate arable (corn-soybean-wheat belt),,mixture,,,,,,,,,,,,,6.3364,4.841,1.8438,1.6243,,,,,,,,,,,USA,,,,,,,,,,,,,,,,,,,,,,,,,,,3,0.01,,,,,,,,,,,,,,,,,,,,,,,,,,,,
473,855,58,"Davis, B. W., Mirsky, S. B., Needelman, B. A., Cavigelli, M. A., & Yarwood, S. A. (2019). Nitrous oxide emissions increase exponentially with organic N rate from cover crops and applied poultry litter. Agriculture, Ecosystems & Environment, 272, 165-174.",,4,39.018,-76.943,,Temperate upland annual cropland,USA temperate arable (corn-soybean-wheat belt),,non-legume,,,,,,,,,,,,,7.0252,8.3986,1.8298,2.1957,,,,,,,,,,,USA,,,,,,,,,,,,,,,,,,,,,,,,,,,3,0.01,,,,,,,,,,,,,,,,,,,,,,,,,,,,
474,856,58,"Davis, B. W., Mirsky, S. B., Needelman, B. A., Cavigelli, M. A., & Yarwood, S. A. (2019). Nitrous oxide emissions increase exponentially with organic N rate from cover crops and applied poultry litter. Agriculture, Ecosystems & Environment, 272, 165-174.",,4,39.018,-76.943,,Temperate upland annual cropland,USA temperate arable (corn-soybean-wheat belt),,legume,,,,,,,,,,,,,11.3565,8.3986,2.8362,2.1957,,no,,,,,,,,,USA,,,,,,,,,,,,,,,,,,,,,,,,,,,3,0.01,,,,,,,,,,,,,,,,,,,,,,,,,,,,
475,857,58,"Davis, B. W., Mirsky, S. B., Needelman, B. A., Cavigelli, M. A., & Yarwood, S. A. (2019). Nitrous oxide emissions increase exponentially with organic N rate from cover crops and applied poultry litter. Agriculture, Ecosystems & Environment, 272, 165-174.",,4,39.018,-76.943,,Temperate upland annual cropland,USA temperate arable (corn-soybean-wheat belt),,mixture,,,,,,,,,,,,,14.7371,8.3986,3.6596,2.1957,,,,,,,,,,,USA,,,,,,,,,,,,,,,,,,,,,,,,,,,3,0.01,,,,,,,,,,,,,,,,,,,,,,,,,,,,
476,858,58,"Davis, B. W., Mirsky, S. B., Needelman, B. A., Cavigelli, M. A., & Yarwood, S. A. (2019). Nitrous oxide emissions increase exponentially with organic N rate from cover crops and applied poultry litter. Agriculture, Ecosystems & Environment, 272, 165-174.",,4,39.018,-76.943,,Temperate upland annual cropland,USA temperate arable (corn-soybean-wheat belt),,non-legume,,,,,,,,,,,,,8.2401,5.8103,3.4766,2.3787,,,,,,,,,,,USA,,,,,,,,,,,,,,,,,,,,,,,,,,,3,0.01,,,,,,,,,,,,,,,,,,,,,,,,,,,,
477,859,58,"Davis, B. W., Mirsky, S. B., Needelman, B. A., Cavigelli, M. A., & Yarwood, S. A. (2019). Nitrous oxide emissions increase exponentially with organic N rate from cover crops and applied poultry litter. Agriculture, Ecosystems & Environment, 272, 165-174.",,4,39.018,-76.943,,Temperate upland annual cropland,USA temperate arable (corn-soybean-wheat belt),,legume,,,,,,,,,,,,,17.2197,5.8103,5.6723,2.3787,,no,,,,,,,,,USA,,,,,,,,,,,,,,,,,,,,,,,,,,,3,0.01,,,,,,,,,,,,,,,,,,,,,,,,,,,,
478,860,58,"Davis, B. W., Mirsky, S. B., Needelman, B. A., Cavigelli, M. A., & Yarwood, S. A. (2019). Nitrous oxide emissions increase exponentially with organic N rate from cover crops and applied poultry litter. Agriculture, Ecosystems & Environment, 272, 165-174.",,4,39.018,-76.943,,Temperate upland annual cropland,USA temperate arable (corn-soybean-wheat belt),,mixture,,,,,,,,,,,,,19.491,5.8103,8.1425,2.3787,,,,,,,,,,,USA,,,,,,,,,,,,,,,,,,,,,,,,,,,3,0.01,,,,,,,,,,,,,,,,,,,,,,,,,,,,
479,895,76,"Lee, C. H., Kim, S. Y., Villamil, M. B., Pramanik, P., Hong, C. O., & Kim, P. J. (2012). Different response of silicate fertilizer having electron acceptors on methane emission in rice paddy soil under green manuring. Biology and Fertility of Soils, 48, 435-442.",,4,35.1490277777778,128.096333333333,,"Flooded paddy cropland (tropical–subtropical, Oryza sativa L. double/single season)",South Korea paddy rice system,,legume,Paddy Rice,PADDY/FLOODED,,,,,,,,,,,,,,,,yes,,,518.5185,453.7037,64.15,16.0375,,,South Korea,,,,,,,,,,,,,,,,,,,,,,,,,,,3,0.01,,,,,,,,,,,,,,,,,,,,,,,6398.0,,34,2.57,,
480,896,76,"Lee, C. H., Kim, S. Y., Villamil, M. B., Pramanik, P., Hong, C. O., & Kim, P. J. (2012). Different response of silicate fertilizer having electron acceptors on methane emission in rice paddy soil under green manuring. Biology and Fertility of Soils, 48, 435-442.",,4,35.1490277777778,128.096333333333,,"Flooded paddy cropland (tropical–subtropical, Oryza sativa L. double/single season)",South Korea paddy rice system,,legume,Paddy Rice,PADDY/FLOODED,,,,,,,,,,,,,,,,yes,,,759.2593,453.7037,32.075,16.0375,,,South Korea,,,,,,,,,,,,,,,,,,,,,,,,,,,3,0.01,,,,,,,,,,,,,,,,,,,,,,,6903.0,,23.6,2.78,,
481,897,76,"Lee, C. H., Kim, S. Y., Villamil, M. B., Pramanik, P., Hong, C. O., & Kim, P. J. (2012). Different response of silicate fertilizer having electron acceptors on methane emission in rice paddy soil under green manuring. Biology and Fertility of Soils, 48, 435-442.",,4,35.1490277777778,128.096333333333,,"Flooded paddy cropland (tropical–subtropical, Oryza sativa L. double/single season)",South Korea paddy rice system,,legume,Paddy Rice,PADDY/FLOODED,,,,,,,,,,,,,,,,yes,,,1759.2593,453.7037,224.5251,16.0375,,,South Korea,,,,,,,,,,,,,,,,,,,,,,,,,,,3,0.01,,,,,,,,,,,,,,,,,,,,,,,6525.0,,13.5,2.619,,
482,898,76,"Lee, C. H., Kim, S. Y., Villamil, M. B., Pramanik, P., Hong, C. O., & Kim, P. J. (2012). Different response of silicate fertilizer having electron acceptors on methane emission in rice paddy soil under green manuring. Biology and Fertility of Soils, 48, 435-442.",,4,35.1490277777778,128.096333333333,,"Flooded paddy cropland (tropical–subtropical, Oryza sativa L. double/single season)",South Korea paddy rice system,,legume,Paddy Rice,PADDY/FLOODED,,,,,,,,,,,,,,,,yes,,,1175.9259,388.8889,192.4501,48.1125,,,South Korea,,,,,,,,,,,,,,,,,,,,,,,,,,,3,0.01,,,,,,,,,,,,,,,,,,,,,,,6442.0,,34,2.589,,
483,899,76,"Lee, C. H., Kim, S. Y., Villamil, M. B., Pramanik, P., Hong, C. O., & Kim, P. J. (2012). Different response of silicate fertilizer having electron acceptors on methane emission in rice paddy soil under green manuring. Biology and Fertility of Soils, 48, 435-442.",,4,35.1490277777778,128.096333333333,,"Flooded paddy cropland (tropical–subtropical, Oryza sativa L. double/single season)",South Korea paddy rice system,,legume,Paddy Rice,PADDY/FLOODED,,,,,,,,,,,,,,,,yes,,,1712.963,388.8889,16.0375,48.1125,,,South Korea,,,,,,,,,,,,,,,,,,,,,,,,,,,3,0.01,,,,,,,,,,,,,,,,,,,,,,,6858.0,,23.6,2.766,,
484,900,76,"Lee, C. H., Kim, S. Y., Villamil, M. B., Pramanik, P., Hong, C. O., & Kim, P. J. (2012). Different response of silicate fertilizer having electron acceptors on methane emission in rice paddy soil under green manuring. Biology and Fertility of Soils, 48, 435-442.",,4,35.1490277777778,128.096333333333,,"Flooded paddy cropland (tropical–subtropical, Oryza sativa L. double/single season)",South Korea paddy rice system,,legume,Paddy Rice,PADDY/FLOODED,,,,,,,,,,,,,,,,yes,,,2250.0,388.8889,192.4501,48.1125,,,South Korea,,,,,,,,,,,,,,,,,,,,,,,,,,,3,0.01,,,,,,,,,,,,,,,,,,,,,,,6498.0,,13.5,2.608,,
497,913,83,"Mahama, G. Y., Prasad, P. V. V., Roozeboom, K. L., Nippert, J. B., & Rice, C. W. (2020). Reduction of nitrogen fertilizer requirements and nitrous oxide emissions using legume cover crops in a no-tillage sorghum production system. Sustainability, 12(11), 4403.",,4,39.1916666666667,-96.5916666666667,,Temperate upland annual cropland,USA temperate arable (corn-soybean-wheat belt),,legume,,,,,,,,,,,,,2.4554,1.7351,1.1131,0.7202,,no,,,,,,,,,USA,,,,,,,,,,,,,,,,,,,,,,,,,,,3,0.01,,,,,,,,,,,,,,,,,,,,,,,,,,,,
498,914,83,"Mahama, G. Y., Prasad, P. V. V., Roozeboom, K. L., Nippert, J. B., & Rice, C. W. (2020). Reduction of nitrogen fertilizer requirements and nitrous oxide emissions using legume cover crops in a no-tillage sorghum production system. Sustainability, 12(11), 4403.",,4,39.1916666666667,-96.5916666666667,,Temperate upland annual cropland,USA temperate arable (corn-soybean-wheat belt),,legume,,,,,,,,,,,,,1.7351,1.7351,0.9821,0.7202,,no,,,,,,,,,USA,,,,,,,,,,,,,,,,,,,,,,,,,,,3,0.01,,,,,,,,,,,,,,,,,,,,,,,,,,,,
499,915,83,"Mahama, G. Y., Prasad, P. V. V., Roozeboom, K. L., Nippert, J. B., & Rice, C. W. (2020). Reduction of nitrogen fertilizer requirements and nitrous oxide emissions using legume cover crops in a no-tillage sorghum production system. Sustainability, 12(11), 4403.",,4,39.1916666666667,-96.5916666666667,,Temperate upland annual cropland,USA temperate arable (corn-soybean-wheat belt),,legume,,,,,,,,,,,,,1.9315,1.7351,0.6548,0.7202,,no,,,,,,,,,USA,,,,,,,,,,,,,,,,,,,,,,,,,,,3,0.01,,,,,,,,,,,,,,,,,,,,,,,,,,,,
500,916,83,"Mahama, G. Y., Prasad, P. V. V., Roozeboom, K. L., Nippert, J. B., & Rice, C. W. (2020). Reduction of nitrogen fertilizer requirements and nitrous oxide emissions using legume cover crops in a no-tillage sorghum production system. Sustainability, 12(11), 4403.",,4,39.1916666666667,-96.5916666666667,,Temperate upland annual cropland,USA temperate arable (corn-soybean-wheat belt),,legume,,,,,,,,,,,,,2.0405,0.7036,1.2665,0.4925,,no,,,,,,,,,USA,,,,,,,,,,,,,,,,,,,,,,,,,,,3,0.01,,,,,,,,,,,,,,,,,,,,,,,,,,,,
501,917,83,"Mahama, G. Y., Prasad, P. V. V., Roozeboom, K. L., Nippert, J. B., & Rice, C. W. (2020). Reduction of nitrogen fertilizer requirements and nitrous oxide emissions using legume cover crops in a no-tillage sorghum production system. Sustainability, 12(11), 4403.",,4,39.1916666666667,-96.5916666666667,,Temperate upland annual cropland,USA temperate arable (corn-soybean-wheat belt),,legume,,,,,,,,,,,,,1.2665,0.7036,0.9147,0.4925,,no,,,,,,,,,USA,,,,,,,,,,,,,,,,,,,,,,,,,,,3,0.01,,,,,,,,,,,,,,,,,,,,,,,,,,,,
502,918,83,"Mahama, G. Y., Prasad, P. V. V., Roozeboom, K. L., Nippert, J. B., & Rice, C. W. (2020). Reduction of nitrogen fertilizer requirements and nitrous oxide emissions using legume cover crops in a no-tillage sorghum production system. Sustainability, 12(11), 4403.",,4,39.1916666666667,-96.5916666666667,,Temperate upland annual cropland,USA temperate arable (corn-soybean-wheat belt),,legume,,,,,,,,,,,,,0.9851,0.7036,0.9147,0.4925,,no,,,,,,,,,USA,,,,,,,,,,,,,,,,,,,,,,,,,,,3,0.01,,,,,,,,,,,,,,,,,,,,,,,,,,,,
503,919,99,"Singh, J., & Kumar, S. (2021). Responses of soil microbial community structure and greenhouse gas fluxes to crop rotations that include winter cover crops. Geoderma, 385, 114843.",,4,43.0494444444444,-96.8916666666667,,Temperate upland annual cropland,USA temperate arable (corn-soybean-wheat belt),,mixture,Corn-soybean rotation,UPLAND/DRYLAND,,,,,,,,,,,2.11,2.04,0.24,0.24,,,,,0.69,0.5,0.2,0.18,,,USA,,,,,,,,,,,,,,,,,,,,,,,,,,,3,0.01,,,,,,,,,,,,,,,,,,,,,,,,,,,,
504,920,99,"Singh, J., & Kumar, S. (2021). Responses of soil microbial community structure and greenhouse gas fluxes to crop rotations that include winter cover crops. Geoderma, 385, 114843.",,4,43.0494444444444,-96.8916666666667,,Temperate upland annual cropland,USA temperate arable (corn-soybean-wheat belt),,non-legume,Corn-soybean rotation,UPLAND/DRYLAND,,,,,,,,,,,5.07,5.17,0.54,0.82,,,,,0.01,0.23,1.02,0.7,,,USA,,,,,,,,,,,,,,,,,,,,,,,,,,,3,0.01,,,,,,,,,,,,,,,,,,,,,,,,,,,,
505,921,99,"Singh, J., & Kumar, S. (2021). Responses of soil microbial community structure and greenhouse gas fluxes to crop rotations that include winter cover crops. Geoderma, 385, 114843.",,4,43.0494444444444,-96.8916666666667,,Temperate upland annual cropland,USA temperate arable (corn-soybean-wheat belt),,non-legume,,,,,,,,,,,,,5.25,5.19,0.94,1.6,,,,,,,,,,,USA,,,,,,,,,,,,,,,,,,,,,,,,,,,3,0.01,,,,,,,,,,,,,,,,,,,,,,,,,,,,
506,941,71,"Kandel, T. P., Gowda, P. H., Northup, B. K., & Rocateli, A. C. (2020). Winter wheat yield and nitrous oxide emissions in response to cowpea-based green manure and nitrogen fertilization. Experimental Agriculture, 56(2), 239-254.",,4,35.5730555555556,-98.0369444444444,,Temperate upland annual cropland,USA temperate arable (corn-soybean-wheat belt),,legume,,,,,,,,,,,,,1.8736,0.5353,0.9272,0.6181,,no,,,,,,,,,USA,,,,,,,,,,,,,,,,,,,,,,,,,,,3,0.01,,,,,,,furrow irrigation,,,,,,48.99631676 μg g soil−1,,,,,,,,0.5,,,,,,,
507,991,109,"Yao, Z., Zhang, D., Yao, P., Zhao, N., Liu, N., Zhai, B., ... & Gao, Y. (2017). Coupling life-cycle assessment and the RothC model to estimate the carbon footprint of green manure-based wheat production in China. Science of the Total Environment, 607, 433-442.",,4,35.2,107.733333333333,,Mediterranean–semiarid upland cropland,lat=35.20 subtropical/Med zone,,legume,,,,,,,,,,,,,1.0971,0.8389,0.3943,0.3015,,yes,,,,,,,,,China,,,,,,,,,,,,,,,,,,,,,,,,,,,3,0.01,,,,,,,,,,,,,,,,,,,,,,,,,,,,
508,992,109,"Yao, Z., Zhang, D., Yao, P., Zhao, N., Liu, N., Zhai, B., ... & Gao, Y. (2017). Coupling life-cycle assessment and the RothC model to estimate the carbon footprint of green manure-based wheat production in China. Science of the Total Environment, 607, 433-442.",,4,35.2,107.733333333333,,Mediterranean–semiarid upland cropland,lat=35.20 subtropical/Med zone,,legume,,,,,,,,,,,,,1.1293,0.8389,0.4059,0.3015,,yes,,,,,,,,,China,,,,,,,,,,,,,,,,,,,,,,,,,,,3,0.01,,,,,,,,,,,,,,,,,,,,,,,,,,,,
509,993,109,"Yao, Z., Zhang, D., Yao, P., Zhao, N., Liu, N., Zhai, B., ... & Gao, Y. (2017). Coupling life-cycle assessment and the RothC model to estimate the carbon footprint of green manure-based wheat production in China. Science of the Total Environment, 607, 433-442.",,4,35.2,107.733333333333,,Mediterranean–semiarid upland cropland,lat=35.20 subtropical/Med zone,,legume,,,,,,,,,,,,,0.8712,0.8389,0.3131,0.3015,,yes,,,,,,,,,China,,,,,,,,,,,,,,,,,,,,,,,,,,,3,0.01,,,,,,,,,,,,,,,,,,,,,,,,,,,,
510,994,109,"Yao, Z., Zhang, D., Yao, P., Zhao, N., Liu, N., Zhai, B., ... & Gao, Y. (2017). Coupling life-cycle assessment and the RothC model to estimate the carbon footprint of green manure-based wheat production in China. Science of the Total Environment, 607, 433-442.",,4,35.2,107.733333333333,,Mediterranean–semiarid upland cropland,lat=35.20 subtropical/Med zone,,legume,,,,,,,,,,,,,1.3552,1.1616,0.4871,0.4175,,yes,,,,,,,,,China,,,,,,,,,,,,,,,,,,,,,,,,,,,3,0.01,,,,,,,,,,,,,,,,,,,,,,,,,,,,
511,995,109,"Yao, Z., Zhang, D., Yao, P., Zhao, N., Liu, N., Zhai, B., ... & Gao, Y. (2017). Coupling life-cycle assessment and the RothC model to estimate the carbon footprint of green manure-based wheat production in China. Science of the Total Environment, 607, 433-442.",,4,35.2,107.733333333333,,Mediterranean–semiarid upland cropland,lat=35.20 subtropical/Med zone,,legume,,,,,,,,,,,,,1.4197,1.1616,0.5103,0.4175,,yes,,,,,,,,,China,,,,,,,,,,,,,,,,,,,,,,,,,,,3,0.01,,,,,,,,,,,,,,,,,,,,,,,,,,,,
512,996,109,"Yao, Z., Zhang, D., Yao, P., Zhao, N., Liu, N., Zhai, B., ... & Gao, Y. (2017). Coupling life-cycle assessment and the RothC model to estimate the carbon footprint of green manure-based wheat production in China. Science of the Total Environment, 607, 433-442.",,4,35.2,107.733333333333,,Mediterranean–semiarid upland cropland,lat=35.20 subtropical/Med zone,,legume,,,,,,,,,,,,,1.1939,1.1616,0.4291,0.4175,,yes,,,,,,,,,China,,,,,,,,,,,,,,,,,,,,,,,,,,,3,0.01,,,,,,,,,,,,,,,,,,,,,,,,,,,,
513,997,109,"Yao, Z., Zhang, D., Yao, P., Zhao, N., Liu, N., Zhai, B., ... & Gao, Y. (2017). Coupling life-cycle assessment and the RothC model to estimate the carbon footprint of green manure-based wheat production in China. Science of the Total Environment, 607, 433-442.",,4,35.2,107.733333333333,,Mediterranean–semiarid upland cropland,lat=35.20 subtropical/Med zone,,legume,,,,,,,,,,,,,1.3875,1.2907,0.4987,0.4639,,yes,,,,,,,,,China,,,,,,,,,,,,,,,,,,,,,,,,,,,3,0.01,,,,,,,,,,,,,,,,,,,,,,,,,,,,
514,998,109,"Yao, Z., Zhang, D., Yao, P., Zhao, N., Liu, N., Zhai, B., ... & Gao, Y. (2017). Coupling life-cycle assessment and the RothC model to estimate the carbon footprint of green manure-based wheat production in China. Science of the Total Environment, 607, 433-442.",,4,35.2,107.733333333333,,Mediterranean–semiarid upland cropland,lat=35.20 subtropical/Med zone,,legume,,,,,,,,,,,,,1.4197,1.2907,0.5103,0.4639,,yes,,,,,,,,,China,,,,,,,,,,,,,,,,,,,,,,,,,,,3,0.01,,,,,,,,,,,,,,,,,,,,,,,,,,,,
515,999,109,"Yao, Z., Zhang, D., Yao, P., Zhao, N., Liu, N., Zhai, B., ... & Gao, Y. (2017). Coupling life-cycle assessment and the RothC model to estimate the carbon footprint of green manure-based wheat production in China. Science of the Total Environment, 607, 433-442.",,4,35.2,107.733333333333,,Mediterranean–semiarid upland cropland,lat=35.20 subtropical/Med zone,,legume,,,,,,,,,,,,,1.1939,1.2907,0.4291,0.4639,,yes,,,,,,,,,China,,,,,,,,,,,,,,,,,,,,,,,,,,,3,0.01,,,,,,,,,,,,,,,,,,,,,,,,,,,,
516,1000,109,"Yao, Z., Zhang, D., Yao, P., Zhao, N., Liu, N., Zhai, B., ... & Gao, Y. (2017). Coupling life-cycle assessment and the RothC model to estimate the carbon footprint of green manure-based wheat production in China. Science of the Total Environment, 607, 433-442.",,4,35.2,107.733333333333,,Mediterranean–semiarid upland cropland,lat=35.20 subtropical/Med zone,,legume,,,,,,,,,,,,,1.4843,1.2907,0.5335,0.4639,,yes,,,,,,,,,China,,,,,,,,,,,,,,,,,,,,,,,,,,,3,0.01,,,,,,,,,,,,,,,,,,,,,,,,,,,,
517,1001,109,"Yao, Z., Zhang, D., Yao, P., Zhao, N., Liu, N., Zhai, B., ... & Gao, Y. (2017). Coupling life-cycle assessment and the RothC model to estimate the carbon footprint of green manure-based wheat production in China. Science of the Total Environment, 607, 433-442.",,4,35.2,107.733333333333,,Mediterranean–semiarid upland cropland,lat=35.20 subtropical/Med zone,,legume,,,,,,,,,,,,,1.4843,1.2907,0.5335,0.4639,,yes,,,,,,,,,China,,,,,,,,,,,,,,,,,,,,,,,,,,,3,0.01,,,,,,,,,,,,,,,,,,,,,,,,,,,,
518,1002,109,"Yao, Z., Zhang, D., Yao, P., Zhao, N., Liu, N., Zhai, B., ... & Gao, Y. (2017). Coupling life-cycle assessment and the RothC model to estimate the carbon footprint of green manure-based wheat production in China. Science of the Total Environment, 607, 433-442.",,4,35.2,107.733333333333,,Mediterranean–semiarid upland cropland,lat=35.20 subtropical/Med zone,,legume,,,,,,,,,,,,,1.3552,1.2907,0.4871,0.4639,,yes,,,,,,,,,China,,,,,,,,,,,,,,,,,,,,,,,,,,,3,0.01,,,,,,,,,,,,,,,,,,,,,,,,,,,,
519,1033,101,"Sun, G., Zhang, Z., Xiong, S., Guo, X., Han, Y., Wang, G., ... & Wang, Z. (2022). Mitigating greenhouse gas emissions and ammonia volatilization from cotton fields by integrating cover crops with reduced use of nitrogen fertilizer. Agriculture, Ecosystems & Environment, 332, 107946.",,4,36.1,114.35,,Temperate upland annual cropland,China cotton – dryland upland system,,non-legume,Cotton,UPLAND/DRYLAND,,,,,,,,,,,1.0214,0.8014,0.3671,0.2881,,,,,-0.44,-0.4133,0.1889,0.1775,,,China,,,,,,,,,,,,,,,,,,,,,,,,,,,3,0.01,,,,,,,,,,,,,,,,,,,,,,,,,,,,
520,1034,101,"Sun, G., Zhang, Z., Xiong, S., Guo, X., Han, Y., Wang, G., ... & Wang, Z. (2022). Mitigating greenhouse gas emissions and ammonia volatilization from cotton fields by integrating cover crops with reduced use of nitrogen fertilizer. Agriculture, Ecosystems & Environment, 332, 107946.",,4,36.1,114.35,,Temperate upland annual cropland,China cotton – dryland upland system,,non-legume,Cotton,UPLAND/DRYLAND,,,,,,,,,,,1.54,1.1314,0.5535,0.4067,,,,,-0.3867,-0.3467,0.166,0.1488,,,China,,,,,,,,,,,,,,,,,,,,,,,,,,,3,0.01,,,,,,,,,,,,,,,,,,,,,,,,,,,,
521,1035,101,"Sun, G., Zhang, Z., Xiong, S., Guo, X., Han, Y., Wang, G., ... & Wang, Z. (2022). Mitigating greenhouse gas emissions and ammonia volatilization from cotton fields by integrating cover crops with reduced use of nitrogen fertilizer. Agriculture, Ecosystems & Environment, 332, 107946.",,4,36.1,114.35,,Temperate upland annual cropland,China cotton – dryland upland system,,non-legume,Cotton,UPLAND/DRYLAND,,,,,,,,,,,1.65,1.8543,0.5931,0.6665,,,,,-0.4933,-0.3867,0.2118,0.166,,,China,,,,,,,,,,,,,,,,,,,,,,,,,,,3,0.01,,,,,,,,,,,,,,,,,,,,,,,,,,,,
522,1036,101,"Sun, G., Zhang, Z., Xiong, S., Guo, X., Han, Y., Wang, G., ... & Wang, Z. (2022). Mitigating greenhouse gas emissions and ammonia volatilization from cotton fields by integrating cover crops with reduced use of nitrogen fertilizer. Agriculture, Ecosystems & Environment, 332, 107946.",,4,36.1,114.35,,Temperate upland annual cropland,China cotton – dryland upland system,,non-legume,Cotton,UPLAND/DRYLAND,,,,,,,,,,,2.2786,2.0743,0.819,0.7456,,,,,-0.3867,-0.3467,0.166,0.1488,,,China,,,,,,,,,,,,,,,,,,,,,,,,,,,3,0.01,,,,,,,,,,,,,,,,,,,,,,,,,,,,
523,1037,101,"Sun, G., Zhang, Z., Xiong, S., Guo, X., Han, Y., Wang, G., ... & Wang, Z. (2022). Mitigating greenhouse gas emissions and ammonia volatilization from cotton fields by integrating cover crops with reduced use of nitrogen fertilizer. Agriculture, Ecosystems & Environment, 332, 107946.",,4,36.1,114.35,,Temperate upland annual cropland,China cotton – dryland upland system,,non-legume,Cotton,UPLAND/DRYLAND,,,,,,,,,,,0.9429,0.7857,0.3389,0.2824,,,,,-0.3333,-0.3467,0.1431,0.1488,,,China,,,,,,,,,,,,,,,,,,,,,,,,,,,3,0.01,,,,,,,,,,,,,,,,,,,,,,,,,,,,
524,1038,101,"Sun, G., Zhang, Z., Xiong, S., Guo, X., Han, Y., Wang, G., ... & Wang, Z. (2022). Mitigating greenhouse gas emissions and ammonia volatilization from cotton fields by integrating cover crops with reduced use of nitrogen fertilizer. Agriculture, Ecosystems & Environment, 332, 107946.",,4,36.1,114.35,,Temperate upland annual cropland,China cotton – dryland upland system,,non-legume,Cotton,UPLAND/DRYLAND,,,,,,,,,,,1.7129,1.2257,0.6157,0.4406,,,,,-0.3867,-0.32,0.166,0.1374,,,China,,,,,,,,,,,,,,,,,,,,,,,,,,,3,0.01,,,,,,,,,,,,,,,,,,,,,,,,,,,,
525,1039,101,"Sun, G., Zhang, Z., Xiong, S., Guo, X., Han, Y., Wang, G., ... & Wang, Z. (2022). Mitigating greenhouse gas emissions and ammonia volatilization from cotton fields by integrating cover crops with reduced use of nitrogen fertilizer. Agriculture, Ecosystems & Environment, 332, 107946.",,4,36.1,114.35,,Temperate upland annual cropland,China cotton – dryland upland system,,non-legume,Cotton,UPLAND/DRYLAND,,,,,,,,,,,1.7914,2.0114,0.6439,0.723,,,,,-0.36,-0.3333,0.1546,0.1431,,,China,,,,,,,,,,,,,,,,,,,,,,,,,,,3,0.01,,,,,,,,,,,,,,,,,,,,,,,,,,,,
526,1040,101,"Sun, G., Zhang, Z., Xiong, S., Guo, X., Han, Y., Wang, G., ... & Wang, Z. (2022). Mitigating greenhouse gas emissions and ammonia volatilization from cotton fields by integrating cover crops with reduced use of nitrogen fertilizer. Agriculture, Ecosystems & Environment, 332, 107946.",,4,36.1,114.35,,Temperate upland annual cropland,China cotton – dryland upland system,,non-legume,Cotton,UPLAND/DRYLAND,,,,,,,,,,,2.7657,2.4357,0.9941,0.8755,,,,,-0.36,-0.36,0.1546,0.1546,,,China,,,,,,,,,,,,,,,,,,,,,,,,,,,3,0.01,,,,,,,,,,,,,,,,,,,,,,,,,,,,
527,1053,49,"Baril, X., Durand, A. A., Srei, N., Lamothe, S., Provost, C., Martineau, C., ... & Constant, P. (2022). The biological sink of atmospheric H2 is more sensitive to spatial variation of microbial diversity than N2O and CO2 emissions in a winter cover crop field trial. Science of the Total Environment, 821, 153420.",,4,45.55,-74.05,,Temperate upland annual cropland,Canada – Northern European/Canadian temperate arable,,non-legume,,,,,,,,,,,,,0.5491,0.2746,0.5242,0.3744,,,,,,,,,,,Canada,,,,,,,,,,,,,,,,,,,,,,,,,,,3,0.01,,,,,,,,,,,,,,,,,,,,,,,,,,,,
528,1054,49,"Baril, X., Durand, A. A., Srei, N., Lamothe, S., Provost, C., Martineau, C., ... & Constant, P. (2022). The biological sink of atmospheric H2 is more sensitive to spatial variation of microbial diversity than N2O and CO2 emissions in a winter cover crop field trial. Science of the Total Environment, 821, 153420.",,4,45.55,-74.05,,Temperate upland annual cropland,Canada – Northern European/Canadian temperate arable,,non-legume,,,,,,,,,,,,,0.1747,0.2746,0.1747,0.3744,,,,,,,,,,,Canada,,,,,,,,,,,,,,,,,,,,,,,,,,,3,0.01,,,,,,,,,,,,,,,,,,,,,,,,,,,,
529,1055,49,"Baril, X., Durand, A. A., Srei, N., Lamothe, S., Provost, C., Martineau, C., ... & Constant, P. (2022). The biological sink of atmospheric H2 is more sensitive to spatial variation of microbial diversity than N2O and CO2 emissions in a winter cover crop field trial. Science of the Total Environment, 821, 153420.",,4,45.55,-74.05,,Temperate upland annual cropland,Canada – Northern European/Canadian temperate arable,,mixture,,,,,,,,,,,,,0.5242,0.2746,0.1498,0.3744,,,,,,,,,,,Canada,,,,,,,,,,,,,,,,,,,,,,,,,,,3,0.01,,,,,,,,,,,,,,,,,,,,,,,,,,,,
530,1056,49,"Baril, X., Durand, A. A., Srei, N., Lamothe, S., Provost, C., Martineau, C., ... & Constant, P. (2022). The biological sink of atmospheric H2 is more sensitive to spatial variation of microbial diversity than N2O and CO2 emissions in a winter cover crop field trial. Science of the Total Environment, 821, 153420.",,4,45.55,-74.05,,Temperate upland annual cropland,Canada – Northern European/Canadian temperate arable,,mixture,,,,,,,,,,,,,0.2746,0.2746,0.1248,0.3744,,,,,,,,,,,Canada,,,,,,,,,,,,,,,,,,,,,,,,,,,3,0.01,,,,,,,,,,,,,,,,,,,,,,,,,,,,
531,1057,49,"Baril, X., Durand, A. A., Srei, N., Lamothe, S., Provost, C., Martineau, C., ... & Constant, P. (2022). The biological sink of atmospheric H2 is more sensitive to spatial variation of microbial diversity than N2O and CO2 emissions in a winter cover crop field trial. Science of the Total Environment, 821, 153420.",,4,45.55,-74.05,,Temperate upland annual cropland,Canada – Northern European/Canadian temperate arable,,non-legume,,,,,,,,,,,,,0.8736,0.2746,0.8986,0.3744,,,,,,,,,,,Canada,,,,,,,,,,,,,,,,,,,,,,,,,,,3,0.01,,,,,,,,,,,,,,,,,,,,,,,,,,,,
532,1058,49,"Baril, X., Durand, A. A., Srei, N., Lamothe, S., Provost, C., Martineau, C., ... & Constant, P. (2022). The biological sink of atmospheric H2 is more sensitive to spatial variation of microbial diversity than N2O and CO2 emissions in a winter cover crop field trial. Science of the Total Environment, 821, 153420.",,4,45.55,-74.05,,Temperate upland annual cropland,Canada – Northern European/Canadian temperate arable,,mixture,,,,,,,,,,,,,0.1997,0.2746,0.1997,0.3744,,,,,,,,,,,Canada,,,,,,,,,,,,,,,,,,,,,,,,,,,3,0.01,,,,,,,,,,,,,,,,,,,,,,,,,,,,
533,1059,49,"Baril, X., Durand, A. A., Srei, N., Lamothe, S., Provost, C., Martineau, C., ... & Constant, P. (2022). The biological sink of atmospheric H2 is more sensitive to spatial variation of microbial diversity than N2O and CO2 emissions in a winter cover crop field trial. Science of the Total Environment, 821, 153420.",,4,45.55,-74.05,,Temperate upland annual cropland,Canada – Northern European/Canadian temperate arable,,legume,,,,,,,,,,,,,0.2995,0.2746,0.1498,0.3744,,yes,,,,,,,,,Canada,,,,,,,,,,,,,,,,,,,,,,,,,,,3,0.01,,,,,,,,,,,,,,,,,,,,,,,,,,,,
534,1060,125,"Castellano-Hinojosa, A., Martens-Habbena, W., Smyth, A. R., Kadyampakeni, D. M., & Strauss, S. L. (2022). Short-term effects of cover crops on soil properties and the abundance of N-cycling genes in citrus agroecosystems. Applied Soil Ecology, 172, 104341.",,4,26.13808,-81.776787,,Temperate upland annual cropland,USA temperate arable (corn-soybean-wheat belt),,mixture,,,,,,,,,,,,,1.4079,1.8819,0.4086,0.5375,,,,,,,,,,,USA,,,,,,,,,,,,,,,,,,,,,,,,,,,3,0.01,,,,,,,,,,,,,,,,,,,,,,,,,,,,
535,1061,125,"Castellano-Hinojosa, A., Martens-Habbena, W., Smyth, A. R., Kadyampakeni, D. M., & Strauss, S. L. (2022). Short-term effects of cover crops on soil properties and the abundance of N-cycling genes in citrus agroecosystems. Applied Soil Ecology, 172, 104341.",,4,26.13808,-81.776787,,Temperate upland annual cropland,USA temperate arable (corn-soybean-wheat belt),,non-legume,,,,,,,,,,,,,2.3282,1.8819,0.6741,0.5375,,,,,,,,,,,USA,,,,,,,,,,,,,,,,,,,,,,,,,,,3,0.01,,,,,,,,,,,,,,,,,,,,,,,,,,,,
538,1128,104,"Wang, Z., Zhai, L., Xiong, S., Li, X., Han, Y., Wang, G., ... & Li, Y. (2021). February orchid cover crop improves sustainability of cotton production systems in the Yellow River basin. Agronomy for Sustainable Development, 41, 1-16.",,4,36.1,114.35,,Mediterranean–semiarid upland cropland,lat=36.10 subtropical/Med zone,,non-legume,,,,,,,,,,,,,1.2479,1.4328,0.4485,0.515,,,,,,,,,,,China,,,,,,,,,,,,,,,,,,,,,,,,,,,3,0.01,,,,,,,y,,,,,,,,,,,,,,,,1500.0,Mg ha⁻¹,,,,
546,1142,111,"Zheng, H., Zhou, L., Wei, J., Tang, Q., Zou, Y., Tang, J., & Xu, H. (2020). Cover crops and chicken grazing in a winter fallow field improve soil carbon and nitrogen contents and decrease methane emissions. Scientific Reports, 10(1), 12607.",,4,28.1833333333333,113.066666666667,,"Flooded paddy cropland (tropical–subtropical, Oryza sativa L. double/single season)",China paddy rice system,,mixture,Paddy Rice,PADDY/FLOODED,,,,,,,,,,,,,,,,,,,857.5,608.6,368.1724,261.3058,,,China,,,,,,,,,,,,,,,,,,,,,,,,,,,3,0.01,,,,,,,,,,,,,,,,,,,,,,,6000.0,Mg ha-1,,,,
547,1302,55,"Castellano-Hinojosa, A., Martens-Habbena, W., & Strauss, S. L. (2022). Cover crop composition drives changes in the abundance and diversity of nitrifiers and denitrifiers in citrus orchards with critical effects on N2O emissions. Geoderma, 422, 115952.",,4,26.13808,-81.776787,,Temperate upland annual cropland,USA temperate arable (corn-soybean-wheat belt),,mixture,,,,,,,,,,,,,0.9743,1.2571,0.1406,0.246,,,,,,,,,,,USA,,,,,,,,,,,,,,,,,,,,,,,,,,,3,0.01,,,,,,,,,,,,,,,,,,,,,,,,,,,,
548,1303,55,"Castellano-Hinojosa, A., Martens-Habbena, W., & Strauss, S. L. (2022). Cover crop composition drives changes in the abundance and diversity of nitrifiers and denitrifiers in citrus orchards with critical effects on N2O emissions. Geoderma, 422, 115952.",,4,26.13808,-81.776787,,Temperate upland annual cropland,USA temperate arable (corn-soybean-wheat belt),,non-legume,,,,,,,,,,,,,1.6657,1.2571,0.3514,0.246,,,,,,,,,,,USA,,,,,,,,,,,,,,,,,,,,,,,,,,,3,0.01,,,,,,,,,,,,,,,,,,,,,,,,,,,,
549,1306,55,"Castellano-Hinojosa, A., Martens-Habbena, W., & Strauss, S. L. (2022). Cover crop composition drives changes in the abundance and diversity of nitrifiers and denitrifiers in citrus orchards with critical effects on N2O emissions. Geoderma, 422, 115952.",,4,26.13808,-81.776787,,Temperate upland annual cropland,USA temperate arable (corn-soybean-wheat belt),,mixture,,,,,,,,,,,,,1.21,1.2414,0.4217,0.2811,,,,,,,,,,,USA,,,,,,,,,,,,,,,,,,,,,,,,,,,3,0.01,,,,,,,,,,,,,,,,,,,,,,,,,,,,
550,1307,55,"Castellano-Hinojosa, A., Martens-Habbena, W., & Strauss, S. L. (2022). Cover crop composition drives changes in the abundance and diversity of nitrifiers and denitrifiers in citrus orchards with critical effects on N2O emissions. Geoderma, 422, 115952.",,4,26.13808,-81.776787,,Temperate upland annual cropland,USA temperate arable (corn-soybean-wheat belt),,non-legume,,,,,,,,,,,,,1.2571,1.2414,0.246,0.2811,,,,,,,,,,,USA,,,,,,,,,,,,,,,,,,,,,,,,,,,3,0.01,,,,,,,,,,,,,,,,,,,,,,,,,,,,
551,1464,48,"Aulakh, M. S., Khera, T. S., Doran, J. W., & Bronson, K. F. (2001). Denitrification, N 2 O and CO 2 fluxes in rice-wheat cropping system as affected by crop residues, fertilizer N and legume green manure. Biology and fertility of soils, 34, 375-389.",,4,30.9333333333333,75.8666666666667,,Mediterranean–semiarid upland cropland,lat=30.93 subtropical/Med zone,,legume,,,,,,,,,,,,,18.0714,7.8571,6.4955,2.8241,,yes,,,,,,,,,India,,,,,,,,,,,,,,,,,,,,,,,,,,,3,0.01,,,,,,,,,,,,,,,,,,,,,,,,,,,,
552,1670,75,"Lauren, J. G., Pettygrove, G. S., & Duxbury, J. M. (1994). Methane emissions associated with a green manure amendment to flooded rice in California. Biogeochemistry, 24, 53-65.",,4,39.002829,-121.973228,,"Flooded paddy cropland (tropical–subtropical, Oryza sativa L. double/single season)",USA paddy rice (flooded/irrigated),,legume,Paddy Rice,PADDY/FLOODED,,,,,,,,,,,,,,,,,,,1220.0,660.0,523.8139,283.3747,,,USA,,,,,,,,,,,,,,,,,,,,,,,,,,,3,0.01,,,,,,,,,,,,,,,,,,,,,,,,,,,,
553,1671,75,"Lauren, J. G., Pettygrove, G. S., & Duxbury, J. M. (1994). Methane emissions associated with a green manure amendment to flooded rice in California. Biogeochemistry, 24, 53-65.",,4,39.002829,-121.973228,,"Flooded paddy cropland (tropical–subtropical, Oryza sativa L. double/single season)",USA paddy rice (flooded/irrigated),,legume,Paddy Rice,PADDY/FLOODED,,,,,,,,,,,,,,,,,,,1360.0,880.0,583.9236,377.8329,,,USA,,,,,,,,,,,,,,,,,,,,,,,,,,,3,0.01,,,,,,,,,,,,,,,,,,,,,,,,,,,,
560,1699,67,"Hou, P., Xue, L., Wang, J., Petropoulos, E., Deng, X., Qiao, J., ... & Yang, L. (2022). Continuous milk vetch amendment in rice-fallow rotation improves soil fertility and maintains rice yield without increasing CH4 emissions: Evidence from a long-term experiment. Agriculture, Ecosystems & Environment, 325, 107774.",,4,31.2915,119.900333333333,,"Flooded paddy cropland (tropical–subtropical, Oryza sativa L. double/single season)",China paddy rice system,,legume,Paddy Rice,PADDY/FLOODED,,,,,,,,,,,,,,,,,,,115.7,111.78,49.6764,47.9934,,,China,,,,,,,,,,,,,,,,,,,,,,,,,,,3,0.01,,,,,,,,,,,,,,,,,,,,,,,,,,,,
561,1700,67,"Hou, P., Xue, L., Wang, J., Petropoulos, E., Deng, X., Qiao, J., ... & Yang, L. (2022). Continuous milk vetch amendment in rice-fallow rotation improves soil fertility and maintains rice yield without increasing CH4 emissions: Evidence from a long-term experiment. Agriculture, Ecosystems & Environment, 325, 107774.",,4,31.2915,119.900333333333,,"Flooded paddy cropland (tropical–subtropical, Oryza sativa L. double/single season)",China paddy rice system,,non-legume,Paddy Rice,PADDY/FLOODED,,,,,,,,,,,,,,,,,,,180.53,111.78,77.5116,47.9934,,,China,,,,,,,,,,,,,,,,,,,,,,,,,,,3,0.01,,,,,,,,,,,,,,,,,,,,,,,,,,,,
562,1701,67,"Hou, P., Xue, L., Wang, J., Petropoulos, E., Deng, X., Qiao, J., ... & Yang, L. (2022). Continuous milk vetch amendment in rice-fallow rotation improves soil fertility and maintains rice yield without increasing CH4 emissions: Evidence from a long-term experiment. Agriculture, Ecosystems & Environment, 325, 107774.",,4,31.2915,119.900333333333,,"Flooded paddy cropland (tropical–subtropical, Oryza sativa L. double/single season)",China paddy rice system,,legume,Paddy Rice,PADDY/FLOODED,,,,,,,,,,,,,,,,,,,106.98,112.3,45.9325,48.2166,,,China,,,,,,,,,,,,,,,,,,,,,,,,,,,3,0.01,,,,,,,,,,,,,,,,,,,,,,,,,,,,
563,1702,67,"Hou, P., Xue, L., Wang, J., Petropoulos, E., Deng, X., Qiao, J., ... & Yang, L. (2022). Continuous milk vetch amendment in rice-fallow rotation improves soil fertility and maintains rice yield without increasing CH4 emissions: Evidence from a long-term experiment. Agriculture, Ecosystems & Environment, 325, 107774.",,4,31.2915,119.900333333333,,"Flooded paddy cropland (tropical–subtropical, Oryza sativa L. double/single season)",China paddy rice system,,non-legume,Paddy Rice,PADDY/FLOODED,,,,,,,,,,,,,,,,,,,197.27,112.3,84.699,48.2166,,,China,,,,,,,,,,,,,,,,,,,,,,,,,,,3,0.01,,,,,,,,,,,,,,,,,,,,,,,,,,,,
564,1703,67,"Hou, P., Xue, L., Wang, J., Petropoulos, E., Deng, X., Qiao, J., ... & Yang, L. (2022). Continuous milk vetch amendment in rice-fallow rotation improves soil fertility and maintains rice yield without increasing CH4 emissions: Evidence from a long-term experiment. Agriculture, Ecosystems & Environment, 325, 107774.",,4,31.2915,119.900333333333,,"Flooded paddy cropland (tropical–subtropical, Oryza sativa L. double/single season)",China paddy rice system,,legume,Paddy Rice,PADDY/FLOODED,,,,,,,,,,,,,,,,,,,83.28,52.68,35.7567,22.6185,,,China,,,,,,,,,,,,,,,,,,,,,,,,,,,3,0.01,,,,,,,,,,,,,,,,,,,,,,,,,,,,
565,1704,67,"Hou, P., Xue, L., Wang, J., Petropoulos, E., Deng, X., Qiao, J., ... & Yang, L. (2022). Continuous milk vetch amendment in rice-fallow rotation improves soil fertility and maintains rice yield without increasing CH4 emissions: Evidence from a long-term experiment. Agriculture, Ecosystems & Environment, 325, 107774.",,4,31.2915,119.900333333333,,"Flooded paddy cropland (tropical–subtropical, Oryza sativa L. double/single season)",China paddy rice system,,non-legume,Paddy Rice,PADDY/FLOODED,,,,,,,,,,,,,,,,,,,128.38,52.68,55.1207,22.6185,,,China,,,,,,,,,,,,,,,,,,,,,,,,,,,3,0.01,,,,,,,,,,,,,,,,,,,,,,,,,,,,
566,1705,67,"Hou, P., Xue, L., Wang, J., Petropoulos, E., Deng, X., Qiao, J., ... & Yang, L. (2022). Continuous milk vetch amendment in rice-fallow rotation improves soil fertility and maintains rice yield without increasing CH4 emissions: Evidence from a long-term experiment. Agriculture, Ecosystems & Environment, 325, 107774.",,4,31.2915,119.900333333333,,"Flooded paddy cropland (tropical–subtropical, Oryza sativa L. double/single season)",China paddy rice system,,legume,Paddy Rice,PADDY/FLOODED,,,,,,,,,,,,,,,,,,,62.87,49.77,26.9936,21.369,,,China,,,,,,,,,,,,,,,,,,,,,,,,,,,3,0.01,,,,,,,,,,,,,,,,,,,,,,,,,,,,
567,1706,67,"Hou, P., Xue, L., Wang, J., Petropoulos, E., Deng, X., Qiao, J., ... & Yang, L. (2022). Continuous milk vetch amendment in rice-fallow rotation improves soil fertility and maintains rice yield without increasing CH4 emissions: Evidence from a long-term experiment. Agriculture, Ecosystems & Environment, 325, 107774.",,4,31.2915,119.900333333333,,"Flooded paddy cropland (tropical–subtropical, Oryza sativa L. double/single season)",China paddy rice system,,non-legume,Paddy Rice,PADDY/FLOODED,,,,,,,,,,,,,,,,,,,98.82,49.77,42.4289,21.369,,,China,,,,,,,,,,,,,,,,,,,,,,,,,,,3,0.01,,,,,,,,,,,,,,,,,,,,,,,,,,,,
568,1707,64,"Haque, M. M., Biswas, J. C., Kim, S. Y., & Kim, P. J. (2016). Suppressing methane emission and global warming potential from rice fields through intermittent drainage and green biomass amendment. Soil Use and Management, 32(1), 72-79.",,4,36.8333333333333,128.433333333333,2013.0,"Flooded paddy cropland (tropical–subtropical, Oryza sativa L. double/single season)",South Korea paddy rice system,,mixture,Paddy Rice,PADDY/FLOODED,,,,,,,,,,,0.74,0.52,0.266,0.1869,,,,,410.0,240.0,176.0358,103.0453,,,South Korea,,,,,,,,,,,,,,,,,,,,,,,,,,,3,0.01,,,,,,,,,,,,,,,,,,,,,,,,,,,,
569,1708,64,"Haque, M. M., Biswas, J. C., Kim, S. Y., & Kim, P. J. (2016). Suppressing methane emission and global warming potential from rice fields through intermittent drainage and green biomass amendment. Soil Use and Management, 32(1), 72-79.",,4,36.8333333333333,128.433333333333,2013.0,"Flooded paddy cropland (tropical–subtropical, Oryza sativa L. double/single season)",South Korea paddy rice system,,mixture,Paddy Rice,PADDY/FLOODED,,,,,,,,,,,1.2,0.52,0.4313,0.1869,,,,,995.0,240.0,427.2088,103.0453,,,South Korea,,,,,,,,,,,,,,,,,,,,,,,,,,,3,0.01,,,,,,,,,,,,,,,,,,,,,,,,,,,,
570,1709,64,"Haque, M. M., Biswas, J. C., Kim, S. Y., & Kim, P. J. (2016). Suppressing methane emission and global warming potential from rice fields through intermittent drainage and green biomass amendment. Soil Use and Management, 32(1), 72-79.",,4,36.8333333333333,128.433333333333,2013.0,"Flooded paddy cropland (tropical–subtropical, Oryza sativa L. double/single season)",South Korea paddy rice system,,mixture,Paddy Rice,PADDY/FLOODED,7539.0,,3864.0,,,,ct,incorporated,20.0,g/kg,2.04,0.52,0.7332,0.1869,,,,,1525.0,240.0,654.7673,103.0453,,,South Korea,,,,,,,,,legume + non-legume,,,,,,,,,,,,,,,,,,3,0.01,,,,,,,,,,,,,,,,,,,,,,,,,,,,
571,1710,64,"Haque, M. M., Biswas, J. C., Kim, S. Y., & Kim, P. J. (2016). Suppressing methane emission and global warming potential from rice fields through intermittent drainage and green biomass amendment. Soil Use and Management, 32(1), 72-79.",,4,36.8333333333333,128.433333333333,2013.0,"Flooded paddy cropland (tropical–subtropical, Oryza sativa L. double/single season)",South Korea paddy rice system,,mixture,Paddy Rice,PADDY/FLOODED,,,,,,,,,,,1.11,0.73,0.399,0.2624,,,,,235.0,140.0,100.8986,60.1098,,,South Korea,,,,,,,,,,,,,,,,,,,,,,,,,,,3,0.01,,,,,,,,,,,,,,,,,,,,,,,,,,,,
572,1711,64,"Haque, M. M., Biswas, J. C., Kim, S. Y., & Kim, P. J. (2016). Suppressing methane emission and global warming potential from rice fields through intermittent drainage and green biomass amendment. Soil Use and Management, 32(1), 72-79.",,4,36.8333333333333,128.433333333333,2013.0,"Flooded paddy cropland (tropical–subtropical, Oryza sativa L. double/single season)",South Korea paddy rice system,,mixture,Paddy Rice,PADDY/FLOODED,,,,,,,,,,,2.34,0.73,0.8411,0.2624,,,,,582.0,140.0,249.885,60.1098,,,South Korea,,,,,,,,,,,,,,,,,,,,,,,,,,,3,0.01,,,,,,,,,,,,,,,,,,,,,,,,,,,,
573,1712,64,"Haque, M. M., Biswas, J. C., Kim, S. Y., & Kim, P. J. (2016). Suppressing methane emission and global warming potential from rice fields through intermittent drainage and green biomass amendment. Soil Use and Management, 32(1), 72-79.",,4,36.8333333333333,128.433333333333,2013.0,"Flooded paddy cropland (tropical–subtropical, Oryza sativa L. double/single season)",South Korea paddy rice system,,mixture,Paddy Rice,PADDY/FLOODED,10034.0,,4606.0,,,,ct,incorporated,20.0,g/kg,2.99,0.73,1.0747,0.2624,,,,,830.0,140.0,356.3652,60.1098,,,South Korea,,,,,,,,,legume + non-legume,,,,,,,,,,,,,,,,,,3,0.01,,,,,,,,,,,,,,,,,,,,,,,,,,,,
574,1713,65,"Haque, M. M., Kim, S. Y., Ali, M. A., & Kim, P. J. (2015). Contribution of greenhouse gas emissions during cropping and fallow seasons on total global warming potential in mono-rice paddy soils. Plant and Soil, 387, 251-264.",,4,36.8333333333333,128.433333333333,,"Flooded paddy cropland (tropical–subtropical, Oryza sativa L. double/single season)",South Korea paddy rice system,,mixture,Paddy Rice,PADDY/FLOODED,,,,,,,,,,,1.2,0.89,0.4313,0.3199,,,,,1560.0,169.0,669.7948,72.5611,,,South Korea,,,,,,,,,,,,,,,,,,,,,,,,,,,3,0.01,,,,,,,,,,,,,,,,,,,,,,,,,,,,
575,1714,65,"Haque, M. M., Kim, S. Y., Ali, M. A., & Kim, P. J. (2015). Contribution of greenhouse gas emissions during cropping and fallow seasons on total global warming potential in mono-rice paddy soils. Plant and Soil, 387, 251-264.",,4,36.8333333333333,128.433333333333,,"Flooded paddy cropland (tropical–subtropical, Oryza sativa L. double/single season)",South Korea paddy rice system,,mixture,Paddy Rice,PADDY/FLOODED,,,,,,,,,,,1.19,0.9,0.4277,0.3235,,,,,1431.0,163.0,614.4079,69.985,,,South Korea,,,,,,,,,,,,,,,,,,,,,,,,,,,3,0.01,,,,,,,,,,,,,,,,,,,,,,,,,,,,
576,1715,69,"Janz, B., Weller, S., Kraus, D., Racela, H. S., Wassmann, R., Butterbach-Bahl, K., & Kiese, R. (2019). Greenhouse gas footprint of diversifying rice cropping systems: Impacts of water regime and organic amendments. Agriculture, ecosystems & environment, 270, 41-54.",,4,14.1625,121.259722222222,,"Flooded paddy cropland (tropical–subtropical, Oryza sativa L. double/single season)",Philippines paddy rice system,,legume,Paddy Rice,PADDY/FLOODED,,,,,,,,,,,1.2729,1.7757,2.4496,2.994,,,,,179.9067,167.7467,67.2036,59.3516,,,Philippines,,,,,,,,,,,,,,,,,,,,,,,,,,,3,0.01,,,,,,,,,,,,,,,,,,,,,,,,,,,,
577,1716,69,"Janz, B., Weller, S., Kraus, D., Racela, H. S., Wassmann, R., Butterbach-Bahl, K., & Kiese, R. (2019). Greenhouse gas footprint of diversifying rice cropping systems: Impacts of water regime and organic amendments. Agriculture, ecosystems & environment, 270, 41-54.",,4,14.1625,121.259722222222,,"Flooded paddy cropland (tropical–subtropical, Oryza sativa L. double/single season)",Philippines paddy rice system,,legume,Paddy Rice,PADDY/FLOODED,,,,,,,,,,,4.7143,4.62,3.8105,3.5383,,,,,48.3467,44.28,45.4952,35.1029,,,Philippines,,,,,,,,,,,,,,,,,,,,,,,,,,,3,0.01,,,,,,,,,,,,,,,,,,,,,,,,,,,,
578,1717,69,"Janz, B., Weller, S., Kraus, D., Racela, H. S., Wassmann, R., Butterbach-Bahl, K., & Kiese, R. (2019). Greenhouse gas footprint of diversifying rice cropping systems: Impacts of water regime and organic amendments. Agriculture, ecosystems & environment, 270, 41-54.",,4,14.1625,121.259722222222,,"Flooded paddy cropland (tropical–subtropical, Oryza sativa L. double/single season)",Philippines paddy rice system,,legume,Paddy Rice,PADDY/FLOODED,,,,,,,,,,,8.7214,7.8729,6.8045,2.4496,,,,,0.7733,1.2533,0.6928,1.8475,,,Philippines,,,,,,,,,,,,,,,,,,,,,,,,,,,3,0.01,,,,,,,,,,,,,,,,,,,,,,,,,,,,
579,1718,69,"Janz, B., Weller, S., Kraus, D., Racela, H. S., Wassmann, R., Butterbach-Bahl, K., & Kiese, R. (2019). Greenhouse gas footprint of diversifying rice cropping systems: Impacts of water regime and organic amendments. Agriculture, ecosystems & environment, 270, 41-54.",,4,14.1625,121.259722222222,,"Flooded paddy cropland (tropical–subtropical, Oryza sativa L. double/single season)",Philippines paddy rice system,,legume,Paddy Rice,PADDY/FLOODED,,,,,,,,,,,4.4314,2.42,6.8045,0.8165,,,,,248.6533,142.7867,51.2687,63.0466,,,Philippines,,,,,,,,,,,,,,,,,,,,,,,,,,,3,0.01,,,,,,,,,,,,,,,,,,,,,,,,,,,,
580,1719,69,"Janz, B., Weller, S., Kraus, D., Racela, H. S., Wassmann, R., Butterbach-Bahl, K., & Kiese, R. (2019). Greenhouse gas footprint of diversifying rice cropping systems: Impacts of water regime and organic amendments. Agriculture, ecosystems & environment, 270, 41-54.",,4,14.1625,121.259722222222,,"Flooded paddy cropland (tropical–subtropical, Oryza sativa L. double/single season)",Philippines paddy rice system,,legume,Paddy Rice,PADDY/FLOODED,,,,,,,,,,,3.0486,2.7343,2.994,2.7218,,,,,227.16,134.6667,76.6721,40.1836,,,Philippines,,,,,,,,,,,,,,,,,,,,,,,,,,,3,0.01,,,,,,,,,,,,,,,,,,,,,,,,,,,,
581,1720,69,"Janz, B., Weller, S., Kraus, D., Racela, H. S., Wassmann, R., Butterbach-Bahl, K., & Kiese, R. (2019). Greenhouse gas footprint of diversifying rice cropping systems: Impacts of water regime and organic amendments. Agriculture, ecosystems & environment, 270, 41-54.",,4,14.1625,121.259722222222,,"Flooded paddy cropland (tropical–subtropical, Oryza sativa L. double/single season)",Philippines paddy rice system,,legume,Paddy Rice,PADDY/FLOODED,,,,,,,,,,,2.7814,1.9014,2.994,1.9053,,,,,143.92,81.2667,63.2776,25.1725,,,Philippines,,,,,,,,,,,,,,,,,,,,,,,,,,,3,0.01,,,,,,,,,,,,,,,,,,,,,,,,,,,,
582,1721,91,"Qiu, W., Bao, M., Yang, W., Song, Q., He, H., Ma, X., & Wang, Z. (2022). Soil surface management of legume cover has the potential to mitigate nitrous oxide emissions from the fallow season during wheat production. Science of The Total Environment, 820, 153352.",,4,35.12,107.45,,Mediterranean–semiarid upland cropland,lat=35.12 subtropical/Med zone,,legume,,,,,,,,,,,,,1.8212,1.1121,0.2095,0.1128,,,,,,,,,,,China,,,,,,,,,,,,,,,,,,,,,,,,,,,3,0.01,,,,,,,,,,,,,,,,,,,,,,,,,,,,
583,1723,91,"Qiu, W., Bao, M., Yang, W., Song, Q., He, H., Ma, X., & Wang, Z. (2022). Soil surface management of legume cover has the potential to mitigate nitrous oxide emissions from the fallow season during wheat production. Science of The Total Environment, 820, 153352.",,4,35.12,107.45,,Mediterranean–semiarid upland cropland,lat=35.12 subtropical/Med zone,,legume,,,,,,,,,,,,,1.37,0.822,0.1289,0.0322,,,,,,,,,,,China,,,,,,,,,,,,,,,,,,,,,,,,,,,3,0.01,,,,,,,,,,,,,,,,,,,,,,,,,,,,
584,1724,54,"Cai, Z., Tsuruta, H., Rong, X., Xu, H., & Yuan, Z. (2001). CH4 emissions from rice paddies managed according to farmer's practice in Hunan, China. Biogeochemistry, 56, 75-91.",,4,28.184092,113.093291,,"Flooded paddy cropland (tropical–subtropical, Oryza sativa L. double/single season)",China paddy rice system,,legume,Paddy Rice,PADDY/FLOODED,,,,,,,,,,,,,,,,,,,144.8064,195.7824,62.1734,84.0603,,,China,,,,,,,,,,,,,,,,,,,,,,,,,,,3,0.01,,,,,,,,,,,,,,,,,,,,,,,,,,,,
585,1725,54,"Cai, Z., Tsuruta, H., Rong, X., Xu, H., & Yuan, Z. (2001). CH4 emissions from rice paddies managed according to farmer's practice in Hunan, China. Biogeochemistry, 56, 75-91.",,4,28.184092,113.093291,,"Flooded paddy cropland (tropical–subtropical, Oryza sativa L. double/single season)",China paddy rice system,,legume,Paddy Rice,PADDY/FLOODED,,,,,,,,,,,,,,,,,,,297.4608,339.2064,127.7165,145.6402,,,China,,,,,,,,,,,,,,,,,,,,,,,,,,,3,0.01,,,,,,,,,,,,,,,,,,,,,,,,,,,,
586,1726,54,"Cai, Z., Tsuruta, H., Rong, X., Xu, H., & Yuan, Z. (2001). CH4 emissions from rice paddies managed according to farmer's practice in Hunan, China. Biogeochemistry, 56, 75-91.",,4,28.184092,113.093291,,"Flooded paddy cropland (tropical–subtropical, Oryza sativa L. double/single season)",China paddy rice system,,non-legume,Paddy Rice,PADDY/FLOODED,,,,,,,,,,,,,,,,,,,1021.5504,339.2064,438.6084,145.6402,,,China,,,,,,,,,,,,,,,,,,,,,,,,,,,3,0.01,,,,,,,,,,,,,,,,,,,,,,,,,,,,
587,1727,54,"Cai, Z., Tsuruta, H., Rong, X., Xu, H., & Yuan, Z. (2001). CH4 emissions from rice paddies managed according to farmer's practice in Hunan, China. Biogeochemistry, 56, 75-91.",,4,28.184092,113.093291,,"Flooded paddy cropland (tropical–subtropical, Oryza sativa L. double/single season)",China paddy rice system,,legume,Paddy Rice,PADDY/FLOODED,,,,,,,,,,,,,,,,,,,166.4112,268.5312,71.4496,115.2954,,,China,,,,,,,,,,,,,,,,,,,,,,,,,,,3,0.01,,,,,,,,,,,,,,,,,,,,,,,,,,,,
588,1728,54,"Cai, Z., Tsuruta, H., Rong, X., Xu, H., & Yuan, Z. (2001). CH4 emissions from rice paddies managed according to farmer's practice in Hunan, China. Biogeochemistry, 56, 75-91.",,4,28.184092,113.093291,,"Flooded paddy cropland (tropical–subtropical, Oryza sativa L. double/single season)",China paddy rice system,,non-legume,Paddy Rice,PADDY/FLOODED,,,,,,,,,,,,,,,,,,,228.7488,268.5312,98.2146,115.2954,,,China,,,,,,,,,,,,,,,,,,,,,,,,,,,3,0.01,,,,,,,,,,,,,,,,,,,,,,,,,,,,
589,1729,107,"Xu, G., Liu, X., Wang, Q., Yu, X., & Hang, Y. (2017). Integrated rice-duck farming mitigates the global warming potential in rice season. Science of the Total Environment, 575, 58-66.",,4,32.5833333333333,120.4,,"Flooded paddy cropland (tropical–subtropical, Oryza sativa L. double/single season)",China paddy rice system,,legume,Paddy Rice,PADDY/FLOODED,,,,,,,,,,,2.17,1.88,0.16,0.15,,,,,164.85,129.81,15.84,7.47,,,China,,,,,,,,,,,,,,,,,,,,,,,,,,,3,0.01,,,,,,,,,,,,,,,,,,,,,,,,,,,,
590,1730,107,"Xu, G., Liu, X., Wang, Q., Yu, X., & Hang, Y. (2017). Integrated rice-duck farming mitigates the global warming potential in rice season. Science of the Total Environment, 575, 58-66.",,4,32.5833333333333,120.4,,"Flooded paddy cropland (tropical–subtropical, Oryza sativa L. double/single season)",China paddy rice system,,legume,Paddy Rice,PADDY/FLOODED,,,,,,,,,,,2.36,2.05,0.09,0.06,,,,,140.29,117.77,11.08,4.95,,,China,,,,,,,,,,,,,,,,,,,,,,,,,,,3,0.01,,,,,,,,,,,,,,,,,,,,,,,,,,,,
593,1733,53,"Bressler, A., & Blesh, J. (2022). Episodic N 2 O emissions following tillage of a legume–grass cover crop mixture. Biogeosciences, 19(13), 3169-3184.",,4,42.2963888888889,-83.6552777777778,,Temperate upland annual cropland,USA temperate arable (corn-soybean-wheat belt),,non-legume,,,,,,,,,,,,,2.8656,3.4062,1.03,1.2243,,,,,,,,,,,USA,,,,,,,,,,,,,,,,,,,,,,,,,,,3,0.01,,,,,,,,,,,,,,,,,,,,,,,,,,,,
594,1734,53,"Bressler, A., & Blesh, J. (2022). Episodic N 2 O emissions following tillage of a legume–grass cover crop mixture. Biogeosciences, 19(13), 3169-3184.",,4,42.2963888888889,-83.6552777777778,,Temperate upland annual cropland,USA temperate arable (corn-soybean-wheat belt),,legume,,,,,,,,,,,,,7.3532,3.4062,2.643,1.2243,,no,,,,,,,,,USA,,,,,,,,,,,,,,,,,,,,,,,,,,,3,0.01,,,,,,,,,,,,,,,,,,,,,,,,,,,,
595,1735,53,"Bressler, A., & Blesh, J. (2022). Episodic N 2 O emissions following tillage of a legume–grass cover crop mixture. Biogeosciences, 19(13), 3169-3184.",,4,42.2963888888889,-83.6552777777778,,Temperate upland annual cropland,USA temperate arable (corn-soybean-wheat belt),,mixture,,,,,,,,,,,,,3.3522,3.4062,1.2049,1.2243,,,,,,,,,,,USA,,,,,,,,,,,,,,,,,,,,,,,,,,,3,0.01,,,,,,,,,,,,,,,,,,,,,,,,,,,,
596,1736,53,"Bressler, A., & Blesh, J. (2022). Episodic N 2 O emissions following tillage of a legume–grass cover crop mixture. Biogeosciences, 19(13), 3169-3184.",,4,42.24,-85.24,,Temperate upland annual cropland,USA temperate arable (corn-soybean-wheat belt),,non-legume,,,,,,,,,,,,,1.2345,2.106,0.4437,0.757,,,,,,,,,,,USA,,,,,,,,,,,,,,,,,,,,,,,,,,,3,0.01,,,,,,,,,,,,,,,,,,,,,,,,,,,,
597,1737,53,"Bressler, A., & Blesh, J. (2022). Episodic N 2 O emissions following tillage of a legume–grass cover crop mixture. Biogeosciences, 19(13), 3169-3184.",,4,42.24,-85.24,,Temperate upland annual cropland,USA temperate arable (corn-soybean-wheat belt),,legume,,,,,,,,,,,,,4.0667,2.106,1.4617,0.757,,no,,,,,,,,,USA,,,,,,,,,,,,,,,,,,,,,,,,,,,3,0.01,,,,,,,,,,,,,,,,,,,,,,,,,,,,
598,1738,53,"Bressler, A., & Blesh, J. (2022). Episodic N 2 O emissions following tillage of a legume–grass cover crop mixture. Biogeosciences, 19(13), 3169-3184.",,4,42.24,-85.24,,Temperate upland annual cropland,USA temperate arable (corn-soybean-wheat belt),,mixture,,,,,,,,,,,,,5.0107,2.106,1.801,0.757,,,,,,,,,,,USA,,,,,,,,,,,,,,,,,,,,,,,,,,,3,0.01,,,,,,,,,,,,,,,,,,,,,,,,,,,,
599,1739,95,"Saha, D., Kaye, J. P., Bhowmik, A., Bruns, M. A., Wallace, J. M., & Kemanian, A. R. (2021). Organic fertility inputs synergistically increase denitrification‐derived nitrous oxide emissions in agroecosystems. Ecological Applications, 31(7), e02403.",,4,40.7230555555556,-77.9288888888889,,Temperate upland annual cropland,USA temperate arable (corn-soybean-wheat belt),,mixture,,,,,,,,,,,,,13.0429,6.7571,1.4143,2.3571,,,,,,,,,,,USA,,,,,,,,,,,,,,,,,,,,,,,,,,,3,0.01,,,,,,,,,,,,,,,,,,,,,,,,,,,,
600,1740,95,"Saha, D., Kaye, J. P., Bhowmik, A., Bruns, M. A., Wallace, J. M., & Kemanian, A. R. (2021). Organic fertility inputs synergistically increase denitrification‐derived nitrous oxide emissions in agroecosystems. Ecological Applications, 31(7), e02403.",,4,40.7230555555556,-77.9288888888889,,Temperate upland annual cropland,USA temperate arable (corn-soybean-wheat belt),,mixture,,,,,,,,,,,,,16.8143,6.9143,0.6286,2.8286,,,,,,,,,,,USA,,,,,,,,,,,,,,,,,,,,,,,,,,,3,0.01,,,,,,,,,,,,,,,,,,,,,,,,,,,,
602,1743,80,"Liu, W., Hussain, S., Wu, L., Qin, Z., Li, X., Lu, J., ... & Geng, M. (2016). Greenhouse gas emissions, soil quality, and crop productivity from a mono-rice cultivation system as influenced by fallow season straw management. Environmental Science and Pollution Research, 23, 315-328.",,4,30.0833333333333,113.75,,"Flooded paddy cropland (tropical–subtropical, Oryza sativa L. double/single season)",China paddy rice system,,legume,Paddy Rice,PADDY/FLOODED,,,,,,,,,,,0.5029,0.3771,0.3266,0.1905,,,,,554.7867,598.6933,24.2487,62.0305,,,China,,,,,,,,,,,,,,,,,,,,,,,,,,,3,0.01,,,,,,,,,,,,,,,,,,,,,,,,,,,,
603,1744,45,"Acharya, P., Ghimire, R., Paye, W. S., Ganguli, A. C., & DelGrosso, S. J. (2022). Net greenhouse gas balance with cover crops in semi-arid irrigated cropping systems. Scientific Reports, 12(1), 12386.",,4,34.5997222222222,-103.218333333333,,Temperate upland annual cropland,USA temperate arable (corn-soybean-wheat belt),,mixture,,,,,,,,,,,,,1.6047,1.7792,0.4361,0.2093,,,,,,,,,,,USA,,,,,,,,,,,,,,,,,,,,,,,,,,,3,0.01,,,,,,,,,,,,,,,,,,,,,,,,,,,,
604,1745,45,"Acharya, P., Ghimire, R., Paye, W. S., Ganguli, A. C., & DelGrosso, S. J. (2022). Net greenhouse gas balance with cover crops in semi-arid irrigated cropping systems. Scientific Reports, 12(1), 12386.",,4,34.5997222222222,-103.218333333333,,Temperate upland annual cropland,USA temperate arable (corn-soybean-wheat belt),,non-legume,,,,,,,,,,,,,2.4769,1.7792,0.3314,0.2093,,,,,,,,,,,USA,,,,,,,,,,,,,,,,,,,,,,,,,,,3,0.01,,,,,,,,,,,,,,,,,,,,,,,,,,,,
605,1746,45,"Acharya, P., Ghimire, R., Paye, W. S., Ganguli, A. C., & DelGrosso, S. J. (2022). Net greenhouse gas balance with cover crops in semi-arid irrigated cropping systems. Scientific Reports, 12(1), 12386.",,4,34.5997222222222,-103.218333333333,,Temperate upland annual cropland,USA temperate arable (corn-soybean-wheat belt),,mixture,,,,,,,,,,,,,3.192,1.7792,0.907,0.2093,,,,,,,,,,,USA,,,,,,,,,,,,,,,,,,,,,,,,,,,3,0.01,,,,,,,,,,,,,,,,,,,,,,,,,,,,
606,1747,45,"Acharya, P., Ghimire, R., Paye, W. S., Ganguli, A. C., & DelGrosso, S. J. (2022). Net greenhouse gas balance with cover crops in semi-arid irrigated cropping systems. Scientific Reports, 12(1), 12386.",,4,34.5997222222222,-103.218333333333,,Temperate upland annual cropland,USA temperate arable (corn-soybean-wheat belt),,mixture,,,,,,,,,,,,,6.0003,1.3431,2.2152,0.5931,,,,,,,,,,,USA,,,,,,,,,,,,,,,,,,,,,,,,,,,3,0.01,,,,,,,,,,,,,,,,,,,,,,,,,,,,
607,1748,45,"Acharya, P., Ghimire, R., Paye, W. S., Ganguli, A. C., & DelGrosso, S. J. (2022). Net greenhouse gas balance with cover crops in semi-arid irrigated cropping systems. Scientific Reports, 12(1), 12386.",,4,34.5997222222222,-103.218333333333,,Temperate upland annual cropland,USA temperate arable (corn-soybean-wheat belt),,non-legume,,,,,,,,,,,,,2.8083,1.3431,0.3663,0.5931,,,,,,,,,,,USA,,,,,,,,,,,,,,,,,,,,,,,,,,,3,0.01,,,,,,,,,,,,,,,,,,,,,,,,,,,,
608,1749,45,"Acharya, P., Ghimire, R., Paye, W. S., Ganguli, A. C., & DelGrosso, S. J. (2022). Net greenhouse gas balance with cover crops in semi-arid irrigated cropping systems. Scientific Reports, 12(1), 12386.",,4,34.5997222222222,-103.218333333333,,Temperate upland annual cropland,USA temperate arable (corn-soybean-wheat belt),,mixture,,,,,,,,,,,,,2.6688,1.3431,0.5233,0.5931,,,,,,,,,,,USA,,,,,,,,,,,,,,,,,,,,,,,,,,,3,0.01,,,,,,,,,,,,,,,,,,,,,,,,,,,,
609,1750,81,"Liu, Y., Tang, H., Muhammad, A., Zhong, C., Li, P., Zhang, P., ... & Huang, G. (2019). Rice yield and greenhouse gas emissions affected by Chinese milk vetch and rice straw retention with reduced nitrogen fertilization. Agronomy Journal, 111(6), 3028-3038.",,4,28.6166666666667,117.15,,"Flooded paddy cropland (tropical–subtropical, Oryza sativa L. double/single season)",China paddy rice system,,legume,Paddy Rice,PADDY/FLOODED,,,,,,,,,,,,,,,,yes,,,192.41,365.04,47.0079,115.5624,,,China,,,,,,,,,,,,,,,,,,,,,,,,,,,3,0.01,,,,,,,,,,,,,,,,,,,,,,,,,,,,
610,1751,81,"Liu, Y., Tang, H., Muhammad, A., Zhong, C., Li, P., Zhang, P., ... & Huang, G. (2019). Rice yield and greenhouse gas emissions affected by Chinese milk vetch and rice straw retention with reduced nitrogen fertilization. Agronomy Journal, 111(6), 3028-3038.",,4,28.6166666666667,117.15,,"Flooded paddy cropland (tropical–subtropical, Oryza sativa L. double/single season)",China paddy rice system,,legume,Paddy Rice,PADDY/FLOODED,,,,,,,,,,,,,,,,yes,,,225.54,365.04,55.5469,115.5624,,,China,,,,,,,,,,,,,,,,,,,,,,,,,,,3,0.01,,,,,,,,,,,,,,,,,,,,,,,,,,,,
611,1752,79,"Liu, J., Xu, H., Jiang, Y., Zhang, K., Hu, Y., & Zeng, Z. (2017). Methane emissions and microbial communities as influenced by dual cropping of Azolla along with early rice. Scientific Reports, 7(1), 40635.",,4,29.8666666666667,112.916666666667,,"Flooded paddy cropland (tropical–subtropical, Oryza sativa L. double/single season)",China paddy rice system,,non-legume,Paddy Rice,PADDY/FLOODED,,,,,,,,,,,,,,,,,,,177.7778,200.0,6.6667,8.8889,,,China,,,,,,,,,,,,,,,,,,,,,,,,,,,3,0.01,,,,,,,,,,,,,,,,,,,,,,,,,,,,
618,1759,52,"Bozal-Leorri, A., Corrochano-Monsalve, M., Arregui, L. M., Aparicio-Tejo, P. M., & González-Murua, C. (2023). Evaluation of a crop rotation with biological inhibition potential to avoid N2O emissions in comparison with synthetic nitrification inhibition. journal of environmental sciences, 127, 222-233.",,4,42.7833333333333,-1.61666666666667,,Mediterranean–semiarid upland cropland,Spain Mediterranean arable/horticulture,,non-legume,,,,,,,,,,,,,0.5708,0.8384,0.0535,0.1962,,,,,,,,,,,Spain,,,,,,,,,,,,,,,,,,,,,,,,,,,3,0.01,,,,,,,,,,,,,,,,,,,,,,,,,,,,
619,1760,52,"Bozal-Leorri, A., Corrochano-Monsalve, M., Arregui, L. M., Aparicio-Tejo, P. M., & González-Murua, C. (2023). Evaluation of a crop rotation with biological inhibition potential to avoid N2O emissions in comparison with synthetic nitrification inhibition. journal of environmental sciences, 127, 222-233.",,4,42.7833333333333,-1.61666666666667,,Mediterranean–semiarid upland cropland,Spain Mediterranean arable/horticulture,,non-legume,,,,,,,,,,,,,5.0663,2.8721,0.3033,0.4638,,,,,,,,,,,Spain,,,,,,,,,,,,,,,,,,,,,,,,,,,3,0.01,,,,,,,,,,,,,,,,,,,,,,,,,,,,
620,1761,52,"Bozal-Leorri, A., Corrochano-Monsalve, M., Arregui, L. M., Aparicio-Tejo, P. M., & González-Murua, C. (2023). Evaluation of a crop rotation with biological inhibition potential to avoid N2O emissions in comparison with synthetic nitrification inhibition. journal of environmental sciences, 127, 222-233.",,4,42.7833333333333,-1.61666666666667,,Mediterranean–semiarid upland cropland,Spain Mediterranean arable/horticulture,,non-legume,,,,,,,,,,,,,0.6779,0.5887,0.2141,0.0714,,,,,,,,,,,Spain,,,,,,,,,,,,,,,,,,,,,,,,,,,3,0.01,,,,,,,,,,,,,,,,,,,,,,,,,,,,
639,1780,84,"O'Brien, P. L., Emmett, B. D., Malone, R. W., Nunes, M. R., Kovar, J. L., Kaspar, T. C., ... & Parkin, T. B. (2022). Nitrate losses and nitrous oxide emissions under contrasting tillage and cover crop management (Vol. 51, No. 4, pp. 683-695).",,4,42.05,-93.71,,Temperate upland annual cropland,USA temperate arable (corn-soybean-wheat belt),,non-legume,,,,,,,,,,,,,3.6701,3.2566,1.3192,1.1705,,,,,,,,,,,USA,,,,,,,,,,,,,,,,,,,,,,,,,,,3,0.01,,,,,,,,,,,,6.89,2.01,,0.2,,well-drained sandy loam,slope,,,,,,,,,summer,
640,1781,84,"O'Brien, P. L., Emmett, B. D., Malone, R. W., Nunes, M. R., Kovar, J. L., Kaspar, T. C., ... & Parkin, T. B. (2022). Nitrate losses and nitrous oxide emissions under contrasting tillage and cover crop management (Vol. 51, No. 4, pp. 683-695).",,4,42.05,-93.71,,Temperate upland annual cropland,USA temperate arable (corn-soybean-wheat belt),,non-legume,,,,,,,,,,,,,3.5667,3.3083,1.282,1.1891,,,,,,,,,,,USA,,,,,,,,,,,,,,,,,,,,,,,,,,,3,0.01,,,,,,,,,,,,7.06,7.28,,0.35,,well-drained sandy loam,slope,,,,,,,,,summer,
641,1782,84,"O'Brien, P. L., Emmett, B. D., Malone, R. W., Nunes, M. R., Kovar, J. L., Kaspar, T. C., ... & Parkin, T. B. (2022). Nitrate losses and nitrous oxide emissions under contrasting tillage and cover crop management (Vol. 51, No. 4, pp. 683-695).",,4,42.05,-93.71,,Temperate upland annual cropland,USA temperate arable (corn-soybean-wheat belt),,non-legume,,,,,,,,,,,,,0.7237,0.7237,0.2601,0.2601,,,,,,,,,,,USA,,,,,,,,,,,,,,,,,,,,,,,,,,,3,0.01,,,,,,,,,,,,6.77,1.45,,0.26,,well-drained sandy loam,slope,,,,,,,,,summer,
642,1783,84,"O'Brien, P. L., Emmett, B. D., Malone, R. W., Nunes, M. R., Kovar, J. L., Kaspar, T. C., ... & Parkin, T. B. (2022). Nitrate losses and nitrous oxide emissions under contrasting tillage and cover crop management (Vol. 51, No. 4, pp. 683-695).",,4,42.05,-93.71,,Temperate upland annual cropland,USA temperate arable (corn-soybean-wheat belt),,non-legume,,,,,,,,,,,,,0.7237,1.4474,0.2601,0.5202,,,,,,,,,,,USA,,,,,,,,,,,,,,,,,,,,,,,,,,,3,0.01,,,,,,,,,,,,6.99,1.71,,0.17,,well-drained sandy loam,summit,,,,,,,,,summer,
643,1784,84,"O'Brien, P. L., Emmett, B. D., Malone, R. W., Nunes, M. R., Kovar, J. L., Kaspar, T. C., ... & Parkin, T. B. (2022). Nitrate losses and nitrous oxide emissions under contrasting tillage and cover crop management (Vol. 51, No. 4, pp. 683-695).",,4,42.05,-93.71,,Temperate upland annual cropland,USA temperate arable (corn-soybean-wheat belt),,non-legume,,,,,,,,,,,,,5.8929,6.1513,2.1181,2.211,,,,,,,,,,,USA,,,,,,,,,,,,,,,,,,,,,,,,,,,3,0.01,,,,,,,,,,,,6.86,1.91,,0.18,,well-drained sandy loam,summit,,,,,,,,,summer,
644,1785,84,"O'Brien, P. L., Emmett, B. D., Malone, R. W., Nunes, M. R., Kovar, J. L., Kaspar, T. C., ... & Parkin, T. B. (2022). Nitrate losses and nitrous oxide emissions under contrasting tillage and cover crop management (Vol. 51, No. 4, pp. 683-695).",,4,42.05,-93.71,,Temperate upland annual cropland,USA temperate arable (corn-soybean-wheat belt),,non-legume,,,,,,,,,,,,,3.9286,6.9784,1.4121,2.5083,,,,,,,,,,,USA,,,,,,,,,,,,,,,,,,,,,,,,,,,3,0.01,,,,,,,,,,,,6.86,1.61,,0.15,,well-drained sandy loam,summit,,,,,,,,,summer,
645,1788,106,"Xiong, Z. Q., Xing, G. X., Tsuruta, H., Shen, G. Y., Shi, S. L., & Du, L. J. (2002). Measurement of nitrous oxide emissions from two rice-based cropping systems in China. Nutrient Cycling in Agroecosystems, 64, 125-133.",,4,28.25,116.916666666667,,Mediterranean–semiarid upland cropland,lat=28.25 subtropical/Med zone,,legume,,,,,,,,,,,,,0.4714,0.2829,0.0943,0.0629,,,,,,,,,,,China,,,,,,,,,,,,,,,,,,,,,,,,,,,3,0.01,,,,,,,,,,,,,,,,,,,,,,,,,,,,
646,1789,106,"Xiong, Z. Q., Xing, G. X., Tsuruta, H., Shen, G. Y., Shi, S. L., & Du, L. J. (2002). Measurement of nitrous oxide emissions from two rice-based cropping systems in China. Nutrient Cycling in Agroecosystems, 64, 125-133.",,4,28.25,116.916666666667,,Mediterranean–semiarid upland cropland,lat=28.25 subtropical/Med zone,,legume,,,,,,,,,,,,,4.4157,0.55,2.6086,0.11,,,,,,,,,,,China,,,,,,,,,,,,,,,,,,,,,,,,,,,3,0.01,,,,,,,,,,,,,,,,,,,,,,,,,,,,
647,1790,56,"Chae, H. G., Song, H. J., Bhuiyan, M. S. I., Kim, P. J., & Lee, J. G. (2022). Unexpected high suppression of ammonia volatilization loss by plastic film mulching in Korean maize cropping system. Agriculture, Ecosystems & Environment, 335, 108022.",,4,36.8333333333333,128.433333333333,,"Flooded paddy cropland (tropical–subtropical, Oryza sativa L. double/single season)",South Korea – paddy context (no cash crop info),,mixture,,,,,,,,,,,,,3.7265,4.5122,1.4367,0.2469,,,,,,,,,,,South Korea,,,,,,,,,,,,,,,,,,,,,,,,,,,3,0.01,,,,,,,,,,,,,,,,,,,,,,,,,,,,
648,1791,56,"Chae, H. G., Song, H. J., Bhuiyan, M. S. I., Kim, P. J., & Lee, J. G. (2022). Unexpected high suppression of ammonia volatilization loss by plastic film mulching in Korean maize cropping system. Agriculture, Ecosystems & Environment, 335, 108022.",,4,36.8333333333333,128.433333333333,,"Flooded paddy cropland (tropical–subtropical, Oryza sativa L. double/single season)",South Korea – paddy context (no cash crop info),,mixture,,,,,,,,,,,,,3.8388,4.6245,0.8755,0.9653,,,,,,,,,,,South Korea,,,,,,,,,,,,,,,,,,,,,,,,,,,3,0.01,,,,,,,,,,,,,,,,,,,,,,,,,,,,
649,1792,56,"Chae, H. G., Song, H. J., Bhuiyan, M. S. I., Kim, P. J., & Lee, J. G. (2022). Unexpected high suppression of ammonia volatilization loss by plastic film mulching in Korean maize cropping system. Agriculture, Ecosystems & Environment, 335, 108022.",,4,36.8333333333333,128.433333333333,,"Flooded paddy cropland (tropical–subtropical, Oryza sativa L. double/single season)",South Korea – paddy context (no cash crop info),,mixture,,,,,,,,,,,,,3.4571,4.0857,0.3816,0.2469,,,,,,,,,,,South Korea,,,,,,,,,,,,,,,,,,,,,,,,,,,3,0.01,,,,,,,,,,,,,,,,,,,,,,,,,,,,
650,1793,56,"Chae, H. G., Song, H. J., Bhuiyan, M. S. I., Kim, P. J., & Lee, J. G. (2022). Unexpected high suppression of ammonia volatilization loss by plastic film mulching in Korean maize cropping system. Agriculture, Ecosystems & Environment, 335, 108022.",,4,36.8333333333333,128.433333333333,,"Flooded paddy cropland (tropical–subtropical, Oryza sativa L. double/single season)",South Korea – paddy context (no cash crop info),,mixture,,,,,,,,,,,,,4.0408,4.6469,0.7184,1.0776,,,,,,,,,,,South Korea,,,,,,,,,,,,,,,,,,,,,,,,,,,3,0.01,,,,,,,,,,,,,,,,,,,,,,,,,,,,
651,1808,124,"Bharati, K., Mohanty, S. R., Singh, D. P., Rao, V. R., & Adhya, T. K. (2000). Influence of incorporation or dual cropping of Azolla on methane emission from a flooded alluvial soil planted to rice in eastern India. Agriculture, Ecosystems & Environment, 79(1), 73-83.",,4,20.0,86.0,,"Flooded paddy cropland (tropical–subtropical, Oryza sativa L. double/single season)",India paddy rice system,,non-legume,Paddy Rice,PADDY/FLOODED,,,,,,,,,,,,,,,,,,,105.64,94.94,45.3571,40.763,,,India,,,,,,,,,,,,,,,,,,,,,,,,,,,3,0.01,,,,,,,,,,,,,,,,,,,,,,,,,,,,
652,1809,124,"Bharati, K., Mohanty, S. R., Singh, D. P., Rao, V. R., & Adhya, T. K. (2000). Influence of incorporation or dual cropping of Azolla on methane emission from a flooded alluvial soil planted to rice in eastern India. Agriculture, Ecosystems & Environment, 79(1), 73-83.",,4,20.0,86.0,,"Flooded paddy cropland (tropical–subtropical, Oryza sativa L. double/single season)",India paddy rice system,,non-legume,Paddy Rice,PADDY/FLOODED,,,,,,,,,,,,,,,,,,,149.37,155.28,64.1328,66.6703,,,India,,,,,,,,,,,,,,,,,,,,,,,,,,,3,0.01,,,,,,,,,,,,,,,,,,,,,,,,,,,,
653,1810,124,"Bharati, K., Mohanty, S. R., Singh, D. P., Rao, V. R., & Adhya, T. K. (2000). Influence of incorporation or dual cropping of Azolla on methane emission from a flooded alluvial soil planted to rice in eastern India. Agriculture, Ecosystems & Environment, 79(1), 73-83.",,4,20.0,86.0,,"Flooded paddy cropland (tropical–subtropical, Oryza sativa L. double/single season)",India paddy rice system,,non-legume,Paddy Rice,PADDY/FLOODED,,,,,,,,,,,,,,,,,,,89.29,155.28,38.3372,66.6703,,,India,,,,,,,,,,,,,,,,,,,,,,,,,,,3,0.01,,,,,,,,,,,,,,,,,,,,,,,,,,,,
654,1811,88,"Piccinetti, C. F., Bacigaluppo, S., Di Ciocco, C. A., De Tellería, J. M., & Salvagiotti, F. (2021). Soybean in rotation with cereals attenuates nitrous oxide emissions as compared with soybean monoculture in the Pampas region. Geoderma, 402, 115192.",,4,-32.5333333333333,-60.85,,Tropical upland annual/perennial cropland (Plantation/Tropical),Argentina – South American subtropical,,non-legume,,,,,,,,,,,,,0.8852,0.4033,0.3182,0.145,,,,,,,,,,,Argentina,,,,,,,,,,,,,,,,,,,,,,,,,,,3,0.01,,,,,,,,,,,,,,,,,,,,,,,,,,,,
655,1814,63,"Haque, M. M., Biswas, J. C., Hwang, H. Y., & Kim, P. J. (2020). Annual net carbon budget in rice soil. Nutrient Cycling in Agroecosystems, 116, 31-40.",,4,36.8333333333333,128.433333333333,,"Flooded paddy cropland (tropical–subtropical, Oryza sativa L. double/single season)",South Korea paddy rice system,,mixture,Paddy Rice,PADDY/FLOODED,,,,,,,,,,,,,,,,,,,333.3333,170.6667,143.1185,73.2767,,,South Korea,,,,,,,,,,,,,,,,,,,,,,,,,,,3,0.01,,,,,,,,,,,,,,,,,,,,,,,,,,,,
656,1815,63,"Haque, M. M., Biswas, J. C., Hwang, H. Y., & Kim, P. J. (2020). Annual net carbon budget in rice soil. Nutrient Cycling in Agroecosystems, 116, 31-40.",,4,36.8333333333333,128.433333333333,,"Flooded paddy cropland (tropical–subtropical, Oryza sativa L. double/single season)",South Korea paddy rice system,,mixture,Paddy Rice,PADDY/FLOODED,,,,,,,,,,,,,,,,,,,566.6667,170.6667,243.3015,73.2767,,,South Korea,,,,,,,,,,,,,,,,,,,,,,,,,,,3,0.01,,,,,,,,,,,,,,,,,,,,,,,,,,,,
657,1816,63,"Haque, M. M., Biswas, J. C., Hwang, H. Y., & Kim, P. J. (2020). Annual net carbon budget in rice soil. Nutrient Cycling in Agroecosystems, 116, 31-40.",,4,36.8333333333333,128.433333333333,,"Flooded paddy cropland (tropical–subtropical, Oryza sativa L. double/single season)",South Korea paddy rice system,,mixture,Paddy Rice,PADDY/FLOODED,,,,,,,,,,,,,,,,,,,914.6667,170.6667,392.7173,73.2767,,,South Korea,,,,,,,,,,,,,,,,,,,,,,,,,,,3,0.01,,,,,,,,,,,,,,,,,,,,,,,,,,,,
658,1817,63,"Haque, M. M., Biswas, J. C., Hwang, H. Y., & Kim, P. J. (2020). Annual net carbon budget in rice soil. Nutrient Cycling in Agroecosystems, 116, 31-40.",,4,36.8333333333333,128.433333333333,,"Flooded paddy cropland (tropical–subtropical, Oryza sativa L. double/single season)",South Korea paddy rice system,,mixture,Paddy Rice,PADDY/FLOODED,,,,,,,,,,,,,,,,,,,297.3333,150.6667,127.6617,64.6896,,,South Korea,,,,,,,,,,,,,,,,,,,,,,,,,,,3,0.01,,,,,,,,,,,,,,,,,,,,,,,,,,,,
659,1818,63,"Haque, M. M., Biswas, J. C., Hwang, H. Y., & Kim, P. J. (2020). Annual net carbon budget in rice soil. Nutrient Cycling in Agroecosystems, 116, 31-40.",,4,36.8333333333333,128.433333333333,,"Flooded paddy cropland (tropical–subtropical, Oryza sativa L. double/single season)",South Korea paddy rice system,,mixture,Paddy Rice,PADDY/FLOODED,,,,,,,,,,,,,,,,,,,606.6667,150.6667,260.4757,64.6896,,,South Korea,,,,,,,,,,,,,,,,,,,,,,,,,,,3,0.01,,,,,,,,,,,,,,,,,,,,,,,,,,,,
660,1819,63,"Haque, M. M., Biswas, J. C., Hwang, H. Y., & Kim, P. J. (2020). Annual net carbon budget in rice soil. Nutrient Cycling in Agroecosystems, 116, 31-40.",,4,36.8333333333333,128.433333333333,,"Flooded paddy cropland (tropical–subtropical, Oryza sativa L. double/single season)",South Korea paddy rice system,,mixture,Paddy Rice,PADDY/FLOODED,,,,,,,,,,,,,,,,,,,936.0,150.6667,401.8769,64.6896,,,South Korea,,,,,,,,,,,,,,,,,,,,,,,,,,,3,0.01,,,,,,,,,,,,,,,,,,,,,,,,,,,,
661,1820,57,"Dash, P. K., Bhattacharyya, P., Shahid, M., Roy, K. S., Swain, C. K., Tripathi, R., & Nayak, A. K. (2017). Low carbon resource conservation techniques for energy savings, carbon gain and lowering GHGs emission in lowland transplanted rice. Soil and Tillage Research, 174, 45-57.",,4,20.7333333333333,86.5666666666667,,"Flooded paddy cropland (tropical–subtropical, Oryza sativa L. double/single season)",India paddy rice system,,legume,Paddy Rice,PADDY/FLOODED,,,,,,,,,,,1.4964,1.0374,0.5379,0.3729,,,,,42.2604,33.8884,18.1447,14.5502,,,India,,,,,,,,,,,,,,,,,,,,,,,,,,,3,0.01,,,,,,,,,,,,,,,,,,,,,,,,,,,,
662,1821,57,"Dash, P. K., Bhattacharyya, P., Shahid, M., Roy, K. S., Swain, C. K., Tripathi, R., & Nayak, A. K. (2017). Low carbon resource conservation techniques for energy savings, carbon gain and lowering GHGs emission in lowland transplanted rice. Soil and Tillage Research, 174, 45-57.",,4,20.7333333333333,86.5666666666667,,"Flooded paddy cropland (tropical–subtropical, Oryza sativa L. double/single season)",India paddy rice system,,legume,Paddy Rice,PADDY/FLOODED,,,,,,,,,,,1.995,1.5168,0.7171,0.5452,,,,,49.455,42.6126,21.2338,18.296,,,India,,,,,,,,,,,,,,,,,,,,,,,,,,,3,0.01,,,,,,,,,,,,,,,,,,,,,,,,,,,,
663,1822,57,"Dash, P. K., Bhattacharyya, P., Shahid, M., Roy, K. S., Swain, C. K., Tripathi, R., & Nayak, A. K. (2017). Low carbon resource conservation techniques for energy savings, carbon gain and lowering GHGs emission in lowland transplanted rice. Soil and Tillage Research, 174, 45-57.",,4,20.7333333333333,86.5666666666667,,"Flooded paddy cropland (tropical–subtropical, Oryza sativa L. double/single season)",India paddy rice system,,legume,Paddy Rice,PADDY/FLOODED,,,,,,,,,,,1.6211,1.1661,0.5827,0.4191,,,,,69.316,59.4711,29.7612,25.5343,,,India,,,,,,,,,,,,,,,,,,,,,,,,,,,3,0.01,,,,,,,,,,,,,,,,,,,,,,,,,,,,
664,1823,57,"Dash, P. K., Bhattacharyya, P., Shahid, M., Roy, K. S., Swain, C. K., Tripathi, R., & Nayak, A. K. (2017). Low carbon resource conservation techniques for energy savings, carbon gain and lowering GHGs emission in lowland transplanted rice. Soil and Tillage Research, 174, 45-57.",,4,20.7333333333333,86.5666666666667,,"Flooded paddy cropland (tropical–subtropical, Oryza sativa L. double/single season)",India paddy rice system,,legume,Paddy Rice,PADDY/FLOODED,,,,,,,,,,,1.9173,1.3878,0.6891,0.4988,,,,,76.5177,66.7686,32.8533,28.6675,,,India,,,,,,,,,,,,,,,,,,,,,,,,,,,3,0.01,,,,,,,,,,,,,,,,,,,,,,,,,,,,
665,1827,97,"Shrestha, R. K., Lal, R., & Rimal, B. (2013). Soil carbon fluxes and balances and soil properties of organically amended no-till corn production systems. Geoderma, 197, 177-185.",,4,40.0166666666667,-83.0333333333333,,Temperate upland annual cropland,USA temperate arable (corn-soybean-wheat belt),,non-legume,Corn,UPLAND/DRYLAND,,,,,,,,,,,,,,,,,,,-2.0163,-3.187,0.8657,1.3684,,,USA,,,,,,,,,,,,,,,,,,,,,,,,,,,3,0.01,,,,,,,,,,,,,,,,,,,,,,,,,,,,
666,1829,89,"Ponti, S. M. C., Videla, C. C., Monterubbianesi, M. G., Andrade, F. H., & Rizzalli, R. H. (2020). Crop intensification with sustainable practices did not increase N2O emissions. Agriculture, Ecosystems & Environment, 292, 106828.",,4,-37.75,-58.3,,Tropical upland annual/perennial cropland (Plantation/Tropical),Argentina – South American subtropical,,non-legume,,,,,,,,,,,,,1.0151,1.1896,0.3649,0.4276,,,,,,,,,,,Argentina,,,,,,,,,,,,,,,,,,,,,,,,,,,3,0.01,,,,,,,,,,,,,,,,,,,,,,,,,,,,
671,1834,68,"Hu, J., Jin, V. L., Konkel, J. Y., Schaeffer, S. M., Schneider, L. G., & DeBruyn, J. M. (2021). Soil health management enhances microbial nitrogen cycling capacity and activity. Msphere, 6(1), 10-1128.",,4,35.954401,-83.929456,,Temperate upland annual cropland,USA temperate arable (corn-soybean-wheat belt),,legume,,,,,,,,,,,,,0.3003,0.1363,0.1079,0.049,,,,,,,,,,,USA,,,,,,,,,,,,,,,,,,,,,,,,,,,3,0.01,,,,,,,,,,,,,,,,,,,,,,,,,,,,
672,1835,68,"Hu, J., Jin, V. L., Konkel, J. Y., Schaeffer, S. M., Schneider, L. G., & DeBruyn, J. M. (2021). Soil health management enhances microbial nitrogen cycling capacity and activity. Msphere, 6(1), 10-1128.",,4,35.954401,-83.929456,,Temperate upland annual cropland,USA temperate arable (corn-soybean-wheat belt),,non-legume,,,,,,,,,,,,,0.1109,0.1363,0.0399,0.049,,,,,,,,,,,USA,,,,,,,,,,,,,,,,,,,,,,,,,,,3,0.01,,,,,,,,,,,,,,,,,,,,,,,,,,,,
673,1836,68,"Hu, J., Jin, V. L., Konkel, J. Y., Schaeffer, S. M., Schneider, L. G., & DeBruyn, J. M. (2021). Soil health management enhances microbial nitrogen cycling capacity and activity. Msphere, 6(1), 10-1128.",,4,35.954401,-83.929456,,Temperate upland annual cropland,USA temperate arable (corn-soybean-wheat belt),,legume,,,,,,,,,,,,,0.3488,0.1802,0.1254,0.0648,,,,,,,,,,,USA,,,,,,,,,,,,,,,,,,,,,,,,,,,3,0.01,,,,,,,,,,,,,,,,,,,,,,,,,,,,
674,1837,68,"Hu, J., Jin, V. L., Konkel, J. Y., Schaeffer, S. M., Schneider, L. G., & DeBruyn, J. M. (2021). Soil health management enhances microbial nitrogen cycling capacity and activity. Msphere, 6(1), 10-1128.",,4,35.954401,-83.929456,,Temperate upland annual cropland,USA temperate arable (corn-soybean-wheat belt),,non-legume,,,,,,,,,,,,,0.194,0.1802,0.0697,0.0648,,,,,,,,,,,USA,,,,,,,,,,,,,,,,,,,,,,,,,,,3,0.01,,,,,,,,,,,,,,,,,,,,,,,,,,,,
675,1838,108,"Xue, K., Wu, L., Deng, Y., He, Z., Van Nostrand, J., Robertson, P. G., ... & Zhou, J. (2013). Functional gene differences in soil microbial communities from conventional, low-input, and organic farmlands. Applied and environmental microbiology, 79(4), 1284-1292.",,4,42.4,-85.4,,Temperate upland annual cropland,USA temperate arable (corn-soybean-wheat belt),,legume,Corn-Soybean-Wheat Rotation,UPLAND/DRYLAND,,,,,,,,,,,0.372,0.9685,0.1337,0.3481,,no,,,-0.1001,-0.1578,0.043,0.0678,,,USA,,,,,,,,,,,,,,,,,,,,,,,,,,,3,0.01,,,,,,,,,,,,,,,,,,,,,,,,,,,,
676,1839,74,"Koga, N. (2013). Nitrous oxide emissions under a four-year crop rotation system in northern Japan: impacts of reduced tillage, composted cattle manure application and increased plant residue input. Soil Science and Plant Nutrition, 59(1), 56-68.",,4,43.008495,141.411415,,Temperate upland annual cropland,Japan soybean/upland system,,non-legume,,,,,,,,,,,,,0.6,0.4143,0.2157,0.1489,,,,,,,,,,,Japan,,,,,,,,,,,,,,,,,,,,,,,,,,,3,0.01,,,,,,,,,,,,,,,,,,,,,,,,,,,,
678,1841,74,"Koga, N. (2013). Nitrous oxide emissions under a four-year crop rotation system in northern Japan: impacts of reduced tillage, composted cattle manure application and increased plant residue input. Soil Science and Plant Nutrition, 59(1), 56-68.",,4,43.008495,141.411415,,Temperate upland annual cropland,Japan soybean/upland system,,non-legume,,,,,,,,,,,,,0.5143,0.9429,0.1849,0.3389,,,,,,,,,,,Japan,,,,,,,,,,,,,,,,,,,,,,,,,,,3,0.01,,,,,,,,,,,,,,,,,,,,,,,,,,,,
679,1842,74,"Koga, N. (2013). Nitrous oxide emissions under a four-year crop rotation system in northern Japan: impacts of reduced tillage, composted cattle manure application and increased plant residue input. Soil Science and Plant Nutrition, 59(1), 56-68.",,4,43.008495,141.411415,,Temperate upland annual cropland,Japan soybean/upland system,,non-legume,,,,,,,,,,,,,0.5143,0.2571,0.1849,0.0924,,,,,,,,,,,Japan,,,,,,,,,,,,,,,,,,,,,,,,,,,3,0.01,,,,,,,,,,,,,,,,,,,,,,,,,,,,
680,1846,73,"Kimaro, A. A., Mpanda, M., Rioux, J., Aynekulu, E., Shaba, S., Thiong’o, M., ... & Rosenstock, T. S. (2016). Is conservation agriculture ‘climate-smart’for maize farmers in the highlands of Tanzania?. Nutrient cycling in agroecosystems, 105, 217-228.",,4,-7.25,37.8,,Tropical–subtropical upland smallholder cropland,Tanzania – sub-Saharan Africa smallholder,,legume,Corn,UPLAND/DRYLAND,,,,,,,,,,,0.4714,0.3143,0.1571,0.1414,,,,,1.2,2.1333,2.8,3.0667,,,Tanzania,,,,,,,,,,,,,,,,,,,,,,,,,,,3,0.01,,,,,,,,,,,,,,,,,,,,,,,,,,,,
681,1847,73,"Kimaro, A. A., Mpanda, M., Rioux, J., Aynekulu, E., Shaba, S., Thiong’o, M., ... & Rosenstock, T. S. (2016). Is conservation agriculture ‘climate-smart’for maize farmers in the highlands of Tanzania?. Nutrient cycling in agroecosystems, 105, 217-228.",,4,-7.25,37.8,,Tropical–subtropical upland smallholder cropland,Tanzania – sub-Saharan Africa smallholder,,legume,Corn,UPLAND/DRYLAND,,,,,,,,,,,0.3143,0.4714,0.0157,0.1571,,,,,4.6667,2.5333,7.6,5.2,,,Tanzania,,,,,,,,,,,,,,,,,,,,,,,,,,,3,0.01,,,,,,,,,,,,,,,,,,,,,,,,,,,,
682,1848,73,"Kimaro, A. A., Mpanda, M., Rioux, J., Aynekulu, E., Shaba, S., Thiong’o, M., ... & Rosenstock, T. S. (2016). Is conservation agriculture ‘climate-smart’for maize farmers in the highlands of Tanzania?. Nutrient cycling in agroecosystems, 105, 217-228.",,4,-7.25,37.8,,Tropical–subtropical upland smallholder cropland,Tanzania – sub-Saharan Africa smallholder,,legume,Corn,UPLAND/DRYLAND,,,,,,,,,,,0.4714,0.7857,0.4714,0.4714,,,,,-0.9333,-0.2667,0.4,0.2667,,,Tanzania,,,,,,,,,,,,,,,,,,,,,,,,,,,3,0.01,,,,,,,,,,,,,,,,,,,,,,,,,,,,
683,1849,73,"Kimaro, A. A., Mpanda, M., Rioux, J., Aynekulu, E., Shaba, S., Thiong’o, M., ... & Rosenstock, T. S. (2016). Is conservation agriculture ‘climate-smart’for maize farmers in the highlands of Tanzania?. Nutrient cycling in agroecosystems, 105, 217-228.",,4,-7.25,37.8,,Tropical–subtropical upland smallholder cropland,Tanzania – sub-Saharan Africa smallholder,,legume,Corn,UPLAND/DRYLAND,,,,,,,,,,,0.3143,0.6286,0.1571,0.1571,,,,,-0.8,-0.1333,0.6667,0.1333,,,Tanzania,,,,,,,,,,,,,,,,,,,,,,,,,,,3,0.01,,,,,,,,,,,,,,,,,,,,,,,,,,,,
684,1850,46,"Ali, M. A., Sattar, M. A., Islam, M. N., & Inubushi, K. (2014). Integrated effects of organic, inorganic and biological amendments on methane emission, soil quality and rice productivity in irrigated paddy ecosystem of Bangladesh: field study of two consecutive rice growing seasons. Plant and soil, 378, 239-252.",,4,24.75,90.5,,"Flooded paddy cropland (tropical–subtropical, Oryza sativa L. double/single season)",Bangladesh paddy rice system,,legume,Rice,PADDY/FLOODED,,,,,,,,,,,,,,,,yes,,,121.37,118.6,52.1109,50.9216,Cumulative CH4 flux (kg ha−1),,Bangladesh,exp,,Bangladesh Agricultural University farm,,,,,,,,,,,,,,,,,,,,,,,,3,0.01,,,,,,,,,,,,,,,,,,,,,,,,,,,,
685,1851,46,"Ali, M. A., Sattar, M. A., Islam, M. N., & Inubushi, K. (2014). Integrated effects of organic, inorganic and biological amendments on methane emission, soil quality and rice productivity in irrigated paddy ecosystem of Bangladesh: field study of two consecutive rice growing seasons. Plant and soil, 378, 239-252.",,4,24.75,90.5,,"Flooded paddy cropland (tropical–subtropical, Oryza sativa L. double/single season)",Bangladesh paddy rice system,,non-legume,Rice,PADDY/FLOODED,,,,,,,,,,,,,,,,,,,113.6,118.6,48.7748,50.9216,Cumulative CH4 flux (kg ha−1),,Bangladesh,exp,,Bangladesh Agricultural University farm,,,,,,,,,,,,,,,,,,,,,,,,3,0.01,,,,,,,,,,,,,,,,,,,,,,,,,,,,
686,1852,46,"Ali, M. A., Sattar, M. A., Islam, M. N., & Inubushi, K. (2014). Integrated effects of organic, inorganic and biological amendments on methane emission, soil quality and rice productivity in irrigated paddy ecosystem of Bangladesh: field study of two consecutive rice growing seasons. Plant and soil, 378, 239-252.",,4,24.75,90.5,,"Flooded paddy cropland (tropical–subtropical, Oryza sativa L. double/single season)",Bangladesh paddy rice system,,legume,Rice,PADDY/FLOODED,,,,,,,,,,,,,,,,yes,,,139.9,135.1,60.0669,58.0059,Cumulative CH4 flux (kg ha−1),,Bangladesh,exp,,Bangladesh Agricultural University farm,,,,,,,,,,,,,,,,,,,,,,,,3,0.01,,,,,,,,,,,,,,,,,,,,,,,,,,,,
687,1853,46,"Ali, M. A., Sattar, M. A., Islam, M. N., & Inubushi, K. (2014). Integrated effects of organic, inorganic and biological amendments on methane emission, soil quality and rice productivity in irrigated paddy ecosystem of Bangladesh: field study of two consecutive rice growing seasons. Plant and soil, 378, 239-252.",,4,24.75,90.5,,"Flooded paddy cropland (tropical–subtropical, Oryza sativa L. double/single season)",Bangladesh paddy rice system,,non-legume,Rice,PADDY/FLOODED,,,,,,,,,,,,,,,,,,,119.5,135.1,51.308,58.0059,Cumulative CH4 flux (kg ha−1),,Bangladesh,exp,,Bangladesh Agricultural University farm,,,,,,,,,,,,,,,,,,,,,,,,3,0.01,,,,,,,,,,,,,,,,,,,,,,,,,,,,
688,1854,92,"Quesnel, J., VanderZaag, A. C., Crolla, A., Kinsley, C., Gregorich, E. G., & Wagner-Riddle, C. (2019). Surface and subsurface N 2 O losses from dairy cropping systems. Nutrient Cycling in Agroecosystems, 114, 277-293.",,4,45.54925,-74.8628611111111,,Temperate upland annual cropland,Canada – Northern European/Canadian temperate arable,,mixture,,,,,,,,,,,,,6.988,5.09,2.4444,2.2431,,,,,,,,,,,Canada,,,,,,,,,,,,,,,,,,,,,,,,,,,3,0.01,,,,,,,,,,,,,,,,,,,,,,,,,,,,
689,1855,92,"Quesnel, J., VanderZaag, A. C., Crolla, A., Kinsley, C., Gregorich, E. G., & Wagner-Riddle, C. (2019). Surface and subsurface N 2 O losses from dairy cropping systems. Nutrient Cycling in Agroecosystems, 114, 277-293.",,4,45.54925,-74.8628611111111,,Temperate upland annual cropland,Canada – Northern European/Canadian temperate arable,,mixture,,,,,,,,,,,,,8.4258,9.2598,2.7894,4.2273,,,,,,,,,,,Canada,,,,,,,,,,,,,,,,,,,,,,,,,,,3,0.01,,,,,,,,,,,,,,,,,,,,,,,,,,,,
690,1856,51,"Bharali, A., Baruah, K. K., Baruah, S. G., & Bhattacharyya, P. (2018). Impacts of integrated nutrient management on methane emission, global warming potential and carbon storage capacity in rice grown in a northeast India soil. Environmental Science and Pollution Research, 25, 5889-5901.",,4,26.6833333333333,92.8333333333333,,"Flooded paddy cropland (tropical–subtropical, Oryza sativa L. double/single season)",India paddy rice system,,legume,Rice,PADDY/FLOODED,,,,,,,,,,,,,,,,,,,26.1,15.9,0.36,0.63,,,India,,,,,,,,,,,,,,,,,,,,,,,,,,,3,0.01,,,,,,,,,,,,,,,,,,,,,,,,,,,,
691,2293,94,"Rose, T. J., Kearney, L. J., Morris, S., Van Zwieten, L., & Erler, D. V. (2019). Pinto peanut cover crop nitrogen contributions and potential to mitigate nitrous oxide emissions in subtropical coffee plantations. Science of the total Environment, 656, 108-117.",,4,-28.72122,153.530484,,Mediterranean–semiarid upland cropland,Australia (Queensland) – semi-arid Mediterranean-type,,legume,,,,,,,,,,,,,0.5343,0.5971,0.192,0.2146,,,,,,,,,,,Australia,,,,,,,,,,,,,,,,,,,,,,,,,,,3,0.01,,,,,,,,,,,,,,,,,,,,,,,,,,,,
692,2294,94,"Rose, T. J., Kearney, L. J., Morris, S., Van Zwieten, L., & Erler, D. V. (2019). Pinto peanut cover crop nitrogen contributions and potential to mitigate nitrous oxide emissions in subtropical coffee plantations. Science of the total Environment, 656, 108-117.",,4,-28.77101,153.519702,,Mediterranean–semiarid upland cropland,Australia (Queensland) – semi-arid Mediterranean-type,,legume,,,,,,,,,,,,,3.9443,3.5357,1.4177,1.2709,,,,,,,,,,,Australia,,,,,,,,,,,,,,,,,,,,,,,,,,,3,0.01,,,,,,,,,,,,,,,,,,,,,,,,,,,,
693,0,116,"Nguyen, L. T. T., & Kravchenko, A. N. (2021). Effects of cover crops on soil CO2 and N2O emissions across topographically diverse agricultural landscapes in corn-soybean-wheat organic transition. European Journal of Agronomy, 122, 126189.",https://doi.org/10.1016/j.eja.2020.126189,5,42.4,-85.4,,Temperate upland annual cropland,USA temperate arable (corn-soybean-wheat belt),cereal rye (158 kg ha−1),non-legume,Corn,,0.45851528,,0.2803493,,6.0,g CO2 m-2 h-1,ct,incorporated,,,0.217391304347826,,0.152173913043478,,,yes,14,kg N ha⁻¹,,,,,,,USA,Trail,,Kellogg Biological Center (KBS),288.0,,1005.0,10.1,,,,,,,,,,,,,,,,,,,,3,0.01,,,,,,,rainfall,,1.57,g cm−3,5.8,6.7,,,,,,depression,20.0,%,,22.0,142.0,kg  ha⁻¹,,,,
694,0,116,"Nguyen, L. T. T., & Kravchenko, A. N. (2021). Effects of cover crops on soil CO2 and N2O emissions across topographically diverse agricultural landscapes in corn-soybean-wheat organic transition. European Journal of Agronomy, 122, 126189.",https://doi.org/10.1016/j.eja.2020.126189,5,42.4,-85.4,,Temperate upland annual cropland,USA temperate arable (corn-soybean-wheat belt),"annual ryegrass + Dwarf Essex rapeseed + crimson clover (winter hardy: 28, 9, 2 kg/ha)",mixture,Corn,,0.27510917,,0.2803493,,6.0,g CO2 m-2 h-1,ct,incorporated,,,0.141304347826086,,0.152173913043478,,,yes,14,kg N ha⁻¹,,,,,,,USA,Trail,,Kellogg Biological Center (KBS),288.0,,1005.0,10.1,,,,,,,,,,,,,,,,,,,,3,0.01,,,,,,,rainfall,,1.52,g cm−3,6.8,6.7,,,,,,slope,15.0,%,,25.0,194.0,kg  ha⁻¹,,,,
695,0,116,"Nguyen, L. T. T., & Kravchenko, A. N. (2021). Effects of cover crops on soil CO2 and N2O emissions across topographically diverse agricultural landscapes in corn-soybean-wheat organic transition. European Journal of Agronomy, 122, 126189.",https://doi.org/10.1016/j.eja.2020.126189,5,42.4,-85.4,,Temperate upland annual cropland,USA temperate arable (corn-soybean-wheat belt),oat+winter pea+radish (winter killed 9 + 1.5 + 4.5 kg/ha),mixture,Corn,,0.3510917,,0.2803493,,6.0,g CO2 m-2 h-1,ct,incorporated,,,0.169565217391304,,0.152173913043478,,,yes,14,kg N ha⁻¹,,,,,,,USA,Trail,,Kellogg Biological Center (KBS),288.0,,1005.0,10.1,,,,,,,,,,,,,,,,,,,,3,0.01,,,,,,,rainfall,,1.53,g cm−3,5.8,6.7,,,,,,summit,17.0,%,,23.0,264.0,kg  ha⁻¹,,,,
696,0,117,"Leal, O. A., Amado, T. J., Fiorin, J. E., Keller, C., Reimche, G. B., Rice, C. W., ... & Schwalbert, R. (2020). Linking cover crop residue quality and tillage system to CO2-C emission, soil C and N stocks and crop yield based on a long-term experiment. Agronomy, 10(12), 1848.",https://doi.org/10.3390/agronomy10121848,5,-28.707848,-53.506644,,Tropical upland annual/perennial cropland (Plantation/Tropical),Brazil – tropical cropping system,vetch,legume,Soybean,,3.14965096952908,0.10889750692521005,1.65021606648199,0.07539058171745006,28.0,g CO2 m-2 h-1,nt,not incorporated,,,,,,,,,,,,,,,,,Brazil,no sure,,Cruz Alta,409.0,,1774.0,19.2,,,,,,,,,,,,,,,,,,,,3,0.01,,,,,,,,,,,,,,,,,,,,,,,6401.0,,13.5,2.569,,
697,0,117,"Leal, O. A., Amado, T. J., Fiorin, J. E., Keller, C., Reimche, G. B., Rice, C. W., ... & Schwalbert, R. (2020). Linking cover crop residue quality and tillage system to CO2-C emission, soil C and N stocks and crop yield based on a long-term experiment. Agronomy, 10(12), 1848.",https://doi.org/10.3390/agronomy10121848,5,-28.707848,-53.506644,,Tropical upland annual/perennial cropland (Plantation/Tropical),Brazil – tropical cropping system,oat,non-legume,Soybean,,2.53814958448753,0.06701385041550978,1.65021606648199,0.07539058171745006,28.0,g CO2 m-2 h-1,nt,not incorporated,,,,,,,,,,,,,,,,,Brazil,no sure,,Cruz Alta,409.0,,1774.0,19.2,,,,,,,,,,,,,,,,,,,,3,0.01,,,,,,,,,,,,,,,,,,,,,,,6598.0,,34,2.65,,
698,0,117,"Leal, O. A., Amado, T. J., Fiorin, J. E., Keller, C., Reimche, G. B., Rice, C. W., ... & Schwalbert, R. (2020). Linking cover crop residue quality and tillage system to CO2-C emission, soil C and N stocks and crop yield based on a long-term experiment. Agronomy, 10(12), 1848.",https://doi.org/10.3390/agronomy10121848,5,-28.707848,-53.506644,,Tropical upland annual/perennial cropland (Plantation/Tropical),Brazil – tropical cropping system,oat + vetch,mixture,Soybean,,2.99049307479224,0.04188365650969006,1.65021606648199,0.07539058171745006,28.0,g CO2 m-2 h-1,nt,not incorporated,,,,,,,,,,,,,,,,,Brazil,no sure,,Cruz Alta,409.0,,1774.0,19.2,,,,,,,,,,,,,,,,,,,,3,0.01,,,,,,,,,,,,,,,,,,,,,,,6780.0,,23.6,2.74,,
699,0,114,"Breil, N. L., Lamaze, T., Bustillo, V., Marcato-Romain, C. E., Coudert, B., Queguiner, S., & Jarosz-Pellé, N. (2023). Combined impact of no-tillage and cover crops on soil carbon stocks and fluxes in maize crops. Soil and Tillage Research, 233, 105782.",https://doi.org/10.1016/j.still.2023.105782,5,43.516887,-0.26135,,Mediterranean–semiarid upland cropland,"France (SW, lat~43) – Mediterranean transition zone",Faba bean,legume,Corn,,0.57,0.24 ,0.54,0.26,,g CO2 m-2 h-1,nt,not incorporated,70.0,ton/ha (high soc),,,,,,yes,,,,,,,,,France,no sure,,Lalonquette (VER),221.0,,,,,,,,,,,,,,,,,,,,,,,3,0.01,,70.0,ton/ha (high soc),,,,,rainfed,14.2,,51,6.4,,,,,,,,,,,,,,3.5,grow,
700,0,114,"Breil, N. L., Lamaze, T., Bustillo, V., Marcato-Romain, C. E., Coudert, B., Queguiner, S., & Jarosz-Pellé, N. (2023). Combined impact of no-tillage and cover crops on soil carbon stocks and fluxes in maize crops. Soil and Tillage Research, 233, 105782.",https://doi.org/10.1016/j.still.2023.105782,5,43.410571,0.2882,,Mediterranean–semiarid upland cropland,"France (SW, lat~43) – Mediterranean transition zone",Faba bean,legume,Corn,,0.86,0.32,0.5,0.34,,g CO2 m-2 h-1,nt,not incorporated,25.0,ton/ha (low soc),,,,,,yes,,,,,,,,,France,no sure,,Estampes (LUV),266.0,,,,,,,,,,,,,,,,,,,,,,,3,0.01,,25.0,ton/ha (low soc),,,,,110,14.8,,44,6.6,,,,,,,,,,,,,,3.5,grow,
701,0,117,"Leal, O. A., Amado, T. J., Fiorin, J. E., Keller, C., Reimche, G. B., Rice, C. W., ... & Schwalbert, R. (2020). Linking cover crop residue quality and tillage system to CO2-C emission, soil C and N stocks and crop yield based on a long-term experiment. Agronomy, 10(12), 1848.",https://doi.org/10.3390/agronomy10121848,5,-28.707848,-53.506644,,Tropical upland annual/perennial cropland (Plantation/Tropical),Brazil – tropical cropping system,oat,non-legume,Soybean,,4.23024930747922,0.06701385041551067,2.82295844875346,0.12565096952907995,28.0,g CO2 m-2 h-1,ct,incorporated,,,,,,,,,,,,,,,,,Brazil,no sure,,Cruz Alta,409.0,,1774.0,19.2,,,,,,,,,,,,,,,,,,,,3,0.01,,,,,,,,,,,,,,,,,,,,,,,,,,,,
702,0,117,"Leal, O. A., Amado, T. J., Fiorin, J. E., Keller, C., Reimche, G. B., Rice, C. W., ... & Schwalbert, R. (2020). Linking cover crop residue quality and tillage system to CO2-C emission, soil C and N stocks and crop yield based on a long-term experiment. Agronomy, 10(12), 1848.",https://doi.org/10.3390/agronomy10121848,5,-28.707848,-53.506644,,Tropical upland annual/perennial cropland (Plantation/Tropical),Brazil – tropical cropping system,oat + vetch,mixture,Soybean,,5.00928531855955,0.06701385041552044,2.82295844875346,0.12565096952907995,28.0,g CO2 m-2 h-1,ct,incorporated,,,,,,,,,,,,,,,,,Brazil,no sure,,Cruz Alta,409.0,,1774.0,19.2,,,,,,,,,,,,,,,,,,,,3,0.01,,,,,,,,,,,,,,,,,,,,,,,,,,,,
703,0,117,"Leal, O. A., Amado, T. J., Fiorin, J. E., Keller, C., Reimche, G. B., Rice, C. W., ... & Schwalbert, R. (2020). Linking cover crop residue quality and tillage system to CO2-C emission, soil C and N stocks and crop yield based on a long-term experiment. Agronomy, 10(12), 1848.",https://doi.org/10.3390/agronomy10121848,5,-28.707848,-53.506644,,Tropical upland annual/perennial cropland (Plantation/Tropical),Brazil – tropical cropping system,vetch,legume,Soybean,,5.3192243767313,0.11727423822714034,2.82295844875346,0.12565096952907995,28.0,g CO2 m-2 h-1,ct,incorporated,,,,,,,,,,,,,,,,,Brazil,no sure,,Cruz Alta,409.0,,1774.0,19.2,,,,,,,,,,,,,,,,,,,,3,0.01,,,,,,,,,,,,,,,,,,,,,,,,,,,,
704,0,117,"Leal, O. A., Amado, T. J., Fiorin, J. E., Keller, C., Reimche, G. B., Rice, C. W., ... & Schwalbert, R. (2020). Linking cover crop residue quality and tillage system to CO2-C emission, soil C and N stocks and crop yield based on a long-term experiment. Agronomy, 10(12), 1848.",https://doi.org/10.3390/agronomy10121848,5,-28.707848,-53.506644,,Tropical upland annual/perennial cropland (Plantation/Tropical),Brazil – tropical cropping system,oat,non-legume,Soybean,,3.70251523545706,0.11727423822715011,2.38736842105263,0.06701385041550978,28.0,g CO2 m-2 h-1,rt,incorporated,,,,,,,,,,,,,,,,,Brazil,no sure,,Cruz Alta,409.0,,1774.0,19.2,,,,,,,,,,,,,,,,,,,,3,0.01,,,,,,,,,,,,,,,,,,,,,,,,,,,,
705,0,117,"Leal, O. A., Amado, T. J., Fiorin, J. E., Keller, C., Reimche, G. B., Rice, C. W., ... & Schwalbert, R. (2020). Linking cover crop residue quality and tillage system to CO2-C emission, soil C and N stocks and crop yield based on a long-term experiment. Agronomy, 10(12), 1848.",https://doi.org/10.3390/agronomy10121848,5,-28.707848,-53.506644,,Tropical upland annual/perennial cropland (Plantation/Tropical),Brazil – tropical cropping system,oat + vetch,mixture,Soybean,,5.05116897506925,0.17591135734071983,2.38736842105263,0.06701385041550978,28.0,g CO2 m-2 h-1,rt,incorporated,,,,,,,,,,,,,,,,,Brazil,no sure,,Cruz Alta,409.0,,1774.0,19.2,,,,,,,,,,,,,,,,,,,,3,0.01,,,,,,,,,,,,,,,,,,,,,,,,,,,,
706,0,117,"Leal, O. A., Amado, T. J., Fiorin, J. E., Keller, C., Reimche, G. B., Rice, C. W., ... & Schwalbert, R. (2020). Linking cover crop residue quality and tillage system to CO2-C emission, soil C and N stocks and crop yield based on a long-term experiment. Agronomy, 10(12), 1848.",https://doi.org/10.3390/agronomy10121848,5,-28.707848,-53.506644,,Tropical upland annual/perennial cropland (Plantation/Tropical),Brazil – tropical cropping system,vetch,legume,Soybean,,5.56214958448753,0.08376731301938989,2.38736842105263,0.06701385041550978,28.0,g CO2 m-2 h-1,rt,incorporated,,,,,,,,,,,,,,,,,Brazil,no sure,,Cruz Alta,409.0,,1774.0,19.2,,,,,,,,,,,,,,,,,,,,3,0.01,,,,,,,,,,,,,,,,,,,,,,,,,,,,
707,0,127,"Mancinelli, R., Marinari, S., Di Felice, V., Savin, M. C., & Campiglia, E. (2013). Soil property, CO2 emission and aridity index as agroecological indicators to assess the mineralization of cover crop green manure in a Mediterranean environment. Ecological indicators, 34, 31-40.",https://doi.org/10.1016/j.ecolind.2013.04.011,5,42.416667,12.066667,,Mediterranean–semiarid upland cropland,Italy Mediterranean arable/horticulture,vetch,legume,Pepper,,1.0728291316526593,0.38335050094142165,0.6582633053221286,0.10189304241469724,16.0,g CO2 m-2 h-1,ct,incorporated,,,,,,,,,,,,,,,,,Italy,Trail,,Experimental Farm of the University of Tuscia,295.0,,730.0,13.0,,,,,,,,,,,,,,,,,,,,3,0.01,,,,,,,,,,,,,,,,,,,,,,,,,,,,
708,0,127,"Mancinelli, R., Marinari, S., Di Felice, V., Savin, M. C., & Campiglia, E. (2013). Soil property, CO2 emission and aridity index as agroecological indicators to assess the mineralization of cover crop green manure in a Mediterranean environment. Ecological indicators, 34, 31-40.",https://doi.org/10.1016/j.ecolind.2013.04.011,5,42.416667,12.066667,,Mediterranean–semiarid upland cropland,Italy Mediterranean arable/horticulture,ryegrass,non-legume,Pepper,,0.8543417366946761,0.21966928769408878,0.6582633053221286,0.10189304241469724,16.0,g CO2 m-2 h-1,ct,incorporated,,,,,,,,,,,,,,,,,Italy,Trail,,Experimental Farm of the University of Tuscia,295.0,,730.0,13.0,,,,,,,,,,,,,,,,,,,,3,0.01,,,,,,,,,,,,,,,,,,,,,,,,,,,,
709,0,127,"Mancinelli, R., Marinari, S., Di Felice, V., Savin, M. C., & Campiglia, E. (2013). Soil property, CO2 emission and aridity index as agroecological indicators to assess the mineralization of cover crop green manure in a Mediterranean environment. Ecological indicators, 34, 31-40.",https://doi.org/10.1016/j.ecolind.2013.04.011,5,42.416667,12.066667,,Mediterranean–semiarid upland cropland,Italy Mediterranean arable/horticulture,vetch,legume,Pepper,,0.8160597572362264,0.3201177135852531,0.512791783380018,0.2055546595937345,16.0,g CO2 m-2 h-1,ct,incorporated,,,,,,,,,,,,,,,,,Italy,Trail,,Experimental Farm of the University of Tuscia,295.0,,730.0,13.0,,,,,,,,,,,,,,,,,,,,3,0.01,,,,,,,,,,,,,,,,,,,,,,,,,,,,
710,0,127,"Mancinelli, R., Marinari, S., Di Felice, V., Savin, M. C., & Campiglia, E. (2013). Soil property, CO2 emission and aridity index as agroecological indicators to assess the mineralization of cover crop green manure in a Mediterranean environment. Ecological indicators, 34, 31-40.",https://doi.org/10.1016/j.ecolind.2013.04.011,5,42.416667,12.066667,,Mediterranean–semiarid upland cropland,Italy Mediterranean arable/horticulture,ryegrass,non-legume,Pepper,,0.6603174603174594,0.24188882046553267,0.512791783380018,0.2055546595937345,16.0,g CO2 m-2 h-1,ct,incorporated,,,,,,,,,,,,,,,,,Italy,Trail,,Experimental Farm of the University of Tuscia,295.0,,730.0,13.0,,,,,,,,,,,,,,,,,,,,3,0.01,,,,,,,,,,,,,,,,,,,,,,,,,,,,
711,0,116,"Nguyen, L. T. T., & Kravchenko, A. N. (2021). Effects of cover crops on soil CO2 and N2O emissions across topographically diverse agricultural landscapes in corn-soybean-wheat organic transition. European Journal of Agronomy, 122, 126189.",https://doi.org/10.1016/j.eja.2020.126189,5,42.4,-85.4,,Temperate upland annual cropland,USA temperate arable (corn-soybean-wheat belt),cereal rye (158 kg ha−1),non-legume,Corn,,0.180786026200873,,0.317030567685589,,6.0,g CO2 m-2 h-1,ct,incorporated,,,0.0956521739130434,,0.165217391304347,,,yes,14,kg N ha⁻¹,,,,,,,USA,Trail,,Kellogg Biological Center (KBS),288.0,,1005.0,10.1,,,,,,,,,,,,,,,,,,,,3,0.01,,,,,,,,,,,,,,,,,,,,,,,,,,,,
712,0,116,"Nguyen, L. T. T., & Kravchenko, A. N. (2021). Effects of cover crops on soil CO2 and N2O emissions across topographically diverse agricultural landscapes in corn-soybean-wheat organic transition. European Journal of Agronomy, 122, 126189.",https://doi.org/10.1016/j.eja.2020.126189,5,42.4,-85.4,,Temperate upland annual cropland,USA temperate arable (corn-soybean-wheat belt),"annual ryegrass + Dwarf Essex rapeseed + crimson clover (winter hardy: 28, 9, 2 kg/ha)",mixture,Corn,,0.186026200873362,,0.317030567685589,,6.0,g CO2 m-2 h-1,ct,incorporated,,,0.0782608695652173,,0.165217391304347,,,yes,14,kg N ha⁻¹,,,,,,,USA,Trail,,Kellogg Biological Center (KBS),288.0,,1005.0,10.1,,,,,,,,,,,,,,,,,,,,3,0.01,,,,,,,,,,,,,,,,,,,,,,,,,,,,
713,0,116,"Nguyen, L. T. T., & Kravchenko, A. N. (2021). Effects of cover crops on soil CO2 and N2O emissions across topographically diverse agricultural landscapes in corn-soybean-wheat organic transition. European Journal of Agronomy, 122, 126189.",https://doi.org/10.1016/j.eja.2020.126189,5,42.4,-85.4,,Temperate upland annual cropland,USA temperate arable (corn-soybean-wheat belt),oat+winter pea+radish (winter killed 9 + 1.5 + 4.5 kg/ha),mixture,Corn,,0.146724890829694,,0.317030567685589,,6.0,g CO2 m-2 h-1,ct,incorporated,,,0.0608695652173912,,0.165217391304347,,,yes,14,kg N ha⁻¹,,,,,,,USA,Trail,,Kellogg Biological Center (KBS),288.0,,1005.0,10.1,,,,,,,,,,,,,,,,,,,,3,0.01,,,,,,,,,,,,,,,,,,,,,,,,,,,,
714,0,116,"Nguyen, L. T. T., & Kravchenko, A. N. (2021). Effects of cover crops on soil CO2 and N2O emissions across topographically diverse agricultural landscapes in corn-soybean-wheat organic transition. European Journal of Agronomy, 122, 126189.",https://doi.org/10.1016/j.eja.2020.126189,5,42.4,-85.4,,Temperate upland annual cropland,USA temperate arable (corn-soybean-wheat belt),cereal rye (158 kg ha−1),non-legume,Corn,,0.227947598253275,,0.372052401746724,,6.0,g CO2 m-2 h-1,ct,incorporated,,,0.121739130434782,,0.180434782608695,,,yes,14,kg N ha⁻¹,,,,,,,USA,Trail,,Kellogg Biological Center (KBS),288.0,,1005.0,10.1,,,,,,,,,,,,,,,,,,,,3,0.01,,,,,,,,,,,,6.42,2.74,,0.31,,well-drained sandy loam,depression,,,,,,,,,spring,
715,0,116,"Nguyen, L. T. T., & Kravchenko, A. N. (2021). Effects of cover crops on soil CO2 and N2O emissions across topographically diverse agricultural landscapes in corn-soybean-wheat organic transition. European Journal of Agronomy, 122, 126189.",https://doi.org/10.1016/j.eja.2020.126189,5,42.4,-85.4,,Temperate upland annual cropland,USA temperate arable (corn-soybean-wheat belt),"annual ryegrass + Dwarf Essex rapeseed + crimson clover (winter hardy: 28, 9, 2 kg/ha)",mixture,Corn,,0.408733624454148,,0.372052401746724,,6.0,g CO2 m-2 h-1,ct,incorporated,,,0.206521739130434,,0.180434782608695,,,yes,14,kg N ha⁻¹,,,,,,,USA,Trail,,Kellogg Biological Center (KBS),288.0,,1005.0,10.1,,,,,,,,,,,,,,,,,,,,3,0.01,,,,,,,,,,,,6.31,2.78,,0.89,,well-drained sandy loam,depression,,,,,,,,,spring,
716,0,116,"Nguyen, L. T. T., & Kravchenko, A. N. (2021). Effects of cover crops on soil CO2 and N2O emissions across topographically diverse agricultural landscapes in corn-soybean-wheat organic transition. European Journal of Agronomy, 122, 126189.",https://doi.org/10.1016/j.eja.2020.126189,5,42.4,-85.4,,Temperate upland annual cropland,USA temperate arable (corn-soybean-wheat belt),oat+winter pea+radish (winter killed 9 + 1.5 + 4.5 kg/ha),mixture,Corn,,0.48995633187772897,,0.372052401746724,,6.0,g CO2 m-2 h-1,ct,incorporated,,,0.247826086956521,,0.180434782608695,,,yes,14,kg N ha⁻¹,,,,,,,USA,Trail,,Kellogg Biological Center (KBS),288.0,,1005.0,10.1,,,,,,,,,,,,,,,,,,,,3,0.01,,,,,,,,,,,,6.37,1.84,,0.57,,well-drained sandy loam,depression,,,,,,,,,spring,
717,0,116,"Nguyen, L. T. T., & Kravchenko, A. N. (2021). Effects of cover crops on soil CO2 and N2O emissions across topographically diverse agricultural landscapes in corn-soybean-wheat organic transition. European Journal of Agronomy, 122, 126189.",https://doi.org/10.1016/j.eja.2020.126189,5,42.4,-85.4,,Temperate upland annual cropland,USA temperate arable (corn-soybean-wheat belt),cereal rye (158 kg ha−1),non-legume,Corn,,0.459130434782608,,0.281739130434782,,5.0,g CO2 m-2 h-1,ct,incorporated,,,0.218978102189781,,0.153284671532846,,,yes,14,kg N ha⁻¹,,,,,,,USA,Trail,,Kellogg Biological Center (KBS),288.0,,1005.0,10.1,,,,,,,,,,,,,,,,,,,,3,0.01,,,,,,,,,,,,6.19,1.17,,0.38,,well-drained sandy loam,slope,,,,,,,,,spring,
718,0,116,"Nguyen, L. T. T., & Kravchenko, A. N. (2021). Effects of cover crops on soil CO2 and N2O emissions across topographically diverse agricultural landscapes in corn-soybean-wheat organic transition. European Journal of Agronomy, 122, 126189.",https://doi.org/10.1016/j.eja.2020.126189,5,42.4,-85.4,,Temperate upland annual cropland,USA temperate arable (corn-soybean-wheat belt),"annual ryegrass + Dwarf Essex rapeseed + crimson clover (winter hardy: 28, 9, 2 kg/ha)",mixture,Corn,,0.27391304347826,,0.281739130434782,,5.0,g CO2 m-2 h-1,ct,incorporated,,,0.142335766423357,,0.153284671532846,,,yes,14,kg N ha⁻¹,,,,,,,USA,Trail,,Kellogg Biological Center (KBS),288.0,,1005.0,10.1,,,,,,,,,,,,,,,,,,,,3,0.01,,,,,,,,,,,,6.38,0.68,,0.45,,well-drained sandy loam,slope,,,,,,,,,spring,
719,0,116,"Nguyen, L. T. T., & Kravchenko, A. N. (2021). Effects of cover crops on soil CO2 and N2O emissions across topographically diverse agricultural landscapes in corn-soybean-wheat organic transition. European Journal of Agronomy, 122, 126189.",https://doi.org/10.1016/j.eja.2020.126189,5,42.4,-85.4,,Temperate upland annual cropland,USA temperate arable (corn-soybean-wheat belt),oat+winter pea+radish (winter killed 9 + 1.5 + 4.5 kg/ha),mixture,Corn,,0.352173913043478,,0.281739130434782,,5.0,g CO2 m-2 h-1,ct,incorporated,,,0.170802919708029,,0.153284671532846,,,yes,14,kg N ha⁻¹,,,,,,,USA,Trail,,Kellogg Biological Center (KBS),288.0,,1005.0,10.1,,,,,,,,,,,,,,,,,,,,3,0.01,,,,,,,,,,,,6.35,1.33,,0.45,,well-drained sandy loam,slope,,,,,,,,,spring,
720,0,116,"Nguyen, L. T. T., & Kravchenko, A. N. (2021). Effects of cover crops on soil CO2 and N2O emissions across topographically diverse agricultural landscapes in corn-soybean-wheat organic transition. European Journal of Agronomy, 122, 126189.",https://doi.org/10.1016/j.eja.2020.126189,5,42.4,-85.4,,Temperate upland annual cropland,USA temperate arable (corn-soybean-wheat belt),cereal rye (158 kg ha−1),non-legume,Corn,,0.177391304347826,,0.315652173913043,,5.0,g CO2 m-2 h-1,ct,incorporated,,,0.100729927007299,,0.166423357664233,,,yes,14,kg N ha⁻¹,,,,,,,USA,Trail,,Kellogg Biological Center (KBS),288.0,,1005.0,10.1,,,,,,,,,,,,,,,,,,,,3,0.01,,,,,,,,,,,,6.39,1.86,,0.12,,well-drained sandy loam,summit,,,,,,,,,spring,
721,0,116,"Nguyen, L. T. T., & Kravchenko, A. N. (2021). Effects of cover crops on soil CO2 and N2O emissions across topographically diverse agricultural landscapes in corn-soybean-wheat organic transition. European Journal of Agronomy, 122, 126189.",https://doi.org/10.1016/j.eja.2020.126189,5,42.4,-85.4,,Temperate upland annual cropland,USA temperate arable (corn-soybean-wheat belt),"annual ryegrass + Dwarf Essex rapeseed + crimson clover (winter hardy: 28, 9, 2 kg/ha)",mixture,Corn,,0.185217391304347,,0.315652173913043,,5.0,g CO2 m-2 h-1,ct,incorporated,,,0.0788321167883211,,0.166423357664233,,,yes,14,kg N ha⁻¹,,,,,,,USA,Trail,,Kellogg Biological Center (KBS),288.0,,1005.0,10.1,,,,,,,,,,,,,,,,,,,,3,0.01,,,,,,,,,,,,6.61,1.52,,1.22,,well-drained sandy loam,summit,,,,,,,,,spring,
722,0,116,"Nguyen, L. T. T., & Kravchenko, A. N. (2021). Effects of cover crops on soil CO2 and N2O emissions across topographically diverse agricultural landscapes in corn-soybean-wheat organic transition. European Journal of Agronomy, 122, 126189.",https://doi.org/10.1016/j.eja.2020.126189,5,42.4,-85.4,,Temperate upland annual cropland,USA temperate arable (corn-soybean-wheat belt),oat+winter pea+radish (winter killed 9 + 1.5 + 4.5 kg/ha),mixture,Corn,,0.146086956521739,,0.315652173913043,,5.0,g CO2 m-2 h-1,ct,incorporated,,,0.0613138686131385,,0.166423357664233,,,yes,14,kg N ha⁻¹,,,,,,,USA,Trail,,Kellogg Biological Center (KBS),288.0,,1005.0,10.1,,,,,,,,,,,,,,,,,,,,3,0.01,,,,,,,,,,,,6.31,3.61,,0.48,,well-drained sandy loam,summit,,,,,,,,,spring,
723,0,116,"Nguyen, L. T. T., & Kravchenko, A. N. (2021). Effects of cover crops on soil CO2 and N2O emissions across topographically diverse agricultural landscapes in corn-soybean-wheat organic transition. European Journal of Agronomy, 122, 126189.",https://doi.org/10.1016/j.eja.2020.126189,5,42.4,-85.4,,Temperate upland annual cropland,USA temperate arable (corn-soybean-wheat belt),cereal rye (158 kg ha−1),non-legume,Corn,,0.22695652173913,,0.370434782608695,,5.0,g CO2 m-2 h-1,ct,incorporated,,,0.124817518248175,,0.17956204379562,,,yes,14,kg N ha⁻¹,,,,,,,USA,Trail,,Kellogg Biological Center (KBS),288.0,,1005.0,10.1,,,,,,,,,,,,,,,,,,,,3,0.01,,,,,,,,,,,,6.92,2.24,,0.33,,well-drained sandy loam,depression,,,,,,,,,summer,
724,0,116,"Nguyen, L. T. T., & Kravchenko, A. N. (2021). Effects of cover crops on soil CO2 and N2O emissions across topographically diverse agricultural landscapes in corn-soybean-wheat organic transition. European Journal of Agronomy, 122, 126189.",https://doi.org/10.1016/j.eja.2020.126189,5,42.4,-85.4,,Temperate upland annual cropland,USA temperate arable (corn-soybean-wheat belt),"annual ryegrass + Dwarf Essex rapeseed + crimson clover (winter hardy: 28, 9, 2 kg/ha)",mixture,Corn,,0.40695652173913,,0.370434782608695,,5.0,g CO2 m-2 h-1,ct,incorporated,,,0.208029197080291,,0.17956204379562,,,yes,14,kg N ha⁻¹,,,,,,,USA,Trail,,Kellogg Biological Center (KBS),288.0,,1005.0,10.1,,,,,,,,,,,,,,,,,,,,3,0.01,,,,,,,,,,,,6.87,2.24,,0.16,,well-drained sandy loam,depression,,,,,,,,,summer,
725,0,116,"Nguyen, L. T. T., & Kravchenko, A. N. (2021). Effects of cover crops on soil CO2 and N2O emissions across topographically diverse agricultural landscapes in corn-soybean-wheat organic transition. European Journal of Agronomy, 122, 126189.",https://doi.org/10.1016/j.eja.2020.126189,5,42.4,-85.4,,Temperate upland annual cropland,USA temperate arable (corn-soybean-wheat belt),oat+winter pea+radish (winter killed 9 + 1.5 + 4.5 kg/ha),mixture,Corn,,0.487826086956521,,0.370434782608695,,5.0,g CO2 m-2 h-1,ct,incorporated,,,0.247445255474452,,0.17956204379562,,,yes,14,kg N ha⁻¹,,,,,,,USA,Trail,,Kellogg Biological Center (KBS),288.0,,1005.0,10.1,,,,,,,,,,,,,,,,,,,,3,0.01,,,,,,,,,,,,6.95,2.27,,0.21,,well-drained sandy loam,depression,,,,,,,,,summer,
