pdf_path,paper_id,unit_index,n_units_in_paper,review_flags,id,data_source,source_row_id,article_title,doi,doi_confidence,doi_source,response_types_detected,response_types_detected_confidence,response_types_detected_source,latitude,latitude_confidence,latitude_source,longitude,longitude_confidence,longitude_source,country,country_confidence,country_source,location,location_confidence,location_source,cc_species,cc_species_confidence,cc_species_source,cc_species_scientific,cc_species_scientific_confidence,cc_species_scientific_source,cc_type,cc_type_confidence,cc_type_source,cc_category,cc_category_confidence,cc_category_source,grain_crop_raw,grain_crop_raw_confidence,grain_crop_raw_source,grain_crop_norm,ccs_year_duration,ccs_year_duration_confidence,ccs_year_duration_source,year,year_confidence,year_source,cc_years_practiced,cc_years_practiced_confidence,cc_years_practiced_source,cc_duration_years,cc_planting_time_raw,cc_planting_time_raw_confidence,cc_planting_time_raw_source,cc_terminating_time_raw,cc_terminating_time_raw_confidence,cc_terminating_time_raw_source,cc_rotation_raw,cc_rotation_norm,grain_crop_rotation_raw,grain_crop_rotation_norm,tillage,tillage_confidence,tillage_source,tillage_type_raw,tillage_type_raw_confidence,tillage_type_raw_source,tillage_type_norm,cc_n_rate_kg_ha,fertilize_raw,fertilize_raw_confidence,fertilize_raw_source,fertilize_norm,grain_crop_n_rate_raw,grain_crop_n_rate_raw_confidence,grain_crop_n_rate_raw_source,grain_crop_n_rate_norm,herbicide_raw,herbicide_raw_confidence,herbicide_raw_source,herbicide_norm,irrigation_raw,irrigation_norm,soil_texture_raw,soil_texture_raw_confidence,soil_texture_raw_source,soil_texture_norm,aridity_index,annual_precipitation_mm,annual_precipitation_mm_confidence,annual_precipitation_mm_source,annual_temperature_c,annual_temperature_c_confidence,annual_temperature_c_source,notes,notes_confidence,notes_source,yield_n,yield_n_confidence,yield_n_source,yield_cc_mean,yield_cc_mean_confidence,yield_cc_mean_source,yield_cc_sd,yield_control_mean,yield_control_mean_confidence,yield_control_mean_source,yield_control_sd,yield_unit,yield_unit_confidence,yield_unit_source,yield_ln_response_ratio,yield_var_lnr_uniformed,yield_var_lnr_harmonic_n,yield_var_lnr_all_ave,gas_type,ghg_cc_mean,ghg_control_mean,ghg_cc_sd,ghg_control_sd,ghg_unit,ghg_n,ghg_ln_response_ratio,ghg_var_lnr,soc_cc_mean,soc_control_mean,soc_cc_sd,soc_control_sd,soc_unit,soc_depth_cm,soc_n,soc_ln_response_ratio,soc_var_lnr,nitrogen_type,nitrogen_cc_mean,nitrogen_control_mean,nitrogen_cc_sd,nitrogen_control_sd,nitrogen_unit,nitrogen_depth_cm,nitrogen_n,nitrogen_ln_response_ratio,nitrogen_var_lnr,nitrogen_type_confidence,nitrogen_type_source,nitrogen_cc_mean_confidence,nitrogen_cc_mean_source,nitrogen_control_mean_confidence,nitrogen_control_mean_source,nitrogen_unit_confidence,nitrogen_unit_source,nitrogen_n_confidence,nitrogen_n_source,article_title_confidence,article_title_source,cc_rotation_raw_confidence,cc_rotation_raw_source,grain_crop_rotation_raw_confidence,grain_crop_rotation_raw_source,irrigation_raw_confidence,irrigation_raw_source,gas_type_confidence,gas_type_source,ghg_cc_mean_confidence,ghg_cc_mean_source,ghg_control_mean_confidence,ghg_control_mean_source,ghg_unit_confidence,ghg_unit_source,ghg_n_confidence,ghg_n_source,ghg_cc_sd_confidence,ghg_cc_sd_source,ghg_control_sd_confidence,ghg_control_sd_source,nitrogen_depth_cm_confidence,nitrogen_depth_cm_source
/Users/yupe4788/Library/CloudStorage/OneDrive-UCB-O365/Documents/GitHub/LLM_AutoExtracting_CC/ground_truth/pdfs/2_li2015.pdf,2,1,19,,,,,,10.1016/j.agee.2014.10.016,high,regex match on PDF page 1,"yield,nitrogen",high,"['LBCCs ... obtaining a grain yield of 3.3–4.5 Mg ha⁻¹ compared to 2.6–3.3 Mg ha⁻¹ grain yield from non-LBCC and the fallow control treatments.', 'LBCCs accumulated 59–67 kg N ha⁻¹ in their tops, significantly more than those of the non-LBCC, 32–40 kg N ha⁻¹.']",56.5,high,"Section 2.1: ""56°30′ N""",9.5667,high,"Section 2.1: ""9°34′ E""",Denmark,high,"Research Centre Foulum, Aarhus University, Denmark","Research Centre Foulum, Aarhus University, Denmark",high,"Section 2.1: ""Research Centre Foulum, Aarhus University, Denmark""",Red clover,high,"Section 2.2 lists ""red clover [CL, Trifolium pratense L., cv. Rajah]""",Trifolium pratense,high,"Section 2.2 lists ""red clover [CL, Trifolium pratense L., cv. Rajah]""",Single Species,high,Section 2.2 describes CL as a single species,Legume,high,Red clover is a legume (Section 2.2),Spring barley,high,"Section 2.3: ""All plots were sown to spring barley""",Spring barley,1.0,high,A one-year field experiment was conducted,2013,high,Grain yield measured in August 2013 (Table 3),2012,high,CL sown 15 May 2012 and harvested 30 Oct 2012 (Table 1),1.0,15 May 2012,high,"Table 1: ""15 May 12 – Sowing of catch crops: CL 4 kg ha‑1; ...""",30 October 2012 (early harvest),high,"Section 2.2: ""harvested by a grass harvester on 30 October 2012 (H)""",,,,,CT,high,keyword match: 'moldboard',mouldboard ploughing,high,"One day after mouldboard ploughing to 0.20–0.25 m depth, which took place on 22 April 2013, all plots were sown to spring barley...",,,33 Mg ha‑1 cattle slurry (80 kg ha‑1 NH4‑N) injected March 2012; no further fertilizer applied,high,"Section 2.3: ""All plots had received 33 Mg ha‑1 cattle slurry ... there was no more manure or fertiliser application""",,80 kg ha⁻¹ NH4‑N,high,All plots had received 33 Mg ha⁻¹ cattle slurry (80 kg ha⁻¹ NH4‑N) by injection in March 2012...,,Glyphosate applied September 2012 in CO_H plots,high,"Section 2.2: ""glyphosate was applied in September 2012 instead of weed‑harrowing""",,,,loamy sand (0–0.30 m),high,"Section 2.1: ""top soil (0–0.30 m) is classified as loamy sand""",loamy sand (0–0.30 m),,704.0,high,The long-term mean annual precipitation at Foulum was 704 mm,7.3,high,the mean annual air temperature was 7.3 °C for the period of 1961–1990,Mean annual air temperature 7.3 °C for the period 1961–1990 as reported for the site.,high,the mean annual air temperature was 7.3 °C for the period of 1961–1990,3.0,high,Table 3 notes n = 3 (blocks),4.0,high,"Table 3, row CL H, Grain yield 4.0 Mg ha‑1",,2.7,high,"Table 3, row CO H, Grain yield 2.7 Mg ha‑1",,Mg ha‑1,high,"Table 3 column header ""Grain yield (Mg ha‑1)""",0.3930425881096072,,,,,,,,,,,,,,,,,,,,,,,,,,,,,,,,,,,,,,,,,,,,,,,,,,,,,,,,,,,,,,,,,
/Users/yupe4788/Library/CloudStorage/OneDrive-UCB-O365/Documents/GitHub/LLM_AutoExtracting_CC/ground_truth/pdfs/2_li2015.pdf,2,2,19,,,,,,10.1016/j.agee.2014.10.016,high,regex match on PDF page 1,"yield,nitrogen",high,"['LBCCs ... obtaining a grain yield of 3.3–4.5 Mg ha⁻¹ compared to 2.6–3.3 Mg ha⁻¹ grain yield from non-LBCC and the fallow control treatments.', 'LBCCs accumulated 59–67 kg N ha⁻¹ in their tops, significantly more than those of the non-LBCC, 32–40 kg N ha⁻¹.']",56.5,high,Section 2.1,9.5667,high,Section 2.1,Denmark,high,"Research Centre Foulum, Aarhus University, Denmark","Research Centre Foulum, Aarhus University, Denmark",high,Section 2.1,Red clover,high,"Section 2.2 lists ""red clover [CL, Trifolium pratense L., cv. Rajah]""",Trifolium pratense,high,"Section 2.2 lists ""red clover [CL, Trifolium pratense L., cv. Rajah]""",Single Species,high,Section 2.2 describes CL as a single species,Legume,high,Red clover is a legume,Spring barley,high,Section 2.3,Spring barley,1.0,high,A one-year field experiment was conducted,2013,high,Grain yield measured in August 2013 (Table 3),"2012,2013",high,CL sown 15 May 2012 and left until incorporation 22 Apr 2013 (Table 1),2.0,15 May 2012,high,Table 1,22 April 2013 (incorporation),high,"Section 2.2: ""left untouched until incorporation by spring ploughing on 22 April 2013 (U)""",,,,,CT,high,keyword match: 'moldboard',mouldboard ploughing,high,"One day after mouldboard ploughing to 0.20–0.25 m depth, which took place on 22 April 2013, all plots were sown to spring barley...",,,33 Mg ha‑1 cattle slurry (80 kg ha‑1 NH4‑N) injected March 2012; no further fertilizer applied,high,Section 2.3,,80 kg ha⁻¹ NH4‑N,high,All plots had received 33 Mg ha⁻¹ cattle slurry (80 kg ha⁻¹ NH4‑N) by injection in March 2012...,,glyphosate was applied in September 2012,high,"In order to maintain bare soil in control plots with minimum soil disturbance, glyphosate was applied in September 2012 instead of weedharrowing.",,,,loamy sand (0–0.30 m),high,Section 2.1,loamy sand (0–0.30 m),,704.0,high,The long-term mean annual precipitation at Foulum was 704 mm,7.3,high,the mean annual air temperature was 7.3 °C for the period of 1961–1990,Mean annual air temperature 7.3 °C for the period 1961–1990 as reported for the site.,high,the mean annual air temperature was 7.3 °C for the period of 1961–1990,3.0,high,Table 3 n = 3,4.5,high,"Table 3, row CL U, Grain yield 4.5 Mg ha‑1",,2.8,high,"Table 3, row CO U, Grain yield 2.8 Mg ha‑1",,Mg ha‑1,high,Table 3,0.4744579795951159,,,,,,,,,,,,,,,,,,,,,,,,,,,,,,,,,,,,,,,,,,,,,,,,,,,,,,,,,,,,,,,,,
/Users/yupe4788/Library/CloudStorage/OneDrive-UCB-O365/Documents/GitHub/LLM_AutoExtracting_CC/ground_truth/pdfs/2_li2015.pdf,2,3,19,,,,,,10.1016/j.agee.2014.10.016,high,regex match on PDF page 1,"yield,nitrogen",high,"['LBCCs ... obtaining a grain yield of 3.3–4.5 Mg ha⁻¹ compared to 2.6–3.3 Mg ha⁻¹ grain yield from non-LBCC and the fallow control treatments.', 'LBCCs accumulated 59–67 kg N ha⁻¹ in their tops, significantly more than those of the non-LBCC, 32–40 kg N ha⁻¹.']",56.5,high,Section 2.1,9.5667,high,Section 2.1,Denmark,high,"Research Centre Foulum, Aarhus University, Denmark","Research Centre Foulum, Aarhus University, Denmark",high,Section 2.1,Red clover‑ryegrass,high,"Section 2.2 lists ""red clover‑ryegrass [GC]""",Trifolium pratense + Lolium perenne,high,Section 2.2: GC composed of CL and GR,Mixture,high,"Section 2.2: ""red clover‑ryegrass [GC]"" is a mixture",Mixture,high,Mixture of legume and non‑legume,Spring barley,high,Section 2.3,Spring barley,1.0,high,A one-year field experiment was conducted,2013,high,Grain yield measured in August 2013 (Table 3),2012,high,GC sown 15 May 2012 and harvested 30 Oct 2012 (Table 1),1.0,15 May 2012,high,Table 1,30 October 2012 (early harvest),high,Section 2.2,,,,,CT,high,keyword match: 'moldboard',mouldboard ploughing,high,"One day after mouldboard ploughing to 0.20–0.25 m depth, which took place on 22 April 2013, all plots were sown to spring barley...",,,33 Mg ha‑1 cattle slurry (80 kg ha‑1 NH4‑N) injected March 2012; no further fertilizer applied,high,Section 2.3,,80 kg ha⁻¹ NH4‑N,high,All plots had received 33 Mg ha⁻¹ cattle slurry (80 kg ha⁻¹ NH4‑N) by injection in March 2012...,,glyphosate was applied in September 2012,high,"In order to maintain bare soil in control plots with minimum soil disturbance, glyphosate was applied in September 2012 instead of weedharrowing.",,,,loamy sand (0–0.30 m),high,Section 2.1,loamy sand (0–0.30 m),,704.0,high,The long-term mean annual precipitation at Foulum was 704 mm,7.3,high,the mean annual air temperature was 7.3 °C for the period of 1961–1990,Mean annual air temperature 7.3 °C for the period 1961–1990 as reported for the site.,high,the mean annual air temperature was 7.3 °C for the period of 1961–1990,3.0,high,Table 3 n = 3,4.0,high,"Table 3, row GC H, Grain yield 4.0 Mg ha‑1",,2.7,high,"Table 3, row CO H, Grain yield 2.7 Mg ha‑1",,Mg ha‑1,high,Table 3,0.3930425881096072,,,,,,,,,,,,,,,,,,,,,,,,,,,,,,,,,,,,,,,,,,,,,,,,,,,,,,,,,,,,,,,,,
/Users/yupe4788/Library/CloudStorage/OneDrive-UCB-O365/Documents/GitHub/LLM_AutoExtracting_CC/ground_truth/pdfs/2_li2015.pdf,2,4,19,,,,,,10.1016/j.agee.2014.10.016,high,regex match on PDF page 1,"yield,nitrogen",high,"['LBCCs ... obtaining a grain yield of 3.3–4.5 Mg ha⁻¹ compared to 2.6–3.3 Mg ha⁻¹ grain yield from non-LBCC and the fallow control treatments.', 'LBCCs accumulated 59–67 kg N ha⁻¹ in their tops, significantly more than those of the non-LBCC, 32–40 kg N ha⁻¹.']",56.5,high,Section 2.1,9.5667,high,Section 2.1,Denmark,high,"Research Centre Foulum, Aarhus University, Denmark","Research Centre Foulum, Aarhus University, Denmark",high,Section 2.1,Red clover‑ryegrass,high,Section 2.2,Trifolium pratense + Lolium perenne,high,Section 2.2,Mixture,high,Section 2.2,Mixture,high,Mixture of legume and non‑legume,Spring barley,high,Section 2.3,Spring barley,1.0,high,A one-year field experiment was conducted,2013,high,Grain yield measured in August 2013 (Table 3),"2012,2013",high,GC sown 15 May 2012 and left until incorporation 22 Apr 2013 (Table 1),2.0,15 May 2012,high,Table 1,22 April 2013 (incorporation),high,Section 2.2,,,,,CT,high,keyword match: 'moldboard',mouldboard ploughing,high,"One day after mouldboard ploughing to 0.20–0.25 m depth, which took place on 22 April 2013, all plots were sown to spring barley...",,,33 Mg ha‑1 cattle slurry (80 kg ha‑1 NH4‑N) injected March 2012; no further fertilizer applied,high,Section 2.3,,80 kg ha⁻¹ NH4‑N,high,All plots had received 33 Mg ha⁻¹ cattle slurry (80 kg ha⁻¹ NH4‑N) by injection in March 2012...,,glyphosate was applied in September 2012,high,"In order to maintain bare soil in control plots with minimum soil disturbance, glyphosate was applied in September 2012 instead of weedharrowing.",,,,loamy sand (0–0.30 m),high,Section 2.1,loamy sand (0–0.30 m),,704.0,high,The long-term mean annual precipitation at Foulum was 704 mm,7.3,high,the mean annual air temperature was 7.3 °C for the period of 1961–1990,Mean annual air temperature 7.3 °C for the period 1961–1990 as reported for the site.,high,the mean annual air temperature was 7.3 °C for the period of 1961–1990,3.0,high,Table 3 n = 3,4.5,high,"Table 3, row GC U, Grain yield 4.5 Mg ha‑1",,2.8,high,"Table 3, row CO U, Grain yield 2.8 Mg ha‑1",,Mg ha‑1,high,Table 3,0.4744579795951159,,,,,,,,,,,,,,,,,,,,,,,,,,,,,,,,,,,,,,,,,,,,,,,,,,,,,,,,,,,,,,,,,
/Users/yupe4788/Library/CloudStorage/OneDrive-UCB-O365/Documents/GitHub/LLM_AutoExtracting_CC/ground_truth/pdfs/2_li2015.pdf,2,5,19,,,,,,10.1016/j.agee.2014.10.016,high,regex match on PDF page 1,"yield,nitrogen",high,"['LBCCs ... obtaining a grain yield of 3.3–4.5 Mg ha⁻¹ compared to 2.6–3.3 Mg ha⁻¹ grain yield from non-LBCC and the fallow control treatments.', 'LBCCs accumulated 59–67 kg N ha⁻¹ in their tops, significantly more than those of the non-LBCC, 32–40 kg N ha⁻¹.']",56.5,high,Section 2.1,9.5667,high,Section 2.1,Denmark,high,"Research Centre Foulum, Aarhus University, Denmark","Research Centre Foulum, Aarhus University, Denmark",high,Section 2.1,Winter vetch,high,"Section 2.2 lists ""winter vetch [WV, Vicia villosa]""",Vicia villosa,high,Section 2.2,Single Species,high,Section 2.2,Legume,high,Winter vetch is a legume,Spring barley,high,Section 2.3,Spring barley,1.0,high,A one-year field experiment was conducted,2013,high,Grain yield measured in August 2013 (Table 3),2012,high,WV sown 10 Aug 2012 and harvested 30 Oct 2012 (Table 1),1.0,10 August 2012,high,Table 1,30 October 2012 (early harvest),high,Section 2.2,,,,,CT,high,keyword match: 'moldboard',mouldboard ploughing,high,"One day after mouldboard ploughing to 0.20–0.25 m depth, which took place on 22 April 2013, all plots were sown to spring barley...",,,33 Mg ha‑1 cattle slurry (80 kg ha‑1 NH4‑N) injected March 2012; no further fertilizer applied,high,Section 2.3,,80 kg ha⁻¹ NH4‑N,high,All plots had received 33 Mg ha⁻¹ cattle slurry (80 kg ha⁻¹ NH4‑N) by injection in March 2012...,,glyphosate was applied in September 2012,high,"In order to maintain bare soil in control plots with minimum soil disturbance, glyphosate was applied in September 2012 instead of weedharrowing.",,,,loamy sand (0–0.30 m),high,Section 2.1,loamy sand (0–0.30 m),,704.0,high,The long-term mean annual precipitation at Foulum was 704 mm,7.3,high,the mean annual air temperature was 7.3 °C for the period of 1961–1990,Mean annual air temperature 7.3 °C for the period 1961–1990 as reported for the site.,high,the mean annual air temperature was 7.3 °C for the period of 1961–1990,3.0,high,Table 3 n = 3,3.3,high,"Table 3, row WV H, Grain yield 3.3 Mg ha‑1",,2.7,high,"Table 3, row CO H, Grain yield 2.7 Mg ha‑1",,Mg ha‑1,high,Table 3,0.200670695462151,,,,,,,,,,,,,,,,,,,,,,,,,,,,,,,,,,,,,,,,,,,,,,,,,,,,,,,,,,,,,,,,,
/Users/yupe4788/Library/CloudStorage/OneDrive-UCB-O365/Documents/GitHub/LLM_AutoExtracting_CC/ground_truth/pdfs/2_li2015.pdf,2,6,19,,,,,,10.1016/j.agee.2014.10.016,high,regex match on PDF page 1,"yield,nitrogen",high,"['LBCCs ... obtaining a grain yield of 3.3–4.5 Mg ha⁻¹ compared to 2.6–3.3 Mg ha⁻¹ grain yield from non-LBCC and the fallow control treatments.', 'LBCCs accumulated 59–67 kg N ha⁻¹ in their tops, significantly more than those of the non-LBCC, 32–40 kg N ha⁻¹.']",56.5,high,Section 2.1,9.5667,high,Section 2.1,Denmark,high,"Research Centre Foulum, Aarhus University, Denmark","Research Centre Foulum, Aarhus University, Denmark",high,Section 2.1,Winter vetch,high,Section 2.2,Vicia villosa,high,Section 2.2,Single Species,high,Section 2.2,Legume,high,Legume,Spring barley,high,Section 2.3,Spring barley,1.0,high,A one-year field experiment was conducted,2013,high,Grain yield measured in August 2013 (Table 3),"2012,2013",high,WV sown 10 Aug 2012 and left until incorporation 22 Apr 2013 (Table 1),2.0,10 August 2012,high,Table 1,22 April 2013 (incorporation),high,Section 2.2,,,,,CT,high,keyword match: 'moldboard',mouldboard ploughing,high,"One day after mouldboard ploughing to 0.20–0.25 m depth, which took place on 22 April 2013, all plots were sown to spring barley...",,,33 Mg ha‑1 cattle slurry (80 kg ha‑1 NH4‑N) injected March 2012; no further fertilizer applied,high,Section 2.3,,80 kg ha⁻¹ NH4‑N,high,All plots had received 33 Mg ha⁻¹ cattle slurry (80 kg ha⁻¹ NH4‑N) by injection in March 2012...,,glyphosate was applied in September 2012,high,"In order to maintain bare soil in control plots with minimum soil disturbance, glyphosate was applied in September 2012 instead of weedharrowing.",,,,loamy sand (0–0.30 m),high,Section 2.1,loamy sand (0–0.30 m),,704.0,high,The long-term mean annual precipitation at Foulum was 704 mm,7.3,high,the mean annual air temperature was 7.3 °C for the period of 1961–1990,Mean annual air temperature 7.3 °C for the period 1961–1990 as reported for the site.,high,the mean annual air temperature was 7.3 °C for the period of 1961–1990,3.0,high,Table 3 n = 3,4.1,high,"Table 3, row WV U, Grain yield 4.1 Mg ha‑1",,2.8,high,"Table 3, row CO U, Grain yield 2.8 Mg ha‑1",,Mg ha‑1,high,Table 3,0.3813675565291038,,,,,,,,,,,,,,,,,,,,,,,,,,,,,,,,,,,,,,,,,,,,,,,,,,,,,,,,,,,,,,,,,
/Users/yupe4788/Library/CloudStorage/OneDrive-UCB-O365/Documents/GitHub/LLM_AutoExtracting_CC/ground_truth/pdfs/2_li2015.pdf,2,7,19,,,,,,10.1016/j.agee.2014.10.016,high,regex match on PDF page 1,"yield,nitrogen",high,"['LBCCs ... obtaining a grain yield of 3.3–4.5 Mg ha⁻¹ compared to 2.6–3.3 Mg ha⁻¹ grain yield from non-LBCC and the fallow control treatments.', 'LBCCs accumulated 59–67 kg N ha⁻¹ in their tops, significantly more than those of the non-LBCC, 32–40 kg N ha⁻¹.']",56.5,high,Section 2.1,9.5667,high,Section 2.1,Denmark,high,"Research Centre Foulum, Aarhus University, Denmark","Research Centre Foulum, Aarhus University, Denmark",high,Section 2.1,Fodder radish,high,"Section 2.2 lists ""fodder radish [FR, Raphanus sativus]""",Raphanus sativus,high,Section 2.2,Single Species,high,Section 2.2,Non-legume,high,Fodder radish is a non‑legume,Spring barley,high,Section 2.3,Spring barley,1.0,high,A one-year field experiment was conducted,2013,high,Grain yield measured in August 2013 (Table 3),2012,high,FR sown 10 Aug 2012 and harvested 30 Oct 2012 (Table 1),1.0,10 August 2012,high,Table 1,30 October 2012 (early harvest),high,Section 2.2,,,,,CT,high,keyword match: 'moldboard',mouldboard ploughing,high,"One day after mouldboard ploughing to 0.20–0.25 m depth, which took place on 22 April 2013, all plots were sown to spring barley...",,,33 Mg ha‑1 cattle slurry (80 kg ha‑1 NH4‑N) injected March 2012; no further fertilizer applied,high,Section 2.3,,80 kg ha⁻¹ NH4‑N,high,All plots had received 33 Mg ha⁻¹ cattle slurry (80 kg ha⁻¹ NH4‑N) by injection in March 2012...,,glyphosate was applied in September 2012,high,"In order to maintain bare soil in control plots with minimum soil disturbance, glyphosate was applied in September 2012 instead of weedharrowing.",,,,loamy sand (0–0.30 m),high,Section 2.1,loamy sand (0–0.30 m),,704.0,high,The long-term mean annual precipitation at Foulum was 704 mm,7.3,high,the mean annual air temperature was 7.3 °C for the period of 1961–1990,Mean annual air temperature 7.3 °C for the period 1961–1990 as reported for the site.,high,the mean annual air temperature was 7.3 °C for the period of 1961–1990,3.0,high,Table 3 n = 3,2.7,high,"Table 3, row FR H, Grain yield 2.7 Mg ha‑1",,2.7,high,"Table 3, row CO H, Grain yield 2.7 Mg ha‑1",,Mg ha‑1,high,Table 3,0.0,,,,,,,,,,,,,,,,,,,,,,,,,,,,,,,,,,,,,,,,,,,,,,,,,,,,,,,,,,,,,,,,,
/Users/yupe4788/Library/CloudStorage/OneDrive-UCB-O365/Documents/GitHub/LLM_AutoExtracting_CC/ground_truth/pdfs/2_li2015.pdf,2,8,19,,,,,,10.1016/j.agee.2014.10.016,high,regex match on PDF page 1,"yield,nitrogen",high,"['LBCCs ... obtaining a grain yield of 3.3–4.5 Mg ha⁻¹ compared to 2.6–3.3 Mg ha⁻¹ grain yield from non-LBCC and the fallow control treatments.', 'LBCCs accumulated 59–67 kg N ha⁻¹ in their tops, significantly more than those of the non-LBCC, 32–40 kg N ha⁻¹.']",56.5,high,Section 2.1,9.5667,high,Section 2.1,Denmark,high,"Research Centre Foulum, Aarhus University, Denmark","Research Centre Foulum, Aarhus University, Denmark",high,Section 2.1,Fodder radish,high,Section 2.2,Raphanus sativus,high,Section 2.2,Single Species,high,Section 2.2,Non-legume,high,Non‑legume,Spring barley,high,Section 2.3,Spring barley,1.0,high,A one-year field experiment was conducted,2013,high,Grain yield measured in August 2013 (Table 3),"2012,2013",high,FR sown 10 Aug 2012 and left until incorporation 22 Apr 2013 (Table 1),2.0,10 August 2012,high,Table 1,22 April 2013 (incorporation),high,Section 2.2,,,,,CT,high,keyword match: 'moldboard',mouldboard ploughing,high,"One day after mouldboard ploughing to 0.20–0.25 m depth, which took place on 22 April 2013, all plots were sown to spring barley...",,,33 Mg ha‑1 cattle slurry (80 kg ha‑1 NH4‑N) injected March 2012; no further fertilizer applied,high,Section 2.3,,80 kg ha⁻¹ NH4‑N,high,All plots had received 33 Mg ha⁻¹ cattle slurry (80 kg ha⁻¹ NH4‑N) by injection in March 2012...,,glyphosate was applied in September 2012,high,"In order to maintain bare soil in control plots with minimum soil disturbance, glyphosate was applied in September 2012 instead of weedharrowing.",,,,loamy sand (0–0.30 m),high,Section 2.1,loamy sand (0–0.30 m),,704.0,high,The long-term mean annual precipitation at Foulum was 704 mm,7.3,high,the mean annual air temperature was 7.3 °C for the period of 1961–1990,Mean annual air temperature 7.3 °C for the period 1961–1990 as reported for the site.,high,the mean annual air temperature was 7.3 °C for the period of 1961–1990,3.0,high,Table 3 n = 3,3.3,high,"Table 3, row FR U, Grain yield 3.3 Mg ha‑1",,2.8,high,"Table 3, row CO U, Grain yield 2.8 Mg ha‑1",,Mg ha‑1,high,Table 3,0.1643030512912763,,,,,,,,,,,,,,,,,,,,,,,,,,,,,,,,,,,,,,,,,,,,,,,,,,,,,,,,,,,,,,,,,
/Users/yupe4788/Library/CloudStorage/OneDrive-UCB-O365/Documents/GitHub/LLM_AutoExtracting_CC/ground_truth/pdfs/2_li2015.pdf,2,9,19,,,,,,10.1016/j.agee.2014.10.016,high,regex match on PDF page 1,"yield,nitrogen",high,"['LBCCs ... obtaining a grain yield of 3.3–4.5 Mg ha⁻¹ compared to 2.6–3.3 Mg ha⁻¹ grain yield from non-LBCC and the fallow control treatments.', 'LBCCs accumulated 59–67 kg N ha⁻¹ in their tops, significantly more than those of the non-LBCC, 32–40 kg N ha⁻¹.']",56.5,high,Section 2.1,9.5667,high,Section 2.1,Denmark,high,"Research Centre Foulum, Aarhus University, Denmark","Research Centre Foulum, Aarhus University, Denmark",high,Section 2.1,Perennial ryegrass,high,"Section 2.2 lists ""perennial ryegrass [GR, Lolium perenne]""",Lolium perenne,high,Section 2.2,Single Species,high,Section 2.2,Non-legume,high,Ryegrass is a non‑legume,Spring barley,high,Section 2.3,Spring barley,1.0,high,A one-year field experiment was conducted,2013,high,Grain yield measured in August 2013 (Table 3),2012,high,GR sown 15 May 2012 and harvested 30 Oct 2012 (Table 1),1.0,15 May 2012,high,Table 1,30 October 2012 (early harvest),high,Section 2.2,,,,,CT,high,keyword match: 'moldboard',mouldboard ploughing,high,"One day after mouldboard ploughing to 0.20–0.25 m depth, which took place on 22 April 2013, all plots were sown to spring barley...",,,33 Mg ha‑1 cattle slurry (80 kg ha‑1 NH4‑N) injected March 2012; no further fertilizer applied,high,Section 2.3,,80 kg ha⁻¹ NH4‑N,high,All plots had received 33 Mg ha⁻¹ cattle slurry (80 kg ha⁻¹ NH4‑N) by injection in March 2012...,,glyphosate was applied in September 2012,high,"In order to maintain bare soil in control plots with minimum soil disturbance, glyphosate was applied in September 2012 instead of weedharrowing.",,,,loamy sand (0–0.30 m),high,Section 2.1,loamy sand (0–0.30 m),,704.0,high,The long-term mean annual precipitation at Foulum was 704 mm,7.3,high,the mean annual air temperature was 7.3 °C for the period of 1961–1990,Mean annual air temperature 7.3 °C for the period 1961–1990 as reported for the site.,high,the mean annual air temperature was 7.3 °C for the period of 1961–1990,3.0,high,Table 3 n = 3,2.8,high,"Table 3, row GR H, Grain yield 2.8 Mg ha‑1",,2.7,high,"Table 3, row CO H, Grain yield 2.7 Mg ha‑1",,Mg ha‑1,high,Table 3,0.0363676441708747,,,,,,,,,,,,,,,,,,,,,,,,,,,,,,,,,,,,,,,,,,,,,,,,,,,,,,,,,,,,,,,,,
/Users/yupe4788/Library/CloudStorage/OneDrive-UCB-O365/Documents/GitHub/LLM_AutoExtracting_CC/ground_truth/pdfs/2_li2015.pdf,2,10,19,,,,,,10.1016/j.agee.2014.10.016,high,regex match on PDF page 1,"yield,nitrogen",high,"['LBCCs ... obtaining a grain yield of 3.3–4.5 Mg ha⁻¹ compared to 2.6–3.3 Mg ha⁻¹ grain yield from non-LBCC and the fallow control treatments.', 'LBCCs accumulated 59–67 kg N ha⁻¹ in their tops, significantly more than those of the non-LBCC, 32–40 kg N ha⁻¹.']",56.5,high,Section 2.1,9.5667,high,Section 2.1,Denmark,high,"Research Centre Foulum, Aarhus University, Denmark","Research Centre Foulum, Aarhus University, Denmark",high,Section 2.1,Perennial ryegrass,high,Section 2.2,Lolium perenne,high,Section 2.2,Single Species,high,Section 2.2,Non-legume,high,Non‑legume,Spring barley,high,Section 2.3,Spring barley,1.0,high,A one-year field experiment was conducted,2013,high,Grain yield measured in August 2013 (Table 3),"2012,2013",high,GR sown 15 May 2012 and left until incorporation 22 Apr 2013 (Table 1),2.0,15 May 2012,high,Table 1,22 April 2013 (incorporation),high,Section 2.2,,,,,CT,high,keyword match: 'moldboard',mouldboard ploughing,high,"One day after mouldboard ploughing to 0.20–0.25 m depth, which took place on 22 April 2013, all plots were sown to spring barley...",,,33 Mg ha‑1 cattle slurry (80 kg ha‑1 NH4‑N) injected March 2012; no further fertilizer applied,high,Section 2.3,,80 kg ha⁻¹ NH4‑N,high,All plots had received 33 Mg ha⁻¹ cattle slurry (80 kg ha⁻¹ NH4‑N) by injection in March 2012...,,glyphosate was applied in September 2012,high,"In order to maintain bare soil in control plots with minimum soil disturbance, glyphosate was applied in September 2012 instead of weedharrowing.",,,,loamy sand (0–0.30 m),high,Section 2.1,loamy sand (0–0.30 m),,704.0,high,The long-term mean annual precipitation at Foulum was 704 mm,7.3,high,the mean annual air temperature was 7.3 °C for the period of 1961–1990,Mean annual air temperature 7.3 °C for the period 1961–1990 as reported for the site.,high,the mean annual air temperature was 7.3 °C for the period of 1961–1990,3.0,high,Table 3 n = 3,2.6,high,"Table 3, row GR U, Grain yield 2.6 Mg ha‑1",,2.8,high,"Table 3, row CO U, Grain yield 2.8 Mg ha‑1",,Mg ha‑1,high,Table 3,-0.0741079721537217,,,,,,,,,,,,,,,,,,,,,,,,,,,,,,,,,,,,,,,,,,,,,,,,,,,,,,,,,,,,,,,,,
/Users/yupe4788/Library/CloudStorage/OneDrive-UCB-O365/Documents/GitHub/LLM_AutoExtracting_CC/ground_truth/pdfs/2_li2015.pdf,2,11,19,,,,,,10.1016/j.agee.2014.10.016,high,regex match on PDF page 1,"yield,nitrogen",high,"['LBCCs ... obtaining a grain yield of 3.3–4.5 Mg ha⁻¹ compared to 2.6–3.3 Mg ha⁻¹ grain yield from non-LBCC and the fallow control treatments.', 'LBCCs accumulated 59–67 kg N ha⁻¹ in their tops, significantly more than those of the non-LBCC, 32–40 kg N ha⁻¹.']",56.5,high,56° 30' N,9.5667,high,9° 34' E,Denmark,high,"Research Centre Foulum, Aarhus University, Denmark","Research Centre Foulum, Aarhus University, Denmark",high,"A one‑year field experiment was conducted at Research Centre Foulum, Aarhus University, Denmark",Red clover,high,"red clover [CL, Trifolium pratense L., cv. Rajah]",Trifolium pratense,high,"red clover [CL, Trifolium pratense L., cv. Rajah]",Single Species,high,"red clover [CL, Trifolium pratense L., cv. Rajah]",Legume,high,"red clover [CL, Trifolium pratense L., cv. Rajah]",spring barley,high,All plots were sown to spring barley ... to determine effects of catch crops on crop N uptake.,spring barley,1.0,high,A one-year field experiment was conducted,2013,high,Barley grain yield measured on 21 August 2013,"2012,2013",high,Catch crops sown in May/August 2012 and either harvested 30 Oct 2012 or incorporated 22 Apr 2013,2.0,May 2012,high,15 May 12 – Sowing of catch crops: CL …; GC …; GR …,Early harvest (30 Oct 2012),high,Harvest of catch crops in H plots by a grass harvester on 30 October 2012,,,,,CT,high,keyword match: 'moldboard',mouldboard ploughing,high,"One day after mouldboard ploughing to 0.20–0.25 m depth, which took place on 22 April 2013, all plots were sown to spring barley...",,,33 Mg ha‑1 cattle slurry (80 kg ha‑1 NH4‑N) injected March 2012; no further fertilizer,high,"All plots had received 33 Mg ha⁻¹ cattle slurry (80 kg ha⁻¹ NH4‑N) by injection in March 2012, but during the one‑year period of the present study there was no more manure or fertiliser application.",,80 kg ha⁻¹ NH4‑N,high,All plots had received 33 Mg ha⁻¹ cattle slurry (80 kg ha⁻¹ NH4‑N) by injection in March 2012...,,Glyphosate applied Sep 2012 in CO_H plots,high,"In order to maintain bare soil in control plots with minimum soil disturbance, glyphosate was applied in September 2012 instead of weed‑harrowing.",,,,loamy sand,high,The top soil (0–0.30 m) is classified as loamy sand,loamy sand,,704.0,high,The long-term mean annual precipitation at Foulum was 704 mm,7.3,high,the mean annual air temperature was 7.3 °C for the period of 1961–1990,Mean annual air temperature 7.3 °C for the period 1961–1990 as reported for the site.,high,the mean annual air temperature was 7.3 °C for the period of 1961–1990,,,,,,,,,,,,,,,,,,,,,,,,,,,,,,,,,,,,,total-N,110.0,63.0,,,kg N ha‑1,,3.0,0.5573456394008836,,high,Aboveground N in harvested barley biomass,high,Table 3 – CL H – Aboveground N 110 kg ha⁻¹,high,Table 3 – CO_H – Aboveground N 63 kg ha⁻¹,high,Table 3 column header “Aboveground N (kg ha⁻¹)”,high,Table 3 – n = 3 (stated in table caption),,,,,,,,,,,,,,,,,,,,,,,,
/Users/yupe4788/Library/CloudStorage/OneDrive-UCB-O365/Documents/GitHub/LLM_AutoExtracting_CC/ground_truth/pdfs/2_li2015.pdf,2,12,19,,,,,,10.1016/j.agee.2014.10.016,high,regex match on PDF page 1,"yield,nitrogen",high,"['LBCCs ... obtaining a grain yield of 3.3–4.5 Mg ha⁻¹ compared to 2.6–3.3 Mg ha⁻¹ grain yield from non-LBCC and the fallow control treatments.', 'LBCCs accumulated 59–67 kg N ha⁻¹ in their tops, significantly more than those of the non-LBCC, 32–40 kg N ha⁻¹.']",56.5,high,56° 30' N,9.5667,high,9° 34' E,Denmark,high,"Research Centre Foulum, Aarhus University, Denmark","Research Centre Foulum, Aarhus University, Denmark",high,"A one‑year field experiment was conducted at Research Centre Foulum, Aarhus University, Denmark",Red clover + ryegrass,high,red clover‑ryegrass [GC],Trifolium pratense + Lolium perenne,high,"red clover‑ryegrass [GC] (clover = Trifolium pratense, ryegrass = Lolium perenne)",Mixture,high,red clover‑ryegrass [GC],Mixture,high,red clover‑ryegrass [GC] combines legume and non‑legume species,spring barley,high,All plots were sown to spring barley,spring barley,1.0,high,A one-year field experiment was conducted,2013,high,Barley harvest August 2013,"2012,2013",high,Sown May 2012; harvested Oct 2012 or incorporated Apr 2013,2.0,May 2012,high,15 May 12 – Sowing of catch crops: GC (3 kg ha⁻¹ CL + 7 kg ha⁻¹ GR),Early harvest (30 Oct 2012),high,Harvest of catch crops in H plots by a grass harvester on 30 October 2012,,,,,CT,high,keyword match: 'moldboard',mouldboard ploughing,high,"One day after mouldboard ploughing to 0.20–0.25 m depth, which took place on 22 April 2013, all plots were sown to spring barley...",,,33 Mg ha‑1 cattle slurry (80 kg ha‑1 NH4‑N) injected March 2012; no further fertilizer,high,All plots had received 33 Mg ha⁻¹ cattle slurry …,,80 kg ha⁻¹ NH4‑N,high,All plots had received 33 Mg ha⁻¹ cattle slurry (80 kg ha⁻¹ NH4‑N) by injection in March 2012...,,Glyphosate applied Sep 2012 in CO_H plots,high,Glyphosate was applied in September 2012,,,,loamy sand,high,The top soil … is classified as loamy sand,loamy sand,,704.0,high,The long-term mean annual precipitation at Foulum was 704 mm,7.3,high,the mean annual air temperature was 7.3 °C for the period of 1961–1990,Mean annual air temperature 7.3 °C for the period 1961–1990 as reported for the site.,high,the mean annual air temperature was 7.3 °C for the period of 1961–1990,,,,,,,,,,,,,,,,,,,,,,,,,,,,,,,,,,,,,total-N,91.0,63.0,,,kg N ha‑1,,3.0,0.3677247801253173,,high,Aboveground N in harvested barley,high,Table 3 – GC H – Aboveground N 91 kg ha⁻¹,high,Table 3 – CO_H – Aboveground N 63 kg ha⁻¹,high,Table 3 column header,high,Table 3 – n = 3,,,,,,,,,,,,,,,,,,,,,,,,
/Users/yupe4788/Library/CloudStorage/OneDrive-UCB-O365/Documents/GitHub/LLM_AutoExtracting_CC/ground_truth/pdfs/2_li2015.pdf,2,13,19,,,,,,10.1016/j.agee.2014.10.016,high,regex match on PDF page 1,"yield,nitrogen",high,"['LBCCs ... obtaining a grain yield of 3.3–4.5 Mg ha⁻¹ compared to 2.6–3.3 Mg ha⁻¹ grain yield from non-LBCC and the fallow control treatments.', 'LBCCs accumulated 59–67 kg N ha⁻¹ in their tops, significantly more than those of the non-LBCC, 32–40 kg N ha⁻¹.']",56.5,high,56° 30' N,9.5667,high,9° 34' E,Denmark,high,"Research Centre Foulum, Aarhus University, Denmark","Research Centre Foulum, Aarhus University, Denmark",high,"A one‑year field experiment was conducted at Research Centre Foulum, Aarhus University, Denmark",Red clover + ryegrass,high,red clover‑ryegrass [GC],Trifolium pratense + Lolium perenne,high,red clover‑ryegrass [GC],Mixture,high,red clover‑ryegrass [GC],Mixture,high,red clover‑ryegrass combines legume and non‑legume,spring barley,high,All plots were sown to spring barley,spring barley,1.0,high,A one-year field experiment was conducted,2013,high,Barley harvest August 2013,"2012,2013",high,Sown May 2012; incorporated Apr 2013,2.0,May 2012,high,15 May 12 – Sowing of catch crops: GC (3 kg ha⁻¹ CL + 7 kg ha⁻¹ GR),Incorporation by spring ploughing (22 Apr 2013),high,Incorporation by spring ploughing on 22 April 2013,,,,,CT,high,keyword match: 'moldboard',mouldboard ploughing,high,"One day after mouldboard ploughing to 0.20–0.25 m depth, which took place on 22 April 2013, all plots were sown to spring barley...",,,33 Mg ha‑1 cattle slurry (80 kg ha‑1 NH4‑N) injected March 2012; no further fertilizer,high,All plots had received 33 Mg ha⁻¹ cattle slurry …,,80 kg ha⁻¹ NH4‑N,high,All plots had received 33 Mg ha⁻¹ cattle slurry (80 kg ha⁻¹ NH4‑N) by injection in March 2012...,,Glyphosate applied Sep 2012 in CO_H plots,high,Glyphosate was applied in September 2012,,,,loamy sand,high,The top soil … is classified as loamy sand,loamy sand,,704.0,high,The long-term mean annual precipitation at Foulum was 704 mm,7.3,high,the mean annual air temperature was 7.3 °C for the period of 1961–1990,Mean annual air temperature 7.3 °C for the period 1961–1990 as reported for the site.,high,the mean annual air temperature was 7.3 °C for the period of 1961–1990,,,,,,,,,,,,,,,,,,,,,,,,,,,,,,,,,,,,,total-N,121.0,67.0,,,kg N ha‑1,,3.0,0.5910979262057751,,high,Aboveground N in harvested barley,high,Table 3 – GC U – Aboveground N 121 kg ha⁻¹,high,Table 3 – CO_U – Aboveground N 67 kg ha⁻¹,high,Table 3 column header,high,Table 3 – n = 3,,,,,,,,,,,,,,,,,,,,,,,,
/Users/yupe4788/Library/CloudStorage/OneDrive-UCB-O365/Documents/GitHub/LLM_AutoExtracting_CC/ground_truth/pdfs/2_li2015.pdf,2,14,19,,,,,,10.1016/j.agee.2014.10.016,high,regex match on PDF page 1,"yield,nitrogen",high,"['LBCCs ... obtaining a grain yield of 3.3–4.5 Mg ha⁻¹ compared to 2.6–3.3 Mg ha⁻¹ grain yield from non-LBCC and the fallow control treatments.', 'LBCCs accumulated 59–67 kg N ha⁻¹ in their tops, significantly more than those of the non-LBCC, 32–40 kg N ha⁻¹.']",56.5,high,56° 30' N,9.5667,high,9° 34' E,Denmark,high,"Research Centre Foulum, Aarhus University, Denmark","Research Centre Foulum, Aarhus University, Denmark",high,"A one‑year field experiment was conducted at Research Centre Foulum, Aarhus University, Denmark",Winter vetch,high,"winter vetch [WV, Vicia villosa, cv. Villana]",Vicia villosa,high,"winter vetch [WV, Vicia villosa, cv. Villana]",Single Species,high,winter vetch [WV],Legume,high,winter vetch is a legume species,spring barley,high,All plots were sown to spring barley,spring barley,1.0,high,A one-year field experiment was conducted,2013,high,Barley harvest August 2013,"2012,2013",high,Sown Aug 2012; harvested Oct 2012 or incorporated Apr 2013,2.0,August 2012,high,10 Aug 12 – Sowing of catch crops: WV 50 kg ha⁻¹,Early harvest (30 Oct 2012),high,Harvest of catch crops in H plots by a grass harvester on 30 October 2012,,,,,CT,high,keyword match: 'moldboard',mouldboard ploughing,high,"One day after mouldboard ploughing to 0.20–0.25 m depth, which took place on 22 April 2013, all plots were sown to spring barley...",,,33 Mg ha‑1 cattle slurry (80 kg ha‑1 NH4‑N) injected March 2012; no further fertilizer,high,All plots had received 33 Mg ha⁻¹ cattle slurry …,,80 kg ha⁻¹ NH4‑N,high,All plots had received 33 Mg ha⁻¹ cattle slurry (80 kg ha⁻¹ NH4‑N) by injection in March 2012...,,Glyphosate applied Sep 2012 in CO_H plots,high,Glyphosate was applied in September 2012,,,,loamy sand,high,The top soil … is classified as loamy sand,loamy sand,,704.0,high,The long-term mean annual precipitation at Foulum was 704 mm,7.3,high,the mean annual air temperature was 7.3 °C for the period of 1961–1990,Mean annual air temperature 7.3 °C for the period 1961–1990 as reported for the site.,high,the mean annual air temperature was 7.3 °C for the period of 1961–1990,,,,,,,,,,,,,,,,,,,,,,,,,,,,,,,,,,,,,total-N,70.0,63.0,,,kg N ha‑1,,3.0,0.1053605156578263,,high,Aboveground N in harvested barley,high,Table 3 – WV H – Aboveground N 70 kg ha⁻¹,high,Table 3 – CO_H – Aboveground N 63 kg ha⁻¹,high,Table 3 column header,high,Table 3 – n = 3,,,,,,,,,,,,,,,,,,,,,,,,
/Users/yupe4788/Library/CloudStorage/OneDrive-UCB-O365/Documents/GitHub/LLM_AutoExtracting_CC/ground_truth/pdfs/2_li2015.pdf,2,15,19,,,,,,10.1016/j.agee.2014.10.016,high,regex match on PDF page 1,"yield,nitrogen",high,"['LBCCs ... obtaining a grain yield of 3.3–4.5 Mg ha⁻¹ compared to 2.6–3.3 Mg ha⁻¹ grain yield from non-LBCC and the fallow control treatments.', 'LBCCs accumulated 59–67 kg N ha⁻¹ in their tops, significantly more than those of the non-LBCC, 32–40 kg N ha⁻¹.']",56.5,high,56° 30' N,9.5667,high,9° 34' E,Denmark,high,"Research Centre Foulum, Aarhus University, Denmark","Research Centre Foulum, Aarhus University, Denmark",high,"A one‑year field experiment was conducted at Research Centre Foulum, Aarhus University, Denmark",Winter vetch,high,"winter vetch [WV, Vicia villosa, cv. Villana]",Vicia villosa,high,"winter vetch [WV, Vicia villosa, cv. Villana]",Single Species,high,winter vetch [WV],Legume,high,winter vetch is a legume species,spring barley,high,All plots were sown to spring barley,spring barley,1.0,high,A one-year field experiment was conducted,2013,high,Barley harvest August 2013,"2012,2013",high,Sown Aug 2012; harvested Oct 2012 or incorporated Apr 2013,2.0,August 2012,high,10 Aug 12 – Sowing of catch crops: WV 50 kg ha⁻¹,Incorporation by spring ploughing (22 Apr 2013),high,Incorporation by spring ploughing on 22 April 2013,,,,,CT,high,keyword match: 'moldboard',mouldboard ploughing,high,"One day after mouldboard ploughing to 0.20–0.25 m depth, which took place on 22 April 2013, all plots were sown to spring barley...",,,33 Mg ha‑1 cattle slurry (80 kg ha‑1 NH4‑N) injected March 2012; no further fertilizer,high,All plots had received 33 Mg ha⁻¹ cattle slurry …,,80 kg ha⁻¹ NH4‑N,high,All plots had received 33 Mg ha⁻¹ cattle slurry (80 kg ha⁻¹ NH4‑N) by injection in March 2012...,,Glyphosate applied Sep 2012 in CO_H plots,high,Glyphosate was applied in September 2012,,,,loamy sand,high,The top soil … is classified as loamy sand,loamy sand,,704.0,high,The long-term mean annual precipitation at Foulum was 704 mm,7.3,high,the mean annual air temperature was 7.3 °C for the period of 1961–1990,Mean annual air temperature 7.3 °C for the period 1961–1990 as reported for the site.,high,the mean annual air temperature was 7.3 °C for the period of 1961–1990,,,,,,,,,,,,,,,,,,,,,,,,,,,,,,,,,,,,,total-N,89.0,67.0,,,kg N ha‑1,,3.0,0.2839437503411738,,high,Aboveground N in harvested barley,high,Table 3 – WV U – Aboveground N 89 kg ha⁻¹,high,Table 3 – CO_U – Aboveground N 67 kg ha⁻¹,high,Table 3 column header,high,Table 3 – n = 3,,,,,,,,,,,,,,,,,,,,,,,,
/Users/yupe4788/Library/CloudStorage/OneDrive-UCB-O365/Documents/GitHub/LLM_AutoExtracting_CC/ground_truth/pdfs/2_li2015.pdf,2,16,19,,,,,,10.1016/j.agee.2014.10.016,high,regex match on PDF page 1,"yield,nitrogen",high,"['LBCCs ... obtaining a grain yield of 3.3–4.5 Mg ha⁻¹ compared to 2.6–3.3 Mg ha⁻¹ grain yield from non-LBCC and the fallow control treatments.', 'LBCCs accumulated 59–67 kg N ha⁻¹ in their tops, significantly more than those of the non-LBCC, 32–40 kg N ha⁻¹.']",56.5,high,56° 30' N,9.5667,high,9° 34' E,Denmark,high,"Research Centre Foulum, Aarhus University, Denmark","Research Centre Foulum, Aarhus University, Denmark",high,"A one‑year field experiment was conducted at Research Centre Foulum, Aarhus University, Denmark",Fodder radish,high,"fodder radish [FR, Raphanus sativus L., cv. Lunetta]",Raphanus sativus,high,"fodder radish [FR, Raphanus sativus L., cv. Lunetta]",Single Species,high,fodder radish [FR],Non-legume,high,fodder radish is a non‑legume species,spring barley,high,All plots were sown to spring barley,spring barley,1.0,high,A one-year field experiment was conducted,2013,high,Barley harvest August 2013,"2012,2013",high,Sown Aug 2012; harvested Oct 2012 or incorporated Apr 2013,2.0,August 2012,high,10 Aug 12 – Sowing of catch crops: FR 12 kg ha⁻¹,Early harvest (30 Oct 2012),high,Harvest of catch crops in H plots by a grass harvester on 30 October 2012,,,,,CT,high,keyword match: 'moldboard',mouldboard ploughing,high,"One day after mouldboard ploughing to 0.20–0.25 m depth, which took place on 22 April 2013, all plots were sown to spring barley...",,,33 Mg ha‑1 cattle slurry (80 kg ha‑1 NH4‑N) injected March 2012; no further fertilizer,high,All plots had received 33 Mg ha⁻¹ cattle slurry …,,80 kg ha⁻¹ NH4‑N,high,All plots had received 33 Mg ha⁻¹ cattle slurry (80 kg ha⁻¹ NH4‑N) by injection in March 2012...,,Glyphosate applied Sep 2012 in CO_H plots,high,Glyphosate was applied in September 2012,,,,loamy sand,high,The top soil … is classified as loamy sand,loamy sand,,704.0,high,The long-term mean annual precipitation at Foulum was 704 mm,7.3,high,the mean annual air temperature was 7.3 °C for the period of 1961–1990,Mean annual air temperature 7.3 °C for the period 1961–1990 as reported for the site.,high,the mean annual air temperature was 7.3 °C for the period of 1961–1990,,,,,,,,,,,,,,,,,,,,,,,,,,,,,,,,,,,,,total-N,64.0,63.0,,,kg N ha‑1,,3.0,0.0157483569681391,,high,Aboveground N in harvested barley,high,Table 3 – FR H – Aboveground N 64 kg ha⁻¹,high,Table 3 – CO_H – Aboveground N 63 kg ha⁻¹,high,Table 3 column header,high,Table 3 – n = 3,,,,,,,,,,,,,,,,,,,,,,,,
/Users/yupe4788/Library/CloudStorage/OneDrive-UCB-O365/Documents/GitHub/LLM_AutoExtracting_CC/ground_truth/pdfs/2_li2015.pdf,2,17,19,,,,,,10.1016/j.agee.2014.10.016,high,regex match on PDF page 1,"yield,nitrogen",high,"['LBCCs ... obtaining a grain yield of 3.3–4.5 Mg ha⁻¹ compared to 2.6–3.3 Mg ha⁻¹ grain yield from non-LBCC and the fallow control treatments.', 'LBCCs accumulated 59–67 kg N ha⁻¹ in their tops, significantly more than those of the non-LBCC, 32–40 kg N ha⁻¹.']",56.5,high,56° 30' N,9.5667,high,9° 34' E,Denmark,high,"Research Centre Foulum, Aarhus University, Denmark","Research Centre Foulum, Aarhus University, Denmark",high,"A one‑year field experiment was conducted at Research Centre Foulum, Aarhus University, Denmark",Fodder radish,high,"fodder radish [FR, Raphanus sativus L., cv. Lunetta]",Raphanus sativus,high,"fodder radish [FR, Raphanus sativus L., cv. Lunetta]",Single Species,high,fodder radish [FR],Non-legume,high,fodder radish is a non‑legume species,spring barley,high,All plots were sown to spring barley,spring barley,1.0,high,A one-year field experiment was conducted,2013,high,Barley harvest August 2013,"2012,2013",high,Sown Aug 2012; harvested Oct 2012 or incorporated Apr 2013,2.0,August 2012,high,10 Aug 12 – Sowing of catch crops: FR 12 kg ha⁻¹,Incorporation by spring ploughing (22 Apr 2013),high,Incorporation by spring ploughing on 22 April 2013,,,,,CT,high,keyword match: 'moldboard',mouldboard ploughing,high,"One day after mouldboard ploughing to 0.20–0.25 m depth, which took place on 22 April 2013, all plots were sown to spring barley...",,,33 Mg ha‑1 cattle slurry (80 kg ha‑1 NH4‑N) injected March 2012; no further fertilizer,high,All plots had received 33 Mg ha⁻¹ cattle slurry …,,80 kg ha⁻¹ NH4‑N,high,All plots had received 33 Mg ha⁻¹ cattle slurry (80 kg ha⁻¹ NH4‑N) by injection in March 2012...,,Glyphosate applied Sep 2012 in CO_H plots,high,Glyphosate was applied in September 2012,,,,loamy sand,high,The top soil … is classified as loamy sand,loamy sand,,704.0,high,The long-term mean annual precipitation at Foulum was 704 mm,7.3,high,the mean annual air temperature was 7.3 °C for the period of 1961–1990,Mean annual air temperature 7.3 °C for the period 1961–1990 as reported for the site.,high,the mean annual air temperature was 7.3 °C for the period of 1961–1990,,,,,,,,,,,,,,,,,,,,,,,,,,,,,,,,,,,,,total-N,74.0,67.0,,,kg N ha‑1,,3.0,0.0993724738132037,,high,Aboveground N in harvested barley,high,Table 3 – FR U – Aboveground N 74 kg ha⁻¹,high,Table 3 – CO_U – Aboveground N 67 kg ha⁻¹,high,Table 3 column header,high,Table 3 – n = 3,,,,,,,,,,,,,,,,,,,,,,,,
/Users/yupe4788/Library/CloudStorage/OneDrive-UCB-O365/Documents/GitHub/LLM_AutoExtracting_CC/ground_truth/pdfs/2_li2015.pdf,2,18,19,,,,,,10.1016/j.agee.2014.10.016,high,regex match on PDF page 1,"yield,nitrogen",high,"['LBCCs ... obtaining a grain yield of 3.3–4.5 Mg ha⁻¹ compared to 2.6–3.3 Mg ha⁻¹ grain yield from non-LBCC and the fallow control treatments.', 'LBCCs accumulated 59–67 kg N ha⁻¹ in their tops, significantly more than those of the non-LBCC, 32–40 kg N ha⁻¹.']",56.5,high,56° 30' N,9.5667,high,9° 34' E,Denmark,high,"Research Centre Foulum, Aarhus University, Denmark","Research Centre Foulum, Aarhus University, Denmark",high,"A one‑year field experiment was conducted at Research Centre Foulum, Aarhus University, Denmark",Perennial ryegrass,high,"perennial ryegrass [GR, Lolium perenne L., cv. Foxtrot]",Lolium perenne,high,"perennial ryegrass [GR, Lolium perenne L., cv. Foxtrot]",Single Species,high,perennial ryegrass [GR],Non-legume,high,perennial ryegrass is a non‑legume species,spring barley,high,All plots were sown to spring barley,spring barley,1.0,high,A one-year field experiment was conducted,2013,high,Barley harvest August 2013,"2012,2013",high,Sown May 2012; harvested Oct 2012 or incorporated Apr 2013,2.0,May 2012,high,15 May 12 – Sowing of catch crops: GR 10 kg ha⁻¹,Early harvest (30 Oct 2012),high,Harvest of catch crops in H plots by a grass harvester on 30 October 2012,,,,,CT,high,keyword match: 'moldboard',mouldboard ploughing,high,"One day after mouldboard ploughing to 0.20–0.25 m depth, which took place on 22 April 2013, all plots were sown to spring barley...",,,33 Mg ha‑1 cattle slurry (80 kg ha‑1 NH4‑N) injected March 2012; no further fertilizer,high,All plots had received 33 Mg ha⁻¹ cattle slurry …,,80 kg ha⁻¹ NH4‑N,high,All plots had received 33 Mg ha⁻¹ cattle slurry (80 kg ha⁻¹ NH4‑N) by injection in March 2012...,,Glyphosate applied Sep 2012 in CO_H plots,high,Glyphosate was applied in September 2012,,,,loamy sand,high,The top soil … is classified as loamy sand,loamy sand,,704.0,high,The long-term mean annual precipitation at Foulum was 704 mm,7.3,high,the mean annual air temperature was 7.3 °C for the period of 1961–1990,Mean annual air temperature 7.3 °C for the period 1961–1990 as reported for the site.,high,the mean annual air temperature was 7.3 °C for the period of 1961–1990,,,,,,,,,,,,,,,,,,,,,,,,,,,,,,,,,,,,,total-N,61.0,63.0,,,kg N ha‑1,,3.0,-0.0322608622182214,,high,Aboveground N in harvested barley,high,Table 3 – GR H – Aboveground N 61 kg ha⁻¹,high,Table 3 – CO_H – Aboveground N 63 kg ha⁻¹,high,Table 3 column header,high,Table 3 – n = 3,,,,,,,,,,,,,,,,,,,,,,,,
/Users/yupe4788/Library/CloudStorage/OneDrive-UCB-O365/Documents/GitHub/LLM_AutoExtracting_CC/ground_truth/pdfs/2_li2015.pdf,2,19,19,,,,,,10.1016/j.agee.2014.10.016,high,regex match on PDF page 1,"yield,nitrogen",high,"['LBCCs ... obtaining a grain yield of 3.3–4.5 Mg ha⁻¹ compared to 2.6–3.3 Mg ha⁻¹ grain yield from non-LBCC and the fallow control treatments.', 'LBCCs accumulated 59–67 kg N ha⁻¹ in their tops, significantly more than those of the non-LBCC, 32–40 kg N ha⁻¹.']",56.5,high,56° 30' N,9.5667,high,9° 34' E,Denmark,high,"Research Centre Foulum, Aarhus University, Denmark","Research Centre Foulum, Aarhus University, Denmark",high,"A one‑year field experiment was conducted at Research Centre Foulum, Aarhus University, Denmark",Perennial ryegrass,high,"perennial ryegrass [GR, Lolium perenne L., cv. Foxtrot]",Lolium perenne,high,"perennial ryegrass [GR, Lolium perenne L., cv. Foxtrot]",Single Species,high,perennial ryegrass [GR],Non-legume,high,perennial ryegrass is a non‑legume species,spring barley,high,All plots were sown to spring barley,spring barley,1.0,high,A one-year field experiment was conducted,2013,high,Barley harvest August 2013,"2012,2013",high,Sown May 2012; harvested Oct 2012 or incorporated Apr 2013,2.0,May 2012,high,15 May 12 – Sowing of catch crops: GR 10 kg ha⁻¹,Incorporation by spring ploughing (22 Apr 2013),high,Incorporation by spring ploughing on 22 April 2013,,,,,CT,high,keyword match: 'moldboard',mouldboard ploughing,high,"One day after mouldboard ploughing to 0.20–0.25 m depth, which took place on 22 April 2013, all plots were sown to spring barley...",,,33 Mg ha‑1 cattle slurry (80 kg ha‑1 NH4‑N) injected March 2012; no further fertilizer,high,All plots had received 33 Mg ha⁻¹ cattle slurry …,,80 kg ha⁻¹ NH4‑N,high,All plots had received 33 Mg ha⁻¹ cattle slurry (80 kg ha⁻¹ NH4‑N) by injection in March 2012...,,Glyphosate applied Sep 2012 in CO_H plots,high,Glyphosate was applied in September 2012,,,,loamy sand,high,The top soil … is classified as loamy sand,loamy sand,,704.0,high,The long-term mean annual precipitation at Foulum was 704 mm,7.3,high,the mean annual air temperature was 7.3 °C for the period of 1961–1990,Mean annual air temperature 7.3 °C for the period 1961–1990 as reported for the site.,high,the mean annual air temperature was 7.3 °C for the period of 1961–1990,,,,,,,,,,,,,,,,,,,,,,,,,,,,,,,,,,,,,total-N,68.0,67.0,,,kg N ha‑1,,3.0,0.0148150857851406,,high,Aboveground N in harvested barley,high,Table 3 – GR U – Aboveground N 68 kg ha⁻¹,high,Table 3 – CO_U – Aboveground N 67 kg ha⁻¹,high,Table 3 column header,high,Table 3 – n = 3,,,,,,,,,,,,,,,,,,,,,,,,
/Users/yupe4788/Library/CloudStorage/OneDrive-UCB-O365/Documents/GitHub/LLM_AutoExtracting_CC/ground_truth/pdfs/6_sapkota2017.pdf,6,1,3,,,,,Reducing Global Warming Potential through Sustainable Intensification of Basmati Rice-Wheat Systems in India,10.3390/su9061044,high,regex match on PDF page 1,yield,high,"Table 1 lists grain yields for treatments with and without green gram (the cover crop), e.g., ""CTR-CTW 5.01ab … CTR-CTW+GG 5.04a"" and ""ZTR-ZTW‑R 4.70d … ZTR‑ZT​W‑R+GG 4.78cd"".",29.809722,high,N 29° 48' 35'',76.921111,high,E 76° 55' 16'',India,high,"in Karnal district of Haryana, India","Taraori village, Karnal district, Haryana, India",high,"The experiment was conducted in Taraori village (N 29° 48' 35'' ; E 76° 55' 16'') in Karnal district of Haryana, India",Green gram,high,green gram (with and without),Vigna radiata,high,green gram (Vigna radiata L.),Single Species,high,green gram (with and without),Legume,high,green gram (Vigna radiata L.),Rice‑Wheat,high,rice and wheat under conventional tillage (CT) ...,Rice‑Wheat,,,,2011-2013,high,"Averaged over two years, ... (Table 1)","2011,2012",high,The experiment was conducted for two consecutive crop years in 2011–2012 and 2012–2013.,2.0,Broadcast under standing wheat at last irrigation (~20 days before wheat harvest),high,green gram seeds were broadcasted ... under the standing wheat at its last irrigation (nearly 20 days before harvesting of wheat).,,,,continuous RW rotation,continuous RW rotation,continuous RW rotation,continuous RW rotation,NT,high,keyword match: 'zero tillage',Conventional tillage (CT),high,CTR-CTW (conventional tillage),,,Yes,medium,Crops were fertilized according to the nutrient prescription ...,Yes,90 kg N ha−1 for rice and 150 kg N ha−1 for wheat,high,"i.e., 90:60:60 and 150:60:60 kg N: P2O5: K2O ha−1 for Basmati rice and wheat, respectively.",,No (pre‑plant),high,no herbicides were applied in CT plots (CTR-CTW and CTR-CTW+GG) before seeding.,,Flood irrigation,,clay loam,high,The soil of the experimental site is clay loam in texture,clay loam,,700.0,high,"Average annual rainfall in the area is about 700 mm, 75% of which is received during June to September.",,,,No mean annual temperature (MAT) is reported; the site climate is described as semi‑arid subtropical with very hot summers and cold winters.,high,"The climate of the site is semi-arid subtropical, characterized by very hot summers and cold winters.",3.0,high,Six cropping system treatments were completely randomized with three replications,11.79,high,CTR-CTW+GG ... System 11.79,,10.81,high,CTR-CTW ... System 10.81,,Mg ha‑1,high,Table 1 column header “System (Mg ha‑1)”,0.0867800828981624,,,,,,,,,,,,,,,,,,,,,,,,,,,,,,,,,,,,,,,,,,medium,PDF metadata title field,high,The experimental field was under continuous RW rotation for more than 15 years.,high,The experimental field was under continuous RW rotation for more than 15 years.,high,Study plots received water by means of flood irrigation from an irrigation channel ...,,,,,,,,,,,,,,,,
/Users/yupe4788/Library/CloudStorage/OneDrive-UCB-O365/Documents/GitHub/LLM_AutoExtracting_CC/ground_truth/pdfs/6_sapkota2017.pdf,6,2,3,,,,,Reducing Global Warming Potential through Sustainable Intensification of Basmati Rice-Wheat Systems in India,10.3390/su9061044,high,regex match on PDF page 1,yield,high,"Table 1 lists grain yields for treatments with and without green gram (the cover crop), e.g., ""CTR-CTW 5.01ab … CTR-CTW+GG 5.04a"" and ""ZTR-ZTW‑R 4.70d … ZTR‑ZT​W‑R+GG 4.78cd"".",29.809722,high,N 29° 48' 35'',76.921111,high,E 76° 55' 16'',India,high,"in Karnal district of Haryana, India","Taraori village, Karnal district, Haryana, India",high,"The experiment was conducted in Taraori village (N 29° 48' 35'' ; E 76° 55' 16'') in Karnal district of Haryana, India",Green gram,high,green gram (with and without),Vigna radiata,high,green gram (Vigna radiata L.),Single Species,high,green gram (with and without),Legume,high,green gram (Vigna radiata L.),Rice‑Wheat,high,rice and wheat under ZT ...,Rice‑Wheat,,,,2011-2013,high,"Averaged over two years, ... (Table 1)","2011,2012",high,The experiment was conducted for two consecutive crop years in 2011–2012 and 2012–2013.,2.0,Broadcast under standing wheat at last irrigation (~20 days before wheat harvest),high,green gram seeds were broadcasted ... under the standing wheat at its last irrigation (nearly 20 days before harvesting of wheat).,,,,continuous RW rotation,continuous RW rotation,continuous RW rotation,continuous RW rotation,NT,high,keyword match: 'zero tillage',Zero tillage (ZT),high,ZTR‑ZT… (zero‑till seed‑cum fertilizer planter),,,Yes,medium,Crops were fertilized according to the nutrient prescription ...,Yes,90 kg N ha−1 for rice and 150 kg N ha−1 for wheat,high,"i.e., 90:60:60 and 150:60:60 kg N: P2O5: K2O ha−1 for Basmati rice and wheat, respectively.",,Glyphosate pre‑plant (1.25 kg a.i. ha‑1),high,In ZT plots ... weeds prior to seeding of rice and wheat were killed by pre‑plant application of glyphosate @1.25 kg a.i. ha‑1,,Flood irrigation,,clay loam,high,The soil of the experimental site is clay loam in texture,clay loam,,700.0,high,"Average annual rainfall in the area is about 700 mm, 75% of which is received during June to September.",,,,No mean annual temperature (MAT) is reported; the site climate is described as semi‑arid subtropical with very hot summers and cold winters.,high,"The climate of the site is semi-arid subtropical, characterized by very hot summers and cold winters.",3.0,high,Six cropping system treatments were completely randomized with three replications,11.69,high,ZTR‑ZT​W‑R+GG ... System 11.69,,10.88,high,ZTR‑ZT​W‑R ... System 10.88,,Mg ha‑1,high,Table 1 column header “System (Mg ha‑1)”,0.0718075340561802,,,,,,,,,,,,,,,,,,,,,,,,,,,,,,,,,,,,,,,,,,medium,PDF metadata title field,high,The experimental field was under continuous RW rotation for more than 15 years.,high,The experimental field was under continuous RW rotation for more than 15 years.,high,Study plots received water by means of flood irrigation from an irrigation channel ...,,,,,,,,,,,,,,,,
/Users/yupe4788/Library/CloudStorage/OneDrive-UCB-O365/Documents/GitHub/LLM_AutoExtracting_CC/ground_truth/pdfs/6_sapkota2017.pdf,6,3,3,,,,,Reducing Global Warming Potential through Sustainable Intensification of Basmati Rice-Wheat Systems in India,10.3390/su9061044,high,regex match on PDF page 1,yield,high,"Table 1 lists grain yields for treatments with and without green gram (the cover crop), e.g., ""CTR-CTW 5.01ab … CTR-CTW+GG 5.04a"" and ""ZTR-ZTW‑R 4.70d … ZTR‑ZT​W‑R+GG 4.78cd"".",29.809722,high,N 29° 48' 35'',76.921111,high,E 76° 55' 16'',India,high,"in Karnal district of Haryana, India","Taraori village, Karnal district, Haryana, India",high,"The experiment was conducted in Taraori village (N 29° 48' 35'' ; E 76° 55' 16'') in Karnal district of Haryana, India",Green gram,high,green gram (with and without),Vigna radiata,high,green gram (Vigna radiata L.),Single Species,high,green gram (with and without),Legume,high,green gram (Vigna radiata L.),Rice‑Wheat,high,rice and wheat under ZT ...,Rice‑Wheat,,,,2011-2013,high,"Averaged over two years, ... (Table 1)","2011,2012",high,The experiment was conducted for two consecutive crop years in 2011–2012 and 2012–2013.,2.0,Broadcast under standing wheat at last irrigation (~20 days before wheat harvest),high,green gram seeds were broadcasted ... under the standing wheat at its last irrigation (nearly 20 days before harvesting of wheat).,,,,continuous RW rotation,continuous RW rotation,continuous RW rotation,continuous RW rotation,NT,high,keyword match: 'zero tillage',Zero tillage (ZT) with residue retention,high,ZTR‑ZT​W+R (zero‑till with residues),,,Yes,medium,Crops were fertilized according to the nutrient prescription ...,Yes,90 kg N ha−1 for rice and 150 kg N ha−1 for wheat,high,"i.e., 90:60:60 and 150:60:60 kg N: P2O5: K2O ha−1 for Basmati rice and wheat, respectively.",,Glyphosate pre‑plant (1.25 kg a.i. ha‑1),high,In ZT plots ... weeds prior to seeding of rice and wheat were killed by pre‑plant application of glyphosate @1.25 kg a.i. ha‑1,,Flood irrigation,,clay loam,high,The soil of the experimental site is clay loam in texture,clay loam,,700.0,high,"Average annual rainfall in the area is about 700 mm, 75% of which is received during June to September.",,,,No mean annual temperature (MAT) is reported; the site climate is described as semi‑arid subtropical with very hot summers and cold winters.,high,"The climate of the site is semi-arid subtropical, characterized by very hot summers and cold winters.",3.0,high,Six cropping system treatments were completely randomized with three replications,12.04,high,ZTR‑ZT​W+R+GG ... System 12.04,,11.13,high,ZTR‑ZT​W+R ... System 11.13,,Mg ha‑1,high,Table 1 column header “System (Mg ha‑1)”,0.0785902745932213,,,,,,,,,,,,,,,,,,,,,,,,,,,,,,,,,,,,,,,,,,medium,PDF metadata title field,high,The experimental field was under continuous RW rotation for more than 15 years.,high,The experimental field was under continuous RW rotation for more than 15 years.,high,Study plots received water by means of flood irrigation from an irrigation channel ...,,,,,,,,,,,,,,,,
/Users/yupe4788/Library/CloudStorage/OneDrive-UCB-O365/Documents/GitHub/LLM_AutoExtracting_CC/ground_truth/pdfs/10_haque2015.pdf,10,1,12,,,,,,10.1007/s11104-014-2287-2,high,regex match on PDF page 1,"ghg_ch4,ghg_co2,ghg_n2o",high,Table 1 shows CH4 mean emission rates of -0.56 (NPK) vs -1.22 (NPK+Cover crop) mg m⁻² day⁻¹; CO2 mean emission rates of 2.99 vs 5.47 mg m⁻² day⁻¹; N2O mean emission rates of 1.50 vs 2.81 mg m⁻² day⁻¹.,36.8333,high,36° 50’ N,128.4333,high,128° 26’ E,South Korea,high,"Gyeongsang National University Experimental Farm (36° 50’ N and 128° 26’ E), Jinju, South Korea","Gyeongsang National University Experimental Farm, Jinju, South Korea",high,"Gyeongsang National University Experimental Farm (36° 50’ N and 128° 26’ E), Jinju, South Korea",Barley + Hairy vetch,high,"mixture seeding of barley (75 % of the recommended dose, RD) and vetch seed (25 % of RD)",,,,Mixture,high,mixture seeding of barley … and vetch seed,Mixture,high,mixture seeding of barley … and vetch seed,"rice (Dongjinbyeo cultivar, Japonica)",high,"Thirty day‑old seedlings … of rice (Dongjinbyeo cultivar, Japonica)","rice (Dongjinbyeo cultivar, Japonica)",,,,2011,high,Table 1 … 2011,"2010,2011",high,"After rice harvesting in 2010 and 2011, a seed mixture … was applied",2.0,,,,,,,,,,,,,,,,,,,NPK,high,"two different treatment types, one with single chemical fertilization (NPK) and the other with chemical fertiliser and a green manure combined treatment (NPK + Cover crop)",,90 kg ha−1,high,The recommended amounts of chemical fertilisers (N-P2O5-K2O=90–45–57 kg ha−1) were applied,,,,,,water level was maintained at a depth of 5–7 cm above the soil surface by using an automatic water level controller,,"fine silty, mixed, mesic Typic Endoaquepts",high,"The selected soil was classified as fine silty, mixed, mesic Typic Endoaquepts","fine silty, mixed, mesic Typic Endoaquepts",,,,,,,,"No MAT value reported; location coordinates are given (36° 50’ N, 128° 26’ E) and local air temperature data were collected during the study period but not summarized as a mean annual temperature.",high,Local air temperature data were collected from the Korea Meteorological Administration (KMA Korean Metrological Administration 2013) over the course of the entire investigation period.,,,,,,,,,,,,,,,,,,,ch4,-2.8,-1.29,,,kg ha‑1,3.0,,,,,,,,,,,,,,,,,,,,,,,,,,,,,,,,,,,,,,high,"Throughout the cropping season, the water level was maintained at a depth of 5–7 cm above the soil surface by using an automatic water level controller.",high,CH4,high,Table 1 … CH4(kg ha‑1) |-1.29|-2.80|-1.30|-2.90,high,Table 1 … CH4(kg ha‑1) |-1.29|-2.80|-1.30|-2.90,high,Table 1 … CH4(kg ha‑1),high,replicated three times,,,,,,
/Users/yupe4788/Library/CloudStorage/OneDrive-UCB-O365/Documents/GitHub/LLM_AutoExtracting_CC/ground_truth/pdfs/10_haque2015.pdf,10,2,12,,,,,,10.1007/s11104-014-2287-2,high,regex match on PDF page 1,"ghg_ch4,ghg_co2,ghg_n2o",high,Table 1 shows CH4 mean emission rates of -0.56 (NPK) vs -1.22 (NPK+Cover crop) mg m⁻² day⁻¹; CO2 mean emission rates of 2.99 vs 5.47 mg m⁻² day⁻¹; N2O mean emission rates of 1.50 vs 2.81 mg m⁻² day⁻¹.,36.8333,high,36° 50’ N,128.4333,high,128° 26’ E,South Korea,high,"Gyeongsang National University Experimental Farm (36° 50’ N and 128° 26’ E), Jinju, South Korea","Gyeongsang National University Experimental Farm, Jinju, South Korea",high,"Gyeongsang National University Experimental Farm (36° 50’ N and 128° 26’ E), Jinju, South Korea",Barley + Hairy vetch,high,"mixture seeding of barley (75 % of the recommended dose, RD) and vetch seed (25 % of RD)",,,,Mixture,high,mixture seeding of barley … and vetch seed,Mixture,high,mixture seeding of barley … and vetch seed,"rice (Dongjinbyeo cultivar, Japonica)",high,"Thirty day‑old seedlings … of rice (Dongjinbyeo cultivar, Japonica)","rice (Dongjinbyeo cultivar, Japonica)",,,,2011,high,Table 1 … 2011,"2010,2011",high,"After rice harvesting in 2010 and 2011, a seed mixture … was applied",2.0,,,,,,,,,,,,,,,,,,,NPK,high,"two different treatment types, one with single chemical fertilization (NPK) and the other with chemical fertiliser and a green manure combined treatment (NPK + Cover crop)",,90 kg ha−1,high,The recommended amounts of chemical fertilisers (N-P2O5-K2O=90–45–57 kg ha−1) were applied,,,,,,water level was maintained at a depth of 5–7 cm above the soil surface by using an automatic water level controller,,"fine silty, mixed, mesic Typic Endoaquepts",high,"The selected soil was classified as fine silty, mixed, mesic Typic Endoaquepts","fine silty, mixed, mesic Typic Endoaquepts",,,,,,,,"No MAT value reported; location coordinates are given (36° 50’ N, 128° 26’ E) and local air temperature data were collected during the study period but not summarized as a mean annual temperature.",high,Local air temperature data were collected from the Korea Meteorological Administration (KMA Korean Metrological Administration 2013) over the course of the entire investigation period.,,,,,,,,,,,,,,,,,,,co2,12.69,6.94,,,Mg ha‑1,3.0,0.603512507207583,,,,,,,,,,,,,,,,,,,,,,,,,,,,,,,,,,,,,high,"Throughout the cropping season, the water level was maintained at a depth of 5–7 cm above the soil surface by using an automatic water level controller.",high,CO2,high,Table 1 … CO2(Mg ha‑1) |6.94|12.69|7.93|15.01,high,Table 1 … CO2(Mg ha‑1) |6.94|12.69|7.93|15.01,high,Table 1 … CO2(Mg ha‑1),high,replicated three times,,,,,,
/Users/yupe4788/Library/CloudStorage/OneDrive-UCB-O365/Documents/GitHub/LLM_AutoExtracting_CC/ground_truth/pdfs/10_haque2015.pdf,10,3,12,,,,,,10.1007/s11104-014-2287-2,high,regex match on PDF page 1,"ghg_ch4,ghg_co2,ghg_n2o",high,Table 1 shows CH4 mean emission rates of -0.56 (NPK) vs -1.22 (NPK+Cover crop) mg m⁻² day⁻¹; CO2 mean emission rates of 2.99 vs 5.47 mg m⁻² day⁻¹; N2O mean emission rates of 1.50 vs 2.81 mg m⁻² day⁻¹.,36.8333,high,36° 50’ N,128.4333,high,128° 26’ E,South Korea,high,"Gyeongsang National University Experimental Farm (36° 50’ N and 128° 26’ E), Jinju, South Korea","Gyeongsang National University Experimental Farm, Jinju, South Korea",high,"Gyeongsang National University Experimental Farm (36° 50’ N and 128° 26’ E), Jinju, South Korea",Barley + Hairy vetch,high,"mixture seeding of barley (75 % of the recommended dose, RD) and vetch seed (25 % of RD)",,,,Mixture,high,mixture seeding of barley … and vetch seed,Mixture,high,mixture seeding of barley … and vetch seed,"rice (Dongjinbyeo cultivar, Japonica)",high,"Thirty day‑old seedlings … of rice (Dongjinbyeo cultivar, Japonica)","rice (Dongjinbyeo cultivar, Japonica)",,,,2011,high,Table 1 … 2011,"2010,2011",high,"After rice harvesting in 2010 and 2011, a seed mixture … was applied",2.0,,,,,,,,,,,,,,,,,,,NPK,high,"two different treatment types, one with single chemical fertilization (NPK) and the other with chemical fertiliser and a green manure combined treatment (NPK + Cover crop)",,90 kg ha−1,high,The recommended amounts of chemical fertilisers (N-P2O5-K2O=90–45–57 kg ha−1) were applied,,,,,,water level was maintained at a depth of 5–7 cm above the soil surface by using an automatic water level controller,,"fine silty, mixed, mesic Typic Endoaquepts",high,"The selected soil was classified as fine silty, mixed, mesic Typic Endoaquepts","fine silty, mixed, mesic Typic Endoaquepts",,,,,,,,"No MAT value reported; location coordinates are given (36° 50’ N, 128° 26’ E) and local air temperature data were collected during the study period but not summarized as a mean annual temperature.",high,Local air temperature data were collected from the Korea Meteorological Administration (KMA Korean Metrological Administration 2013) over the course of the entire investigation period.,,,,,,,,,,,,,,,,,,,n2o,6.4,3.4,,,kg ha‑1,3.0,0.6325225587435106,,,,,,,,,,,,,,,,,,,,,,,,,,,,,,,,,,,,,high,"Throughout the cropping season, the water level was maintained at a depth of 5–7 cm above the soil surface by using an automatic water level controller.",high,N2O,high,Table 1 … N2O (kg ha‑1) |3.40|6.40|3.71|5.79,high,Table 1 … N2O (kg ha‑1) |3.40|6.40|3.71|5.79,high,Table 1 … N2O (kg ha‑1),high,replicated three times,,,,,,
/Users/yupe4788/Library/CloudStorage/OneDrive-UCB-O365/Documents/GitHub/LLM_AutoExtracting_CC/ground_truth/pdfs/10_haque2015.pdf,10,4,12,,,,,,10.1007/s11104-014-2287-2,high,regex match on PDF page 1,"ghg_ch4,ghg_co2,ghg_n2o",high,Table 1 shows CH4 mean emission rates of -0.56 (NPK) vs -1.22 (NPK+Cover crop) mg m⁻² day⁻¹; CO2 mean emission rates of 2.99 vs 5.47 mg m⁻² day⁻¹; N2O mean emission rates of 1.50 vs 2.81 mg m⁻² day⁻¹.,36.8333,high,36° 50’ N,128.4333,high,128° 26’ E,South Korea,high,"Gyeongsang National University Experimental Farm (36° 50’ N and 128° 26’ E), Jinju, South Korea","Gyeongsang National University Experimental Farm, Jinju, South Korea",high,"Gyeongsang National University Experimental Farm (36° 50’ N and 128° 26’ E), Jinju, South Korea",Barley + Hairy vetch,high,"mixture seeding of barley (75 % of the recommended dose, RD) and vetch seed (25 % of RD)",,,,Mixture,high,mixture seeding of barley … and vetch seed,Mixture,high,mixture seeding of barley … and vetch seed,"rice (Dongjinbyeo cultivar, Japonica)",high,"Thirty day‑old seedlings … of rice (Dongjinbyeo cultivar, Japonica)","rice (Dongjinbyeo cultivar, Japonica)",,,,2012,high,Table 1 … 2012,"2011,2012",high,"After rice harvesting in 2010 and 2011, a seed mixture … was applied",2.0,,,,,,,,,,,,,,,,,,,NPK,high,"two different treatment types, one with single chemical fertilization (NPK) and the other with chemical fertiliser and a green manure combined treatment (NPK + Cover crop)",,90 kg ha−1,high,The recommended amounts of chemical fertilisers (N-P2O5-K2O=90–45–57 kg ha−1) were applied,,,,,,water level was maintained at a depth of 5–7 cm above the soil surface by using an automatic water level controller,,"fine silty, mixed, mesic Typic Endoaquepts",high,"The selected soil was classified as fine silty, mixed, mesic Typic Endoaquepts","fine silty, mixed, mesic Typic Endoaquepts",,,,,,,,"No MAT value reported; location coordinates are given (36° 50’ N, 128° 26’ E) and local air temperature data were collected during the study period but not summarized as a mean annual temperature.",high,Local air temperature data were collected from the Korea Meteorological Administration (KMA Korean Metrological Administration 2013) over the course of the entire investigation period.,,,,,,,,,,,,,,,,,,,ch4,-2.9,-1.3,,,kg ha‑1,3.0,,,,,,,,,,,,,,,,,,,,,,,,,,,,,,,,,,,,,,high,"Throughout the cropping season, the water level was maintained at a depth of 5–7 cm above the soil surface by using an automatic water level controller.",high,CH4,high,Table 1 … CH4(kg ha‑1) |-1.29|-2.80|-1.30|-2.90,high,Table 1 … CH4(kg ha‑1) |-1.29|-2.80|-1.30|-2.90,high,Table 1 … CH4(kg ha‑1),high,replicated three times,,,,,,
/Users/yupe4788/Library/CloudStorage/OneDrive-UCB-O365/Documents/GitHub/LLM_AutoExtracting_CC/ground_truth/pdfs/10_haque2015.pdf,10,5,12,,,,,,10.1007/s11104-014-2287-2,high,regex match on PDF page 1,"ghg_ch4,ghg_co2,ghg_n2o",high,Table 1 shows CH4 mean emission rates of -0.56 (NPK) vs -1.22 (NPK+Cover crop) mg m⁻² day⁻¹; CO2 mean emission rates of 2.99 vs 5.47 mg m⁻² day⁻¹; N2O mean emission rates of 1.50 vs 2.81 mg m⁻² day⁻¹.,36.8333,high,36° 50’ N,128.4333,high,128° 26’ E,South Korea,high,"Gyeongsang National University Experimental Farm (36° 50’ N and 128° 26’ E), Jinju, South Korea","Gyeongsang National University Experimental Farm, Jinju, South Korea",high,"Gyeongsang National University Experimental Farm (36° 50’ N and 128° 26’ E), Jinju, South Korea",Barley + Hairy vetch,high,"mixture seeding of barley (75 % of the recommended dose, RD) and vetch seed (25 % of RD)",,,,Mixture,high,mixture seeding of barley … and vetch seed,Mixture,high,mixture seeding of barley … and vetch seed,"rice (Dongjinbyeo cultivar, Japonica)",high,"Thirty day‑old seedlings … of rice (Dongjinbyeo cultivar, Japonica)","rice (Dongjinbyeo cultivar, Japonica)",,,,2012,high,Table 1 … 2012,"2011,2012",high,"After rice harvesting in 2010 and 2011, a seed mixture … was applied",2.0,,,,,,,,,,,,,,,,,,,NPK,high,"two different treatment types, one with single chemical fertilization (NPK) and the other with chemical fertiliser and a green manure combined treatment (NPK + Cover crop)",,90 kg ha−1,high,The recommended amounts of chemical fertilisers (N-P2O5-K2O=90–45–57 kg ha−1) were applied,,,,,,water level was maintained at a depth of 5–7 cm above the soil surface by using an automatic water level controller,,"fine silty, mixed, mesic Typic Endoaquepts",high,"The selected soil was classified as fine silty, mixed, mesic Typic Endoaquepts","fine silty, mixed, mesic Typic Endoaquepts",,,,,,,,"No MAT value reported; location coordinates are given (36° 50’ N, 128° 26’ E) and local air temperature data were collected during the study period but not summarized as a mean annual temperature.",high,Local air temperature data were collected from the Korea Meteorological Administration (KMA Korean Metrological Administration 2013) over the course of the entire investigation period.,,,,,,,,,,,,,,,,,,,co2,15.01,7.93,,,Mg ha‑1,3.0,0.638063609998614,,,,,,,,,,,,,,,,,,,,,,,,,,,,,,,,,,,,,high,"Throughout the cropping season, the water level was maintained at a depth of 5–7 cm above the soil surface by using an automatic water level controller.",high,CO2,high,Table 1 … CO2(Mg ha‑1) |6.94|12.69|7.93|15.01,high,Table 1 … CO2(Mg ha‑1) |6.94|12.69|7.93|15.01,high,Table 1 … CO2(Mg ha‑1),high,replicated three times,,,,,,
/Users/yupe4788/Library/CloudStorage/OneDrive-UCB-O365/Documents/GitHub/LLM_AutoExtracting_CC/ground_truth/pdfs/10_haque2015.pdf,10,6,12,,,,,,10.1007/s11104-014-2287-2,high,regex match on PDF page 1,"ghg_ch4,ghg_co2,ghg_n2o",high,Table 1 shows CH4 mean emission rates of -0.56 (NPK) vs -1.22 (NPK+Cover crop) mg m⁻² day⁻¹; CO2 mean emission rates of 2.99 vs 5.47 mg m⁻² day⁻¹; N2O mean emission rates of 1.50 vs 2.81 mg m⁻² day⁻¹.,36.8333,high,36° 50’ N,128.4333,high,128° 26’ E,South Korea,high,"Gyeongsang National University Experimental Farm (36° 50’ N and 128° 26’ E), Jinju, South Korea","Gyeongsang National University Experimental Farm, Jinju, South Korea",high,"Gyeongsang National University Experimental Farm (36° 50’ N and 128° 26’ E), Jinju, South Korea",Barley + Hairy vetch,high,"mixture seeding of barley (75 % of the recommended dose, RD) and vetch seed (25 % of RD)",,,,Mixture,high,mixture seeding of barley … and vetch seed,Mixture,high,mixture seeding of barley … and vetch seed,"rice (Dongjinbyeo cultivar, Japonica)",high,"Thirty day‑old seedlings … of rice (Dongjinbyeo cultivar, Japonica)","rice (Dongjinbyeo cultivar, Japonica)",,,,2012,high,Table 1 … 2012,"2011,2012",high,"After rice harvesting in 2010 and 2011, a seed mixture … was applied",2.0,,,,,,,,,,,,,,,,,,,NPK,high,"two different treatment types, one with single chemical fertilization (NPK) and the other with chemical fertiliser and a green manure combined treatment (NPK + Cover crop)",,90 kg ha−1,high,The recommended amounts of chemical fertilisers (N-P2O5-K2O=90–45–57 kg ha−1) were applied,,,,,,water level was maintained at a depth of 5–7 cm above the soil surface by using an automatic water level controller,,"fine silty, mixed, mesic Typic Endoaquepts",high,"The selected soil was classified as fine silty, mixed, mesic Typic Endoaquepts","fine silty, mixed, mesic Typic Endoaquepts",,,,,,,,"No MAT value reported; location coordinates are given (36° 50’ N, 128° 26’ E) and local air temperature data were collected during the study period but not summarized as a mean annual temperature.",high,Local air temperature data were collected from the Korea Meteorological Administration (KMA Korean Metrological Administration 2013) over the course of the entire investigation period.,,,,,,,,,,,,,,,,,,,n2o,5.79,3.71,,,kg ha‑1,3.0,0.4451004149655601,,,,,,,,,,,,,,,,,,,,,,,,,,,,,,,,,,,,,high,"Throughout the cropping season, the water level was maintained at a depth of 5–7 cm above the soil surface by using an automatic water level controller.",high,N2O,high,Table 1 … N2O (kg ha‑1) |3.40|6.40|3.71|5.79,high,Table 1 … N2O (kg ha‑1) |3.40|6.40|3.71|5.79,high,Table 1 … N2O (kg ha‑1),high,replicated three times,,,,,,
/Users/yupe4788/Library/CloudStorage/OneDrive-UCB-O365/Documents/GitHub/LLM_AutoExtracting_CC/ground_truth/pdfs/10_haque2015.pdf,10,7,12,,,,,,10.1007/s11104-014-2287-2,high,regex match on PDF page 1,"ghg_ch4,ghg_co2,ghg_n2o",high,Table 1 shows CH4 mean emission rates of -0.56 (NPK) vs -1.22 (NPK+Cover crop) mg m⁻² day⁻¹; CO2 mean emission rates of 2.99 vs 5.47 mg m⁻² day⁻¹; N2O mean emission rates of 1.50 vs 2.81 mg m⁻² day⁻¹.,36.8333,high,36° 50’ N,128.4333,high,128° 26’ E,South Korea,high,"Gyeongsang National University Experimental Farm (36° 50’ N and 128° 26’ E), Jinju, South Korea","Gyeongsang National University Experimental Farm, Jinju, South Korea",high,"Gyeongsang National University Experimental Farm (36° 50’ N and 128° 26’ E), Jinju, South Korea",Barley + Hairy vetch,high,"mixture seeding of barley (75 % of the recommended dose, RD) and vetch seed (25 % of RD)",,,,Mixture,high,mixture seeding of barley … and vetch seed,Mixture,high,mixture seeding of barley … and vetch seed,"rice (Dongjinbyeo cultivar, Japonica)",high,"Thirty day‑old seedlings … of rice (Dongjinbyeo cultivar, Japonica)","rice (Dongjinbyeo cultivar, Japonica)",,,,2011,high,Table 1 … 2011,"2010,2011",high,"After rice harvesting in 2010 and 2011, a seed mixture … was applied",2.0,,,,,,,,,,,,,,,,,,,NPK,high,"two different treatment types, one with single chemical fertilization (NPK) and the other with chemical fertiliser and a green manure combined treatment (NPK + Cover crop)",,90 kg ha−1,high,The recommended amounts of chemical fertilisers (N-P2O5-K2O=90–45–57 kg ha−1) were applied,,,,,,water level was maintained at a depth of 5–7 cm above the soil surface by using an automatic water level controller,,"fine silty, mixed, mesic Typic Endoaquepts",high,"The selected soil was classified as fine silty, mixed, mesic Typic Endoaquepts","fine silty, mixed, mesic Typic Endoaquepts",,,,,,,,"No MAT value reported; location coordinates are given (36° 50’ N, 128° 26’ E) and local air temperature data were collected during the study period but not summarized as a mean annual temperature.",high,Local air temperature data were collected from the Korea Meteorological Administration (KMA Korean Metrological Administration 2013) over the course of the entire investigation period.,,,,,,,,,,,,,,,,,,,ch4,1560.0,169.0,,,kg ha‑1,3.0,2.222542385320509,,,,,,,,,,,,,,,,,,,,,,,,,,,,,,,,,,,,,high,"Throughout the cropping season, the water level was maintained at a depth of 5–7 cm above the soil surface by using an automatic water level controller.",high,CH4,high,Table 1 … CH4(kg ha‑1) |169|1560|163|1431,high,Table 1 … CH4(kg ha‑1) |169|1560|163|1431,high,Table 1 … CH4(kg ha‑1),high,replicated three times,,,,,,
/Users/yupe4788/Library/CloudStorage/OneDrive-UCB-O365/Documents/GitHub/LLM_AutoExtracting_CC/ground_truth/pdfs/10_haque2015.pdf,10,8,12,,,,,,10.1007/s11104-014-2287-2,high,regex match on PDF page 1,"ghg_ch4,ghg_co2,ghg_n2o",high,Table 1 shows CH4 mean emission rates of -0.56 (NPK) vs -1.22 (NPK+Cover crop) mg m⁻² day⁻¹; CO2 mean emission rates of 2.99 vs 5.47 mg m⁻² day⁻¹; N2O mean emission rates of 1.50 vs 2.81 mg m⁻² day⁻¹.,36.8333,high,36° 50’ N,128.4333,high,128° 26’ E,South Korea,high,"Gyeongsang National University Experimental Farm (36° 50’ N and 128° 26’ E), Jinju, South Korea","Gyeongsang National University Experimental Farm, Jinju, South Korea",high,"Gyeongsang National University Experimental Farm (36° 50’ N and 128° 26’ E), Jinju, South Korea",Barley + Hairy vetch,high,"mixture seeding of barley (75 % of the recommended dose, RD) and vetch seed (25 % of RD)",,,,Mixture,high,mixture seeding of barley … and vetch seed,Mixture,high,mixture seeding of barley … and vetch seed,"rice (Dongjinbyeo cultivar, Japonica)",high,"Thirty day‑old seedlings … of rice (Dongjinbyeo cultivar, Japonica)","rice (Dongjinbyeo cultivar, Japonica)",,,,2011,high,Table 1 … 2011,"2010,2011",high,"After rice harvesting in 2010 and 2011, a seed mixture … was applied",2.0,,,,,,,,,,,,,,,,,,,NPK,high,"two different treatment types, one with single chemical fertilization (NPK) and the other with chemical fertiliser and a green manure combined treatment (NPK + Cover crop)",,90 kg ha−1,high,The recommended amounts of chemical fertilisers (N-P2O5-K2O=90–45–57 kg ha−1) were applied,,,,,,water level was maintained at a depth of 5–7 cm above the soil surface by using an automatic water level controller,,"fine silty, mixed, mesic Typic Endoaquepts",high,"The selected soil was classified as fine silty, mixed, mesic Typic Endoaquepts","fine silty, mixed, mesic Typic Endoaquepts",,,,,,,,"No MAT value reported; location coordinates are given (36° 50’ N, 128° 26’ E) and local air temperature data were collected during the study period but not summarized as a mean annual temperature.",high,Local air temperature data were collected from the Korea Meteorological Administration (KMA Korean Metrological Administration 2013) over the course of the entire investigation period.,,,,,,,,,,,,,,,,,,,co2,11.42,2.02,,,Mg ha‑1,3.0,1.7322686928147508,,,,,,,,,,,,,,,,,,,,,,,,,,,,,,,,,,,,,high,"Throughout the cropping season, the water level was maintained at a depth of 5–7 cm above the soil surface by using an automatic water level controller.",high,CO2,high,Table 1 … CO2(Mg ha‑1) |2.02|11.42|1.67|10.35,high,Table 1 … CO2(Mg ha‑1) |2.02|11.42|1.67|10.35,high,Table 1 … CO2(Mg ha‑1),high,replicated three times,,,,,,
/Users/yupe4788/Library/CloudStorage/OneDrive-UCB-O365/Documents/GitHub/LLM_AutoExtracting_CC/ground_truth/pdfs/10_haque2015.pdf,10,9,12,,,,,,10.1007/s11104-014-2287-2,high,regex match on PDF page 1,"ghg_ch4,ghg_co2,ghg_n2o",high,Table 1 shows CH4 mean emission rates of -0.56 (NPK) vs -1.22 (NPK+Cover crop) mg m⁻² day⁻¹; CO2 mean emission rates of 2.99 vs 5.47 mg m⁻² day⁻¹; N2O mean emission rates of 1.50 vs 2.81 mg m⁻² day⁻¹.,36.8333,high,36° 50’ N,128.4333,high,128° 26’ E,South Korea,high,"Gyeongsang National University Experimental Farm (36° 50’ N and 128° 26’ E), Jinju, South Korea","Gyeongsang National University Experimental Farm, Jinju, South Korea",high,"Gyeongsang National University Experimental Farm (36° 50’ N and 128° 26’ E), Jinju, South Korea",Barley + Hairy vetch,high,"mixture seeding of barley (75 % of the recommended dose, RD) and vetch seed (25 % of RD)",,,,Mixture,high,mixture seeding of barley … and vetch seed,Mixture,high,mixture seeding of barley … and vetch seed,"rice (Dongjinbyeo cultivar, Japonica)",high,"Thirty day‑old seedlings … of rice (Dongjinbyeo cultivar, Japonica)","rice (Dongjinbyeo cultivar, Japonica)",,,,2011,high,Table 1 … 2011,"2010,2011",high,"After rice harvesting in 2010 and 2011, a seed mixture … was applied",2.0,,,,,,,,,,,,,,,,,,,NPK,high,"two different treatment types, one with single chemical fertilization (NPK) and the other with chemical fertiliser and a green manure combined treatment (NPK + Cover crop)",,90 kg ha−1,high,The recommended amounts of chemical fertilisers (N-P2O5-K2O=90–45–57 kg ha−1) were applied,,,,,,water level was maintained at a depth of 5–7 cm above the soil surface by using an automatic water level controller,,"fine silty, mixed, mesic Typic Endoaquepts",high,"The selected soil was classified as fine silty, mixed, mesic Typic Endoaquepts","fine silty, mixed, mesic Typic Endoaquepts",,,,,,,,"No MAT value reported; location coordinates are given (36° 50’ N, 128° 26’ E) and local air temperature data were collected during the study period but not summarized as a mean annual temperature.",high,Local air temperature data were collected from the Korea Meteorological Administration (KMA Korean Metrological Administration 2013) over the course of the entire investigation period.,,,,,,,,,,,,,,,,,,,n2o,1.2,0.89,,,kg ha‑1,3.0,0.2988553730499061,,,,,,,,,,,,,,,,,,,,,,,,,,,,,,,,,,,,,high,"Throughout the cropping season, the water level was maintained at a depth of 5–7 cm above the soil surface by using an automatic water level controller.",high,N2O,high,Table 1 … N2O (kg ha‑1) |0.89|1.20|0.90|1.19,high,Table 1 … N2O (kg ha‑1) |0.89|1.20|0.90|1.19,high,Table 1 … N2O (kg ha‑1),high,replicated three times,,,,,,
/Users/yupe4788/Library/CloudStorage/OneDrive-UCB-O365/Documents/GitHub/LLM_AutoExtracting_CC/ground_truth/pdfs/10_haque2015.pdf,10,10,12,,,,,,10.1007/s11104-014-2287-2,high,regex match on PDF page 1,"ghg_ch4,ghg_co2,ghg_n2o",high,Table 1 shows CH4 mean emission rates of -0.56 (NPK) vs -1.22 (NPK+Cover crop) mg m⁻² day⁻¹; CO2 mean emission rates of 2.99 vs 5.47 mg m⁻² day⁻¹; N2O mean emission rates of 1.50 vs 2.81 mg m⁻² day⁻¹.,36.8333,high,36° 50’ N,128.4333,high,128° 26’ E,South Korea,high,"Gyeongsang National University Experimental Farm (36° 50’ N and 128° 26’ E), Jinju, South Korea","Gyeongsang National University Experimental Farm, Jinju, South Korea",high,"Gyeongsang National University Experimental Farm (36° 50’ N and 128° 26’ E), Jinju, South Korea",Barley + Hairy vetch,high,"mixture seeding of barley (75 % of the recommended dose, RD) and vetch seed (25 % of RD)",,,,Mixture,high,mixture seeding of barley … and vetch seed,Mixture,high,mixture seeding of barley … and vetch seed,"rice (Dongjinbyeo cultivar, Japonica)",high,"Thirty day‑old seedlings … of rice (Dongjinbyeo cultivar, Japonica)","rice (Dongjinbyeo cultivar, Japonica)",,,,2012,high,Table 1 … 2012,"2011,2012",high,"After rice harvesting in 2010 and 2011, a seed mixture … was applied",2.0,,,,,,,,,,,,,,,,,,,NPK,high,"two different treatment types, one with single chemical fertilization (NPK) and the other with chemical fertiliser and a green manure combined treatment (NPK + Cover crop)",,90 kg ha−1,high,The recommended amounts of chemical fertilisers (N-P2O5-K2O=90–45–57 kg ha−1) were applied,,,,,,water level was maintained at a depth of 5–7 cm above the soil surface by using an automatic water level controller,,"fine silty, mixed, mesic Typic Endoaquepts",high,"The selected soil was classified as fine silty, mixed, mesic Typic Endoaquepts","fine silty, mixed, mesic Typic Endoaquepts",,,,,,,,"No MAT value reported; location coordinates are given (36° 50’ N, 128° 26’ E) and local air temperature data were collected during the study period but not summarized as a mean annual temperature.",high,Local air temperature data were collected from the Korea Meteorological Administration (KMA Korean Metrological Administration 2013) over the course of the entire investigation period.,,,,,,,,,,,,,,,,,,,ch4,1431.0,163.0,,,kg ha‑1,3.0,2.1723785787496883,,,,,,,,,,,,,,,,,,,,,,,,,,,,,,,,,,,,,high,"Throughout the cropping season, the water level was maintained at a depth of 5–7 cm above the soil surface by using an automatic water level controller.",high,CH4,high,Table 1 … CH4(kg ha‑1) |169|1560|163|1431,high,Table 1 … CH4(kg ha‑1) |169|1560|163|1431,high,Table 1 … CH4(kg ha‑1),high,replicated three times,,,,,,
/Users/yupe4788/Library/CloudStorage/OneDrive-UCB-O365/Documents/GitHub/LLM_AutoExtracting_CC/ground_truth/pdfs/10_haque2015.pdf,10,11,12,,,,,,10.1007/s11104-014-2287-2,high,regex match on PDF page 1,"ghg_ch4,ghg_co2,ghg_n2o",high,Table 1 shows CH4 mean emission rates of -0.56 (NPK) vs -1.22 (NPK+Cover crop) mg m⁻² day⁻¹; CO2 mean emission rates of 2.99 vs 5.47 mg m⁻² day⁻¹; N2O mean emission rates of 1.50 vs 2.81 mg m⁻² day⁻¹.,36.8333,high,36° 50’ N,128.4333,high,128° 26’ E,South Korea,high,"Gyeongsang National University Experimental Farm (36° 50’ N and 128° 26’ E), Jinju, South Korea","Gyeongsang National University Experimental Farm, Jinju, South Korea",high,"Gyeongsang National University Experimental Farm (36° 50’ N and 128° 26’ E), Jinju, South Korea",Barley + Hairy vetch,high,"mixture seeding of barley (75 % of the recommended dose, RD) and vetch seed (25 % of RD)",,,,Mixture,high,mixture seeding of barley … and vetch seed,Mixture,high,mixture seeding of barley … and vetch seed,"rice (Dongjinbyeo cultivar, Japonica)",high,"Thirty day‑old seedlings … of rice (Dongjinbyeo cultivar, Japonica)","rice (Dongjinbyeo cultivar, Japonica)",,,,2012,high,Table 1 … 2012,"2011,2012",high,"After rice harvesting in 2010 and 2011, a seed mixture … was applied",2.0,,,,,,,,,,,,,,,,,,,NPK,high,"two different treatment types, one with single chemical fertilization (NPK) and the other with chemical fertiliser and a green manure combined treatment (NPK + Cover crop)",,90 kg ha−1,high,The recommended amounts of chemical fertilisers (N-P2O5-K2O=90–45–57 kg ha−1) were applied,,,,,,water level was maintained at a depth of 5–7 cm above the soil surface by using an automatic water level controller,,"fine silty, mixed, mesic Typic Endoaquepts",high,"The selected soil was classified as fine silty, mixed, mesic Typic Endoaquepts","fine silty, mixed, mesic Typic Endoaquepts",,,,,,,,"No MAT value reported; location coordinates are given (36° 50’ N, 128° 26’ E) and local air temperature data were collected during the study period but not summarized as a mean annual temperature.",high,Local air temperature data were collected from the Korea Meteorological Administration (KMA Korean Metrological Administration 2013) over the course of the entire investigation period.,,,,,,,,,,,,,,,,,,,co2,10.35,1.67,,,Mg ha‑1,3.0,1.8241628932827143,,,,,,,,,,,,,,,,,,,,,,,,,,,,,,,,,,,,,high,"Throughout the cropping season, the water level was maintained at a depth of 5–7 cm above the soil surface by using an automatic water level controller.",high,CO2,high,Table 1 … CO2(Mg ha‑1) |2.02|11.42|1.67|10.35,high,Table 1 … CO2(Mg ha‑1) |2.02|11.42|1.67|10.35,high,Table 1 … CO2(Mg ha‑1),high,replicated three times,,,,,,
/Users/yupe4788/Library/CloudStorage/OneDrive-UCB-O365/Documents/GitHub/LLM_AutoExtracting_CC/ground_truth/pdfs/10_haque2015.pdf,10,12,12,,,,,,10.1007/s11104-014-2287-2,high,regex match on PDF page 1,"ghg_ch4,ghg_co2,ghg_n2o",high,Table 1 shows CH4 mean emission rates of -0.56 (NPK) vs -1.22 (NPK+Cover crop) mg m⁻² day⁻¹; CO2 mean emission rates of 2.99 vs 5.47 mg m⁻² day⁻¹; N2O mean emission rates of 1.50 vs 2.81 mg m⁻² day⁻¹.,36.8333,high,36° 50’ N,128.4333,high,128° 26’ E,South Korea,high,"Gyeongsang National University Experimental Farm (36° 50’ N and 128° 26’ E), Jinju, South Korea","Gyeongsang National University Experimental Farm, Jinju, South Korea",high,"Gyeongsang National University Experimental Farm (36° 50’ N and 128° 26’ E), Jinju, South Korea",Barley + Hairy vetch,high,"mixture seeding of barley (75 % of the recommended dose, RD) and vetch seed (25 % of RD)",,,,Mixture,high,mixture seeding of barley … and vetch seed,Mixture,high,mixture seeding of barley … and vetch seed,"rice (Dongjinbyeo cultivar, Japonica)",high,"Thirty day‑old seedlings … of rice (Dongjinbyeo cultivar, Japonica)","rice (Dongjinbyeo cultivar, Japonica)",,,,2012,high,Table 1 … 2012,"2011,2012",high,"After rice harvesting in 2010 and 2011, a seed mixture … was applied",2.0,,,,,,,,,,,,,,,,,,,NPK,high,"two different treatment types, one with single chemical fertilization (NPK) and the other with chemical fertiliser and a green manure combined treatment (NPK + Cover crop)",,90 kg ha−1,high,The recommended amounts of chemical fertilisers (N-P2O5-K2O=90–45–57 kg ha−1) were applied,,,,,,water level was maintained at a depth of 5–7 cm above the soil surface by using an automatic water level controller,,"fine silty, mixed, mesic Typic Endoaquepts",high,"The selected soil was classified as fine silty, mixed, mesic Typic Endoaquepts","fine silty, mixed, mesic Typic Endoaquepts",,,,,,,,"No MAT value reported; location coordinates are given (36° 50’ N, 128° 26’ E) and local air temperature data were collected during the study period but not summarized as a mean annual temperature.",high,Local air temperature data were collected from the Korea Meteorological Administration (KMA Korean Metrological Administration 2013) over the course of the entire investigation period.,,,,,,,,,,,,,,,,,,,n2o,1.19,0.9,,,kg ha‑1,3.0,0.2793138227812642,,,,,,,,,,,,,,,,,,,,,,,,,,,,,,,,,,,,,high,"Throughout the cropping season, the water level was maintained at a depth of 5–7 cm above the soil surface by using an automatic water level controller.",high,N2O,high,Table 1 … N2O (kg ha‑1) |0.89|1.20|0.90|1.19,high,Table 1 … N2O (kg ha‑1) |0.89|1.20|0.90|1.19,high,Table 1 … N2O (kg ha‑1),high,replicated three times,,,,,,
/Users/yupe4788/Library/CloudStorage/OneDrive-UCB-O365/Documents/GitHub/LLM_AutoExtracting_CC/ground_truth/pdfs/11_weiler2018.pdf,11,1,12,,,,,Trade-off between C and N recycling and N2O emissions of soils with summer cover crops in subtropical agrosystems,10.1007/s11104-018-3831-2,high,regex match on PDF page 1,ghg_n2o,high,"Table 2 shows cumulative N2O emissions for cover crops (e.g., Velvet Bean 0.71 a) versus the fallow control (0.14 c).",-29.6833,high,29° 41’S,-53.8,high,53° 48’W,Brazil,high,"located in Rio Grande do Sul, Brazil State","Department of Soils, Federal University of Santa Maria (UFSM), Rio Grande do Sul, Brazil",high,"The study was carried out ... located in Rio Grande do Sul, Brazil State (29° 41’S, 53° 48’W)",velvet bean,high,Table 2 ... Velvet Bean ...,,,,Single Species,high,The experiment ... consisted of ... velvet bean ...,Legume,high,velvet bean (Mucuna aterrima),oats,high,"After termination, the plots were grown during fall/winter with oats (Avena sativa) in 2010",oats,,,,2010,high,Table 2 column 2010,"2010,2011",high,SCCs were cultivated in two years (2010 and 2011),2.0,January to April after summer cash crop harvest and prior to winter cash crop,high,SCCs were cultivated in two years (2010 and 2011) from January to April after summer cash crop harvest and prior to winter cash crop,at the flowering stage with a knife roller,high,SCCs were terminated in the same day at the flowering stage with a knife roller,,,,,NT,high,keyword match: 'no-till',no‑tillage,high,SCCs and cash crops were grown under no‑tillage systems,,,no fertilizer application,high,Black oats (Avena strigosa) was grown in the area with no fertilizer application from June to November 2009.,,,,,,,,,,,,"600 g kg‑1 sand, 300 g kg‑1 silt, 100 g kg‑1 clay",high,"characterized as having 600 g kg−1 of sand, 300 g kg−1 of silt, 100 g kg−1 of clay","600 g kg‑1 sand, 300 g kg‑1 silt, 100 g kg‑1 clay",,1769.0,high,The average annual precipitation is 1769 mm,19.3,high,The average annual temperature is 19.3 °C,Average annual temperature 19.3 °C; temperature data were obtained from an automatic weather station located 1.7 km away from the experiment.,high,"The average annual temperature is 19.3 °C, ... Temperature and rainfall data were obtained from an automatic weather station located 1.7 km away from the experiment.",,,,,,,,,,,,,,,,,,,n2o,0.71,0.14,,,kg N2O‑N ha‑1,4.0,1.6236225474260566,,,,,,,,,,,,,,,,,,,,,,,,,,,,,,,medium,PDF metadata title field,,,,,,,high,N2O cumulative emissions,high,Table 2 – Velvet Bean cumulative 2010 = 0.71,high,Table 2 – Fallow cumulative 2010 = 0.14,high,Table 2 header ‘Cumulative (kg N2O‑N’,high,four replications,,,,,,
/Users/yupe4788/Library/CloudStorage/OneDrive-UCB-O365/Documents/GitHub/LLM_AutoExtracting_CC/ground_truth/pdfs/11_weiler2018.pdf,11,2,12,,,,,Trade-off between C and N recycling and N2O emissions of soils with summer cover crops in subtropical agrosystems,10.1007/s11104-018-3831-2,high,regex match on PDF page 1,ghg_n2o,high,"Table 2 shows cumulative N2O emissions for cover crops (e.g., Velvet Bean 0.71 a) versus the fallow control (0.14 c).",-29.6833,high,29° 41’S,-53.8,high,53° 48’W,Brazil,high,"located in Rio Grande do Sul, Brazil State","Department of Soils, Federal University of Santa Maria (UFSM), Rio Grande do Sul, Brazil",high,"The study was carried out ... located in Rio Grande do Sul, Brazil State (29° 41’S, 53° 48’W)",velvet bean,high,Table 2 ... Velvet Bean ...,,,,Single Species,high,The experiment ... consisted of ... velvet bean ...,Legume,high,velvet bean (Mucuna aterrima),black oats,high,"After termination, the plots were grown ... with black oats (Avena strigosa) in 2011",black oats,,,,2011,high,Table 2 column 2011,"2010,2011",high,SCCs were cultivated in two years (2010 and 2011),2.0,January to April after summer cash crop harvest and prior to winter cash crop,high,SCCs were cultivated in two years (2010 and 2011) from January to April after summer cash crop harvest and prior to winter cash crop,at the flowering stage with a knife roller,high,SCCs were terminated in the same day at the flowering stage with a knife roller,,,,,NT,high,keyword match: 'no-till',no‑tillage,high,SCCs and cash crops were grown under no‑tillage systems,,,no fertilizer application,high,Black oats (Avena strigosa) was grown in the area with no fertilizer application from June to November 2009.,,,,,,,,,,,,"600 g kg‑1 sand, 300 g kg‑1 silt, 100 g kg‑1 clay",high,"characterized as having 600 g kg−1 of sand, 300 g kg−1 of silt, 100 g kg−1 of clay","600 g kg‑1 sand, 300 g kg‑1 silt, 100 g kg‑1 clay",,1769.0,high,The average annual precipitation is 1769 mm,19.3,high,The average annual temperature is 19.3 °C,Average annual temperature 19.3 °C; temperature data were obtained from an automatic weather station located 1.7 km away from the experiment.,high,"The average annual temperature is 19.3 °C, ... Temperature and rainfall data were obtained from an automatic weather station located 1.7 km away from the experiment.",,,,,,,,,,,,,,,,,,,n2o,0.79,1.01,,,kg N2O‑N ha‑1,4.0,-0.2456726643742379,,,,,,,,,,,,,,,,,,,,,,,,,,,,,,,medium,PDF metadata title field,,,,,,,high,N2O cumulative emissions,high,Table 2 – Velvet Bean cumulative 2011 = 0.79,high,Table 2 – Fallow cumulative 2011 = 1.01,high,Table 2 header ‘Cumulative (kg N2O‑N’,high,four replications,,,,,,
/Users/yupe4788/Library/CloudStorage/OneDrive-UCB-O365/Documents/GitHub/LLM_AutoExtracting_CC/ground_truth/pdfs/11_weiler2018.pdf,11,3,12,,,,,Trade-off between C and N recycling and N2O emissions of soils with summer cover crops in subtropical agrosystems,10.1007/s11104-018-3831-2,high,regex match on PDF page 1,ghg_n2o,high,"Table 2 shows cumulative N2O emissions for cover crops (e.g., Velvet Bean 0.71 a) versus the fallow control (0.14 c).",-29.6833,high,29° 41’S,-53.8,high,53° 48’W,Brazil,high,"located in Rio Grande do Sul, Brazil State","Department of Soils, Federal University of Santa Maria (UFSM), Rio Grande do Sul, Brazil",high,The study was carried out ...,pearl millet,high,Table 2 ... Pearl Millet ...,,,,Single Species,high,The experiment ... consisted of ... pearl millet ...,Non‑legume,high,pearl millet (Pennisetum americanum),oats,high,"After termination, the plots were grown ... with oats (Avena sativa) in 2010",oats,,,,2010,high,Table 2 column 2010,"2010,2011",high,SCCs were cultivated in two years (2010 and 2011),2.0,January to April after summer cash crop harvest and prior to winter cash crop,high,SCCs were cultivated ... from January to April,at the flowering stage with a knife roller,high,SCCs were terminated ... at the flowering stage with a knife roller,,,,,NT,high,keyword match: 'no-till',no‑tillage,high,SCCs and cash crops were grown under no‑tillage systems,,,no fertilizer application,high,Black oats (Avena strigosa) was grown in the area with no fertilizer application from June to November 2009.,,,,,,,,,,,,"600 g kg‑1 sand, 300 g kg‑1 silt, 100 g kg‑1 clay",high,"characterized as having 600 g kg−1 of sand, 300 g kg−1 of silt, 100 g kg−1 of clay","600 g kg‑1 sand, 300 g kg‑1 silt, 100 g kg‑1 clay",,1769.0,high,The average annual precipitation is 1769 mm,19.3,high,The average annual temperature is 19.3 °C,Average annual temperature 19.3 °C; temperature data were obtained from an automatic weather station located 1.7 km away from the experiment.,high,"The average annual temperature is 19.3 °C, ... Temperature and rainfall data were obtained from an automatic weather station located 1.7 km away from the experiment.",,,,,,,,,,,,,,,,,,,n2o,0.61,0.14,,,kg N2O‑N ha‑1,4.0,1.4718165345580525,,,,,,,,,,,,,,,,,,,,,,,,,,,,,,,medium,PDF metadata title field,,,,,,,high,N2O cumulative emissions,high,Table 2 – Pearl Millet cumulative 2010 = 0.61,high,Table 2 – Fallow cumulative 2010 = 0.14,high,Table 2 header,high,four replications,,,,,,
/Users/yupe4788/Library/CloudStorage/OneDrive-UCB-O365/Documents/GitHub/LLM_AutoExtracting_CC/ground_truth/pdfs/11_weiler2018.pdf,11,4,12,,,,,Trade-off between C and N recycling and N2O emissions of soils with summer cover crops in subtropical agrosystems,10.1007/s11104-018-3831-2,high,regex match on PDF page 1,ghg_n2o,high,"Table 2 shows cumulative N2O emissions for cover crops (e.g., Velvet Bean 0.71 a) versus the fallow control (0.14 c).",-29.6833,high,29° 41’S,-53.8,high,53° 48’W,Brazil,high,"located in Rio Grande do Sul, Brazil State","Department of Soils, Federal University of Santa Maria (UFSM), Rio Grande do Sul, Brazil",high,The study was carried out ...,pearl millet,high,Table 2 ... Pearl Millet ...,,,,Single Species,high,The experiment ... consisted of ... pearl millet ...,Non‑legume,high,pearl millet (Pennisetum americanum),black oats,high,"After termination, the plots were grown ... with black oats (Avena strigosa) in 2011",black oats,,,,2011,high,Table 2 column 2011,"2010,2011",high,SCCs were cultivated in two years (2010 and 2011),2.0,January to April after summer cash crop harvest and prior to winter cash crop,high,SCCs were cultivated ... from January to April,at the flowering stage with a knife roller,high,SCCs were terminated ... at the flowering stage with a knife roller,,,,,NT,high,keyword match: 'no-till',no‑tillage,high,SCCs and cash crops were grown under no‑tillage systems,,,no fertilizer application,high,Black oats (Avena strigosa) was grown in the area with no fertilizer application from June to November 2009.,,,,,,,,,,,,"600 g kg‑1 sand, 300 g kg‑1 silt, 100 g kg‑1 clay",high,"characterized as having 600 g kg−1 of sand, 300 g kg−1 of silt, 100 g kg−1 of clay","600 g kg‑1 sand, 300 g kg‑1 silt, 100 g kg‑1 clay",,1769.0,high,The average annual precipitation is 1769 mm,19.3,high,The average annual temperature is 19.3 °C,Average annual temperature 19.3 °C; temperature data were obtained from an automatic weather station located 1.7 km away from the experiment.,high,"The average annual temperature is 19.3 °C, ... Temperature and rainfall data were obtained from an automatic weather station located 1.7 km away from the experiment.",,,,,,,,,,,,,,,,,,,n2o,1.05,1.01,,,kg N2O‑N ha‑1,4.0,0.0388398333162639,,,,,,,,,,,,,,,,,,,,,,,,,,,,,,,medium,PDF metadata title field,,,,,,,high,N2O cumulative emissions,high,Table 2 – Pearl Millet cumulative 2011 = 1.05,high,Table 2 – Fallow cumulative 2011 = 1.01,high,Table 2 header,high,four replications,,,,,,
/Users/yupe4788/Library/CloudStorage/OneDrive-UCB-O365/Documents/GitHub/LLM_AutoExtracting_CC/ground_truth/pdfs/11_weiler2018.pdf,11,5,12,,,,,Trade-off between C and N recycling and N2O emissions of soils with summer cover crops in subtropical agrosystems,10.1007/s11104-018-3831-2,high,regex match on PDF page 1,ghg_n2o,high,"Table 2 shows cumulative N2O emissions for cover crops (e.g., Velvet Bean 0.71 a) versus the fallow control (0.14 c).",-29.6833,high,29° 41’S,-53.8,high,53° 48’W,Brazil,high,"located in Rio Grande do Sul, Brazil State","Department of Soils, Federal University of Santa Maria (UFSM), Rio Grande do Sul, Brazil",high,The study was carried out ...,dwarf pigeonpea,high,Table 2 ... Dwarf Pigeon Pea ...,,,,Single Species,high,The experiment ... consisted of ... dwarf pigeonpea ...,Legume,high,dwarf pigeonpea (Cajanus cajan),oats,high,"After termination, the plots were grown ... with oats (Avena sativa) in 2010",oats,,,,2010,high,Table 2 column 2010,"2010,2011",high,SCCs were cultivated in two years (2010 and 2011),2.0,January to April after summer cash crop harvest and prior to winter cash crop,high,SCCs were cultivated ... from January to April,at the flowering stage with a knife roller,high,SCCs were terminated ... at the flowering stage with a knife roller,,,,,NT,high,keyword match: 'no-till',no‑tillage,high,SCCs and cash crops were grown under no‑tillage systems,,,no fertilizer application,high,Black oats (Avena strigosa) was grown in the area with no fertilizer application from June to November 2009.,,,,,,,,,,,,"600 g kg‑1 sand, 300 g kg‑1 silt, 100 g kg‑1 clay",high,"characterized as having 600 g kg−1 of sand, 300 g kg−1 of silt, 100 g kg−1 of clay","600 g kg‑1 sand, 300 g kg‑1 silt, 100 g kg‑1 clay",,1769.0,high,The average annual precipitation is 1769 mm,19.3,high,The average annual temperature is 19.3 °C,Average annual temperature 19.3 °C; temperature data were obtained from an automatic weather station located 1.7 km away from the experiment.,high,"The average annual temperature is 19.3 °C, ... Temperature and rainfall data were obtained from an automatic weather station located 1.7 km away from the experiment.",,,,,,,,,,,,,,,,,,,n2o,0.46,0.14,,,kg N2O‑N ha‑1,4.0,1.1895840668738364,,,,,,,,,,,,,,,,,,,,,,,,,,,,,,,medium,PDF metadata title field,,,,,,,high,N2O cumulative emissions,high,Table 2 – Dwarf Pigeon Pea cumulative 2010 = 0.46,high,Table 2 – Fallow cumulative 2010 = 0.14,high,Table 2 header,high,four replications,,,,,,
/Users/yupe4788/Library/CloudStorage/OneDrive-UCB-O365/Documents/GitHub/LLM_AutoExtracting_CC/ground_truth/pdfs/11_weiler2018.pdf,11,6,12,,,,,Trade-off between C and N recycling and N2O emissions of soils with summer cover crops in subtropical agrosystems,10.1007/s11104-018-3831-2,high,regex match on PDF page 1,ghg_n2o,high,"Table 2 shows cumulative N2O emissions for cover crops (e.g., Velvet Bean 0.71 a) versus the fallow control (0.14 c).",-29.6833,high,29° 41’S,-53.8,high,53° 48’W,Brazil,high,"located in Rio Grande do Sul, Brazil State","Department of Soils, Federal University of Santa Maria (UFSM), Rio Grande do Sul, Brazil",high,The study was carried out ...,dwarf pigeonpea,high,Table 2 ... Dwarf Pigeon Pea ...,,,,Single Species,high,The experiment ... consisted of ... dwarf pigeonpea ...,Legume,high,dwarf pigeonpea (Cajanus cajan),black oats,high,"After termination, the plots were grown ... with black oats (Avena strigosa) in 2011",black oats,,,,2011,high,Table 2 column 2011,"2010,2011",high,SCCs were cultivated in two years (2010 and 2011),2.0,January to April after summer cash crop harvest and prior to winter cash crop,high,SCCs were cultivated ... from January to April,at the flowering stage with a knife roller,high,SCCs were terminated ... at the flowering stage with a knife roller,,,,,NT,high,keyword match: 'no-till',no‑tillage,high,SCCs and cash crops were grown under no‑tillage systems,,,no fertilizer application,high,Black oats (Avena strigosa) was grown in the area with no fertilizer application from June to November 2009.,,,,,,,,,,,,"600 g kg‑1 sand, 300 g kg‑1 silt, 100 g kg‑1 clay",high,"characterized as having 600 g kg−1 of sand, 300 g kg−1 of silt, 100 g kg−1 of clay","600 g kg‑1 sand, 300 g kg‑1 silt, 100 g kg‑1 clay",,1769.0,high,The average annual precipitation is 1769 mm,19.3,high,The average annual temperature is 19.3 °C,Average annual temperature 19.3 °C; temperature data were obtained from an automatic weather station located 1.7 km away from the experiment.,high,"The average annual temperature is 19.3 °C, ... Temperature and rainfall data were obtained from an automatic weather station located 1.7 km away from the experiment.",,,,,,,,,,,,,,,,,,,n2o,1.01,1.01,,,kg N2O‑N ha‑1,4.0,0.0,,,,,,,,,,,,,,,,,,,,,,,,,,,,,,,medium,PDF metadata title field,,,,,,,high,N2O cumulative emissions,high,Table 2 – Dwarf Pigeon Pea cumulative 2011 = 1.01,high,Table 2 – Fallow cumulative 2011 = 1.01,high,Table 2 header,high,four replications,,,,,,
/Users/yupe4788/Library/CloudStorage/OneDrive-UCB-O365/Documents/GitHub/LLM_AutoExtracting_CC/ground_truth/pdfs/11_weiler2018.pdf,11,7,12,,,,,Trade-off between C and N recycling and N2O emissions of soils with summer cover crops in subtropical agrosystems,10.1007/s11104-018-3831-2,high,regex match on PDF page 1,ghg_n2o,high,"Table 2 shows cumulative N2O emissions for cover crops (e.g., Velvet Bean 0.71 a) versus the fallow control (0.14 c).",-29.6833,high,29° 41’S,-53.8,high,53° 48’W,Brazil,high,"located in Rio Grande do Sul, Brazil State","Department of Soils, Federal University of Santa Maria (UFSM), Rio Grande do Sul, Brazil",high,The study was carried out ...,sunn hemp,high,Table 2 ... Sunn Hemp ...,,,,Single Species,high,The experiment ... consisted of ... sunn hemp ...,Legume,high,sunn hemp (Crotalaria juncea),oats,high,"After termination, the plots were grown ... with oats (Avena sativa) in 2010",oats,,,,2010,high,Table 2 column 2010,"2010,2011",high,SCCs were cultivated in two years (2010 and 2011),2.0,January to April after summer cash crop harvest and prior to winter cash crop,high,SCCs were cultivated ... from January to April,at the flowering stage with a knife roller,high,SCCs were terminated ... at the flowering stage with a knife roller,,,,,NT,high,keyword match: 'no-till',no‑tillage,high,SCCs and cash crops were grown under no‑tillage systems,,,no fertilizer application,high,Black oats (Avena strigosa) was grown in the area with no fertilizer application from June to November 2009.,,,,,,,,,,,,"600 g kg‑1 sand, 300 g kg‑1 silt, 100 g kg‑1 clay",high,"characterized as having 600 g kg−1 of sand, 300 g kg−1 of silt, 100 g kg−1 of clay","600 g kg‑1 sand, 300 g kg‑1 silt, 100 g kg‑1 clay",,1769.0,high,The average annual precipitation is 1769 mm,19.3,high,The average annual temperature is 19.3 °C,Average annual temperature 19.3 °C; temperature data were obtained from an automatic weather station located 1.7 km away from the experiment.,high,"The average annual temperature is 19.3 °C, ... Temperature and rainfall data were obtained from an automatic weather station located 1.7 km away from the experiment.",,,,,,,,,,,,,,,,,,,n2o,0.7,0.14,,,kg N2O‑N ha‑1,4.0,1.6094379124341005,,,,,,,,,,,,,,,,,,,,,,,,,,,,,,,medium,PDF metadata title field,,,,,,,high,N2O cumulative emissions,high,Table 2 – Sunn Hemp cumulative 2010 = 0.70,high,Table 2 – Fallow cumulative 2010 = 0.14,high,Table 2 header,high,four replications,,,,,,
/Users/yupe4788/Library/CloudStorage/OneDrive-UCB-O365/Documents/GitHub/LLM_AutoExtracting_CC/ground_truth/pdfs/11_weiler2018.pdf,11,8,12,,,,,Trade-off between C and N recycling and N2O emissions of soils with summer cover crops in subtropical agrosystems,10.1007/s11104-018-3831-2,high,regex match on PDF page 1,ghg_n2o,high,"Table 2 shows cumulative N2O emissions for cover crops (e.g., Velvet Bean 0.71 a) versus the fallow control (0.14 c).",-29.6833,high,29° 41’S,-53.8,high,53° 48’W,Brazil,high,"located in Rio Grande do Sul, Brazil State","Department of Soils, Federal University of Santa Maria (UFSM), Rio Grande do Sul, Brazil",high,The study was carried out ...,sunn hemp,high,Table 2 ... Sunn Hemp ...,,,,Single Species,high,The experiment ... consisted of ... sunn hemp ...,Legume,high,sunn hemp (Crotalaria juncea),black oats,high,"After termination, the plots were grown ... with black oats (Avena strigosa) in 2011",black oats,,,,2011,high,Table 2 column 2011,"2010,2011",high,SCCs were cultivated in two years (2010 and 2011),2.0,January to April after summer cash crop harvest and prior to winter cash crop,high,SCCs were cultivated ... from January to April,at the flowering stage with a knife roller,high,SCCs were terminated ... at the flowering stage with a knife roller,,,,,NT,high,keyword match: 'no-till',no‑tillage,high,SCCs and cash crops were grown under no‑tillage systems,,,no fertilizer application,high,Black oats (Avena strigosa) was grown in the area with no fertilizer application from June to November 2009.,,,,,,,,,,,,"600 g kg‑1 sand, 300 g kg‑1 silt, 100 g kg‑1 clay",high,"characterized as having 600 g kg−1 of sand, 300 g kg−1 of silt, 100 g kg−1 of clay","600 g kg‑1 sand, 300 g kg‑1 silt, 100 g kg‑1 clay",,1769.0,high,The average annual precipitation is 1769 mm,19.3,high,The average annual temperature is 19.3 °C,Average annual temperature 19.3 °C; temperature data were obtained from an automatic weather station located 1.7 km away from the experiment.,high,"The average annual temperature is 19.3 °C, ... Temperature and rainfall data were obtained from an automatic weather station located 1.7 km away from the experiment.",,,,,,,,,,,,,,,,,,,n2o,0.89,1.01,,,kg N2O‑N ha‑1,4.0,-0.1264841471091196,,,,,,,,,,,,,,,,,,,,,,,,,,,,,,,medium,PDF metadata title field,,,,,,,high,N2O cumulative emissions,high,Table 2 – Sunn Hemp cumulative 2011 = 0.89,high,Table 2 – Fallow cumulative 2011 = 1.01,high,Table 2 header,high,four replications,,,,,,
/Users/yupe4788/Library/CloudStorage/OneDrive-UCB-O365/Documents/GitHub/LLM_AutoExtracting_CC/ground_truth/pdfs/11_weiler2018.pdf,11,9,12,,,,,Trade-off between C and N recycling and N2O emissions of soils with summer cover crops in subtropical agrosystems,10.1007/s11104-018-3831-2,high,regex match on PDF page 1,ghg_n2o,high,"Table 2 shows cumulative N2O emissions for cover crops (e.g., Velvet Bean 0.71 a) versus the fallow control (0.14 c).",-29.6833,high,29° 41’S,-53.8,high,53° 48’W,Brazil,high,"located in Rio Grande do Sul, Brazil State","Department of Soils, Federal University of Santa Maria (UFSM), Rio Grande do Sul, Brazil",high,The study was carried out ...,showy rattlebox,high,Table 2 ... Showy Rattlebox ...,,,,Single Species,high,The experiment ... consisted of ... showy rattlebox ...,Legume,high,showy rattlebox (Crotalaria spectabilis),oats,high,"After termination, the plots were grown ... with oats (Avena sativa) in 2010",oats,,,,2010,high,Table 2 column 2010,"2010,2011",high,SCCs were cultivated in two years (2010 and 2011),2.0,January to April after summer cash crop harvest and prior to winter cash crop,high,SCCs were cultivated ... from January to April,at the flowering stage with a knife roller,high,SCCs were terminated ... at the flowering stage with a knife roller,,,,,NT,high,keyword match: 'no-till',no‑tillage,high,SCCs and cash crops were grown under no‑tillage systems,,,no fertilizer application,high,Black oats (Avena strigosa) was grown in the area with no fertilizer application from June to November 2009.,,,,,,,,,,,,"600 g kg‑1 sand, 300 g kg‑1 silt, 100 g kg‑1 clay",high,"characterized as having 600 g kg−1 of sand, 300 g kg−1 of silt, 100 g kg−1 of clay","600 g kg‑1 sand, 300 g kg‑1 silt, 100 g kg‑1 clay",,1769.0,high,The average annual precipitation is 1769 mm,19.3,high,The average annual temperature is 19.3 °C,Average annual temperature 19.3 °C; temperature data were obtained from an automatic weather station located 1.7 km away from the experiment.,high,"The average annual temperature is 19.3 °C, ... Temperature and rainfall data were obtained from an automatic weather station located 1.7 km away from the experiment.",,,,,,,,,,,,,,,,,,,n2o,0.82,0.14,,,kg N2O‑N ha‑1,4.0,1.7676619176489945,,,,,,,,,,,,,,,,,,,,,,,,,,,,,,,medium,PDF metadata title field,,,,,,,high,N2O cumulative emissions,high,Table 2 – Showy Rattlebox cumulative 2010 = 0.82,high,Table 2 – Fallow cumulative 2010 = 0.14,high,Table 2 header,high,four replications,,,,,,
/Users/yupe4788/Library/CloudStorage/OneDrive-UCB-O365/Documents/GitHub/LLM_AutoExtracting_CC/ground_truth/pdfs/11_weiler2018.pdf,11,10,12,,,,,Trade-off between C and N recycling and N2O emissions of soils with summer cover crops in subtropical agrosystems,10.1007/s11104-018-3831-2,high,regex match on PDF page 1,ghg_n2o,high,"Table 2 shows cumulative N2O emissions for cover crops (e.g., Velvet Bean 0.71 a) versus the fallow control (0.14 c).",-29.6833,high,29° 41’S,-53.8,high,53° 48’W,Brazil,high,"located in Rio Grande do Sul, Brazil State","Department of Soils, Federal University of Santa Maria (UFSM), Rio Grande do Sul, Brazil",high,The study was carried out ...,showy rattlebox,high,Table 2 ... Showy Rattlebox ...,,,,Single Species,high,The experiment ... consisted of ... showy rattlebox ...,Legume,high,showy rattlebox (Crotalaria spectabilis),black oats,high,"After termination, the plots were grown ... with black oats (Avena strigosa) in 2011",black oats,,,,2011,high,Table 2 column 2011,"2010,2011",high,SCCs were cultivated in two years (2010 and 2011),2.0,January to April after summer cash crop harvest and prior to winter cash crop,high,SCCs were cultivated ... from January to April,at the flowering stage with a knife roller,high,SCCs were terminated ... at the flowering stage with a knife roller,,,,,NT,high,keyword match: 'no-till',no‑tillage,high,SCCs and cash crops were grown under no‑tillage systems,,,no fertilizer application,high,Black oats (Avena strigosa) was grown in the area with no fertilizer application from June to November 2009.,,,,,,,,,,,,"600 g kg‑1 sand, 300 g kg‑1 silt, 100 g kg‑1 clay",high,"characterized as having 600 g kg−1 of sand, 300 g kg−1 of silt, 100 g kg−1 of clay","600 g kg‑1 sand, 300 g kg‑1 silt, 100 g kg‑1 clay",,1769.0,high,The average annual precipitation is 1769 mm,19.3,high,The average annual temperature is 19.3 °C,Average annual temperature 19.3 °C; temperature data were obtained from an automatic weather station located 1.7 km away from the experiment.,high,"The average annual temperature is 19.3 °C, ... Temperature and rainfall data were obtained from an automatic weather station located 1.7 km away from the experiment.",,,,,,,,,,,,,,,,,,,n2o,1.38,1.01,,,kg N2O‑N ha‑1,4.0,0.3121331683159452,,,,,,,,,,,,,,,,,,,,,,,,,,,,,,,medium,PDF metadata title field,,,,,,,high,N2O cumulative emissions,high,Table 2 – Showy Rattlebox cumulative 2011 = 1.38,high,Table 2 – Fallow cumulative 2011 = 1.01,high,Table 2 header,high,four replications,,,,,,
/Users/yupe4788/Library/CloudStorage/OneDrive-UCB-O365/Documents/GitHub/LLM_AutoExtracting_CC/ground_truth/pdfs/11_weiler2018.pdf,11,11,12,,,,,Trade-off between C and N recycling and N2O emissions of soils with summer cover crops in subtropical agrosystems,10.1007/s11104-018-3831-2,high,regex match on PDF page 1,ghg_n2o,high,"Table 2 shows cumulative N2O emissions for cover crops (e.g., Velvet Bean 0.71 a) versus the fallow control (0.14 c).",-29.6833,high,29° 41’S,-53.8,high,53° 48’W,Brazil,high,"located in Rio Grande do Sul, Brazil State","Department of Soils, Federal University of Santa Maria (UFSM), Rio Grande do Sul, Brazil",high,The study was carried out ...,jack bean,high,Table 2 ... Jack Bean ...,,,,Single Species,high,The experiment ... consisted of ... jack bean ...,Legume,high,jack bean (Canavalia ensiformis),oats,high,"After termination, the plots were grown ... with oats (Avena sativa) in 2010",oats,,,,2010,high,Table 2 column 2010,"2010,2011",high,SCCs were cultivated in two years (2010 and 2011),2.0,January to April after summer cash crop harvest and prior to winter cash crop,high,SCCs were cultivated ... from January to April,at the flowering stage with a knife roller,high,SCCs were terminated ... at the flowering stage with a knife roller,,,,,NT,high,keyword match: 'no-till',no‑tillage,high,SCCs and cash crops were grown under no‑tillage systems,,,no fertilizer application,high,Black oats (Avena strigosa) was grown in the area with no fertilizer application from June to November 2009.,,,,,,,,,,,,"600 g kg‑1 sand, 300 g kg‑1 silt, 100 g kg‑1 clay",high,"characterized as having 600 g kg−1 of sand, 300 g kg−1 of silt, 100 g kg−1 of clay","600 g kg‑1 sand, 300 g kg‑1 silt, 100 g kg‑1 clay",,1769.0,high,The average annual precipitation is 1769 mm,19.3,high,The average annual temperature is 19.3 °C,Average annual temperature 19.3 °C; temperature data were obtained from an automatic weather station located 1.7 km away from the experiment.,high,"The average annual temperature is 19.3 °C, ... Temperature and rainfall data were obtained from an automatic weather station located 1.7 km away from the experiment.",,,,,,,,,,,,,,,,,,,n2o,0.7,0.14,,,kg N2O‑N ha‑1,4.0,1.6094379124341005,,,,,,,,,,,,,,,,,,,,,,,,,,,,,,,medium,PDF metadata title field,,,,,,,high,N2O cumulative emissions,high,Table 2 – Jack Bean cumulative 2010 = 0.70,high,Table 2 – Fallow cumulative 2010 = 0.14,high,Table 2 header,high,four replications,,,,,,
/Users/yupe4788/Library/CloudStorage/OneDrive-UCB-O365/Documents/GitHub/LLM_AutoExtracting_CC/ground_truth/pdfs/11_weiler2018.pdf,11,12,12,,,,,Trade-off between C and N recycling and N2O emissions of soils with summer cover crops in subtropical agrosystems,10.1007/s11104-018-3831-2,high,regex match on PDF page 1,ghg_n2o,high,"Table 2 shows cumulative N2O emissions for cover crops (e.g., Velvet Bean 0.71 a) versus the fallow control (0.14 c).",-29.6833,high,29° 41’S,-53.8,high,53° 48’W,Brazil,high,"located in Rio Grande do Sul, Brazil State","Department of Soils, Federal University of Santa Maria (UFSM), Rio Grande do Sul, Brazil",high,The study was carried out ...,jack bean,high,Table 2 ... Jack Bean ...,,,,Single Species,high,The experiment ... consisted of ... jack bean ...,Legume,high,jack bean (Canavalia ensiformis),black oats,high,"After termination, the plots were grown ... with black oats (Avena strigosa) in 2011",black oats,,,,2011,high,Table 2 column 2011,"2010,2011",high,SCCs were cultivated in two years (2010 and 2011),2.0,January to April after summer cash crop harvest and prior to winter cash crop,high,SCCs were cultivated ... from January to April,at the flowering stage with a knife roller,high,SCCs were terminated ... at the flowering stage with a knife roller,,,,,NT,high,keyword match: 'no-till',no‑tillage,high,SCCs and cash crops were grown under no‑tillage systems,,,no fertilizer application,high,Black oats (Avena strigosa) was grown in the area with no fertilizer application from June to November 2009.,,,,,,,,,,,,"600 g kg‑1 sand, 300 g kg‑1 silt, 100 g kg‑1 clay",high,"characterized as having 600 g kg−1 of sand, 300 g kg−1 of silt, 100 g kg−1 of clay","600 g kg‑1 sand, 300 g kg‑1 silt, 100 g kg‑1 clay",,1769.0,high,The average annual precipitation is 1769 mm,19.3,high,The average annual temperature is 19.3 °C,Average annual temperature 19.3 °C; temperature data were obtained from an automatic weather station located 1.7 km away from the experiment.,high,"The average annual temperature is 19.3 °C, ... Temperature and rainfall data were obtained from an automatic weather station located 1.7 km away from the experiment.",,,,,,,,,,,,,,,,,,,n2o,1.1,1.01,,,kg N2O‑N ha‑1,4.0,0.0853598489511568,,,,,,,,,,,,,,,,,,,,,,,,,,,,,,,medium,PDF metadata title field,,,,,,,high,N2O cumulative emissions,high,Table 2 – Jack Bean cumulative 2011 = 1.1,high,Table 2 – Fallow cumulative 2011 = 1.01,high,Table 2 header,high,four replications,,,,,,
/Users/yupe4788/Library/CloudStorage/OneDrive-UCB-O365/Documents/GitHub/LLM_AutoExtracting_CC/ground_truth/pdfs/14_chirinda2010.pdf,14,1,1,,,,,Emissions of nitrous oxide from arable organic and conventional cropping systems on two soil types,10.1016/j.agee.2009.11.012,high,regex match on PDF page 1,,low,"Table 4 lists only systems with “CC” (C4‑CC, O4‑CC, O4 + CC, O2+CC) and the text provides no numeric data for a no‑cover‑crop control treatment.",,,,,,,Denmark,high,"Denmark (Olesen et al., 2000).",Foulum and Flakkebjerg,high,"The monitoring studies were made in two long-term crop rotation experiments on similarly textured soils at Foulum (56830° N, 9834° E) and Flakkebjerg (55819° N, 11823° E) in Denmark",,,,,,,,,,,,,,,,,,,,,,,,,,,,,,,,,"O2 + CC, O4 + CC, O4 CC, C4 CC","O2 + CC, O4 + CC, O4 CC, C4 CC",winter wheat,winter wheat,,,,ploughing,high,13 September (ploughing),,,NH4NO3,high,"C4�CC 2008: 15 April (72 kg N ha⁻¹ as NH4NO3), 9 May (93 kg N ha⁻¹ as NH4NO3)",,72 kg N ha⁻¹ as NH4NO3; 93 kg N ha⁻¹ as NH4NO3; 108 kg N ha⁻¹ as untreated pig slurry; 102 kg total N ha⁻¹ as anaerobically digested pig slurry,high,"C4�CC 2008: 15 April (72 kg N ha⁻¹ as NH4NO3), 9 May (93 kg N ha⁻¹ as NH4NO3)  O4�CC, O4 + CC 2008: 15 April (108 kg N ha⁻¹ as untreated pig slurry)  O2 + CC 2008: 15 April (102 kg total N ha⁻¹ as anaerobically digested pig slurry)",,,,,,,Rainfed,sandy loam,high,"Site description: ""The Foulum (FO) soil is classified as a sandy loam..."" and ""The soil at Flakkebjerg (FL) is also a sandy loam...""",sandy loam,,704.0,high,"Site description: ""The Foulum site has a mean annual rainfall of 704 mm...""",,,,The study reports two mean annual air temperatures: 7.3 8C for Foulum and 7.8 8C for Flakkebjerg.,high,"Mean annual air temperatures are 7.3 8C and 7.8 8C at Foulum and Flakkebjerg, respectively.",,,,,,,,,,,,,,,,,,,,,,,,,,,,,,,,,,,,,,,,,,,,,,,,,,,,,,,,,medium,PDF metadata title field,high,"Structure of the four selected four-course crop rotation systems used in this study, including three organic (O) and one conventional (C) system... |O2 + CC|O4 + CC|O4�CC|C4�CC|",high,This study focused on the winter wheat (Triticum aestivum L.) crop present in all crop rotations since 2005,high,"Table 2 – Flakkebjerg irrigation entry: ""Irrigation|None""",,,,,,,,,,,,,,,,
/Users/yupe4788/Library/CloudStorage/OneDrive-UCB-O365/Documents/GitHub/LLM_AutoExtracting_CC/ground_truth/pdfs/22_dietzel2011.pdf,22,1,4,ghg_cc_sd (282.6) > 3x mean (94.0) — check units / SE vs SD; ghg_control_sd (81.7) > 3x mean (21.7) — check units / SE vs SD,,,,,10.1016/j.soilbio.2011.05.017,low,regex match on PDF page 1,ghg_n2o,high,the winter rye cover resulted in lower N2Ofluxes (5.9 vs. 33.7 ng N2OeN cm�2 h�1),42.427,high,"Harford, NY (42.427° N, 76.228° W)",-76.228,high,"Harford, NY (42.427° N, 76.228° W)",USA,high,"Ithaca, NY 14853, USA","Harford, NY",high,"Experimental plots were established in autumn 2005 near Harford, NY",Rye,high,Winter rye (Secale cereale L.) was grown from late September through early May,,,,Single Species,high,winter rye ... was grown,Non-legume,high,Rye is a non‑legume,corn,high,New York corn field,corn,,,,2007,high,N2O fluxes in spring 2007 ranged ...,"2006,2007",high,Winter rye ... was grown from late September through early May,2.0,late September,high,grown from late September,early May (killed chemically),high,"grown from late September through early May, when it was killed chemically",maize/winter rye,maize/winter rye,corn field,corn field,,,,,,,,,,,,,,,,,killed chemically,high,"Winter rye (Secale cereale L.) was grown from late September through early May, when it was killed chemically.",,,,Howard gravelly loam,high,The soil is a well‑drained Howard gravelly loam,Howard gravelly loam,,,,,,,,Long‑term mean annual temperature (MAT) is not reported in the METHODS section.,high,"Experimental plots were established in autumn 2005 near Harford, NY (42.427° N, 76.228° W, elevation 362 m).",,,,,,,,,,,,,,,,,,,n2o,94.0,21.7,282.6,81.7,ng N2O‑N cm⁻² h⁻¹,3.0,1.46598252172359,7.737796704328191,,,,,,,,,,,,,,,,,,,,,,,,,,,,,,,,high,two cropping system treatments (maize/winter fallow and maize/winter rye),high,New York corn field,,,high,nitrous oxide (N2O),high,Table 1 – 2006e2007 – Ambient snow – Rye – 94.0 (282.6),high,Table 1 – 2006e2007 – Ambient snow – Fallow – 21.7 (81.7),high,Table 1 column header N2O (ng N2OeN cm⁻² h⁻¹),high,Each treatment was replicated three ... blocks,high,Table 1 – 2006e2007 – Ambient snow – Rye – 94.0 (282.6),high,Table 1 – 2006e2007 – Ambient snow – Fallow – 21.7 (81.7),,
/Users/yupe4788/Library/CloudStorage/OneDrive-UCB-O365/Documents/GitHub/LLM_AutoExtracting_CC/ground_truth/pdfs/22_dietzel2011.pdf,22,2,4,ghg_cc_sd (283.7) > 3x mean (53.8) — check units / SE vs SD,,,,,10.1016/j.soilbio.2011.05.017,low,regex match on PDF page 1,ghg_n2o,high,the winter rye cover resulted in lower N2Ofluxes (5.9 vs. 33.7 ng N2OeN cm�2 h�1),42.427,high,"Harford, NY (42.427° N, 76.228° W)",-76.228,high,"Harford, NY (42.427° N, 76.228° W)",USA,high,"Ithaca, NY 14853, USA","Harford, NY",high,"Experimental plots were established in autumn 2005 near Harford, NY",Rye,high,Winter rye (Secale cereale L.) was grown from late September through early May,,,,Single Species,high,winter rye ... was grown,Non-legume,high,Rye is a non‑legume,corn,high,New York corn field,corn,,,,2007,high,N2O fluxes in spring 2007 ranged ...,"2006,2007",high,Winter rye ... was grown from late September through early May,2.0,late September,high,grown from late September,early May (killed chemically),high,"grown from late September through early May, when it was killed chemically",maize/winter rye,maize/winter rye,corn field,corn field,,,,,,,,,,,,,,,,,killed chemically,high,"Winter rye (Secale cereale L.) was grown from late September through early May, when it was killed chemically.",,,,Howard gravelly loam,high,The soil is a well‑drained Howard gravelly loam,Howard gravelly loam,,,,,,,,Long‑term mean annual temperature (MAT) is not reported in the METHODS section.,high,"Experimental plots were established in autumn 2005 near Harford, NY (42.427° N, 76.228° W, elevation 362 m).",,,,,,,,,,,,,,,,,,,n2o,53.8,92.8,283.7,249.4,ng N2O‑N cm⁻² h⁻¹,3.0,-0.5451731726244161,11.676551728630294,,,,,,,,,,,,,,,,,,,,,,,,,,,,,,,,high,two cropping system treatments (maize/winter fallow and maize/winter rye),high,New York corn field,,,high,nitrous oxide (N2O),high,Table 1 – 2006e2007 – Snow removed – Rye – 53.8 (283.7),high,Table 1 – 2006e2007 – Snow removed – Fallow – 92.8 (249.4),high,Table 1 column header N2O (ng N2OeN cm⁻² h⁻¹),high,Each treatment was replicated three ... blocks,high,Table 1 – 2006e2007 – Snow removed – Rye – 53.8 (283.7),high,Table 1 – 2006e2007 – Snow removed – Fallow – 92.8 (249.4),,
/Users/yupe4788/Library/CloudStorage/OneDrive-UCB-O365/Documents/GitHub/LLM_AutoExtracting_CC/ground_truth/pdfs/22_dietzel2011.pdf,22,3,4,,,,,,10.1016/j.soilbio.2011.05.017,low,regex match on PDF page 1,ghg_n2o,high,the winter rye cover resulted in lower N2Ofluxes (5.9 vs. 33.7 ng N2OeN cm�2 h�1),42.427,high,"Harford, NY (42.427° N, 76.228° W)",-76.228,high,"Harford, NY (42.427° N, 76.228° W)",USA,high,"Ithaca, NY 14853, USA","Harford, NY",high,"Experimental plots were established in autumn 2005 near Harford, NY",Rye,high,Winter rye (Secale cereale L.) was grown from late September through early May,,,,Single Species,high,winter rye ... was grown,Non-legume,high,Rye is a non‑legume,corn,high,New York corn field,corn,,,,2008,high,N2O fluxes in spring 2008 averaged ...,"2007,2008",high,Winter rye ... was grown from late September through early May,2.0,late September,high,grown from late September,early May (killed chemically),high,"grown from late September through early May, when it was killed chemically",maize/winter rye,maize/winter rye,corn field,corn field,,,,,,,,,,,,,,,,,killed chemically,high,"Winter rye (Secale cereale L.) was grown from late September through early May, when it was killed chemically.",,,,Howard gravelly loam,high,The soil is a well‑drained Howard gravelly loam,Howard gravelly loam,,,,,,,,Long‑term mean annual temperature (MAT) is not reported in the METHODS section.,high,"Experimental plots were established in autumn 2005 near Harford, NY (42.427° N, 76.228° W, elevation 362 m).",,,,,,,,,,,,,,,,,,,n2o,7.6,16.3,11.7,28.4,ng N2O‑N cm⁻² h⁻¹,3.0,-0.7630168605204313,1.8018991809058849,,,,,,,,,,,,,,,,,,,,,,,,,,,,,,,,high,two cropping system treatments (maize/winter fallow and maize/winter rye),high,New York corn field,,,high,nitrous oxide (N2O),high,Table 1 – 2007e2008 – Ambient snow – Rye – 7.6 (11.7),high,Table 1 – 2007e2008 – Ambient snow – Fallow – 16.3 (28.4),high,Table 1 column header N2O (ng N2OeN cm⁻² h⁻¹),high,Each treatment was replicated three ... blocks,high,Table 1 – 2007e2008 – Ambient snow – Rye – 7.6 (11.7),high,Table 1 – 2007e2008 – Ambient snow – Fallow – 16.3 (28.4),,
/Users/yupe4788/Library/CloudStorage/OneDrive-UCB-O365/Documents/GitHub/LLM_AutoExtracting_CC/ground_truth/pdfs/22_dietzel2011.pdf,22,4,4,,,,,,10.1016/j.soilbio.2011.05.017,low,regex match on PDF page 1,ghg_n2o,high,the winter rye cover resulted in lower N2Ofluxes (5.9 vs. 33.7 ng N2OeN cm�2 h�1),42.427,high,"Harford, NY (42.427° N, 76.228° W)",-76.228,high,"Harford, NY (42.427° N, 76.228° W)",USA,high,"Ithaca, NY 14853, USA","Harford, NY",high,"Experimental plots were established in autumn 2005 near Harford, NY",Rye,high,Winter rye (Secale cereale L.) was grown from late September through early May,,,,Single Species,high,winter rye ... was grown,Non-legume,high,Rye is a non‑legume,corn,high,New York corn field,corn,,,,2008,high,N2O fluxes in spring 2008 averaged ...,"2007,2008",high,Winter rye ... was grown from late September through early May,2.0,late September,high,grown from late September,early May (killed chemically),high,"grown from late September through early May, when it was killed chemically",maize/winter rye,maize/winter rye,corn field,corn field,,,,,,,,,,,,,,,,,killed chemically,high,"Winter rye (Secale cereale L.) was grown from late September through early May, when it was killed chemically.",,,,Howard gravelly loam,high,The soil is a well‑drained Howard gravelly loam,Howard gravelly loam,,,,,,,,Long‑term mean annual temperature (MAT) is not reported in the METHODS section.,high,"Experimental plots were established in autumn 2005 near Harford, NY (42.427° N, 76.228° W, elevation 362 m).",,,,,,,,,,,,,,,,,,,n2o,4.2,17.4,9.6,27.5,ng N2O‑N cm⁻² h⁻¹,3.0,-1.4213856809311605,2.5741142936233814,,,,,,,,,,,,,,,,,,,,,,,,,,,,,,,,high,two cropping system treatments (maize/winter fallow and maize/winter rye),high,New York corn field,,,high,nitrous oxide (N2O),high,Table 1 – 2007e2008 – Snow removed – Rye – 4.2 (9.6),high,Table 1 – 2007e2008 – Snow removed – Fallow – 17.4 (27.5),high,Table 1 column header N2O (ng N2OeN cm⁻² h⁻¹),high,Each treatment was replicated three ... blocks,high,Table 1 – 2007e2008 – Snow removed – Rye – 4.2 (9.6),high,Table 1 – 2007e2008 – Snow removed – Fallow – 17.4 (27.5),,
/Users/yupe4788/Library/CloudStorage/OneDrive-UCB-O365/Documents/GitHub/LLM_AutoExtracting_CC/ground_truth/pdfs/27_zhaorigetu2008.pdf,27,1,17,,,,,,10.1264/jsme2.23.201,high,regex match on PDF page 1,nitrogen,high,"['Table 1 shows inorganic N (µg N g⁻¹) for fallow (no‑cover) and cover crops: e.g., ""Fallow 10.9 … Rye 11.4 … Hairy vetch 13.3"" (April) and ""Fallow 167.6 … Rye 156.4 … Hairy vetch 208"" (June).', 'Table 2 provides N accumulation (kg N ha⁻¹) for fallow and cover crops: e.g., ""Fallow 10.1 … Rye 128.1 …",,,,,,,Japan,high,"The study sites were established at the Field Science Center, Ibaraki University College of Agriculture, located in the Kanto plains of Japan.","Field Science Center, Ibaraki University College of Agriculture, Kanto plains, Japan",high,"""The study sites were established at the Field Science Center, Ibaraki University College of Agriculture, located in the Kanto plains of Japan""",Rye,high,"""rye (Secale cereale L.)""",Secale cereale,high,"""rye (Secale cereale L.)""",Single Species,high,"""types of cover crops [fallow, rye (Secale cereale L.), and hairy vetch (Vicia villosa Roth)]""",Non-legume,high,"""rye (Secale cereale L.)"" non‑legume",upland rice (Oryza sativa L.),high,"""Seeds of field rice (Oryza sativa L.) were planted""",upland rice (Oryza sativa L.),2.0,medium,The experiment was continued for 2 years from October in 2003 until October in 2005.,2005,high,Table 1 (2005 surface soil samples),"2003,2004",high,"""Cereal rye and hairy vetch were planted on October 15, 2003 and October 29, 2004""",2.0,"October 15, 2003 and October 29, 2004",high,"""Cereal rye and hairy vetch were planted on October 15, 2003 and October 29, 2004""",cut down the following spring (April),high,"""Cover crops were cut down the following spring""",,,,,NT,high,keyword match: 'no-till',No-tillage,high,"Table 1, row “No‑tillage”",,,"50 kg N ha⁻¹ applied April 1, 2004 and April 8, 2005; additional 50 kg N ha⁻¹ mid‑May",high,"""nitrogen fertilizer (ammonium sulfate) was applied at the rate of 50 kg N ha⁻¹ (April 1, 2004 and April 8, 2005). An additional 50 kg N ha⁻¹ ... in mid‑May""",,50 kg N ha−1,high,"nitrogen fertilizer (ammonium sulfate) was applied at the rate of 50 kg N ha−1 (April 1, 2004 and April 8, 2005).",,fluorinate (pre‑emergence) and pendimethalin (contact) sprayed,high,"""Contact and pre‑emergence herbicides, fluorinate and pendimethalin, respectively, were sprayed""",,,,"clay loam Humic Allophane soil (Haludands, Haplic Andosolos)",high,"""soil at the site was a clay loam Humic Allophane soil (Haludands, Haplic Andosolos)""","clay loam Humic Allophane soil (Haludands, Haplic Andosolos)",,,,,,,,Mean air temperature reported for 2004 and 2005 were 17.5 and 16.2 °C; no long‑term mean annual temperature is provided in the text.,high,"The mean air temperature was 17.5 and 16.2°C in 2004 and 2005, respectively",,,,,,,,,,,,,,,,,,,,,,,,,,,,,,,,,,,,,other,11.4,10.9,,,µg N g⁻¹,0‑10,,0.0448505661653517,,high,"Inorganic N measured at multiple times, not specified as mineral‑N‑at‑sowing",high,"Table 1, No‑tillage, Rye, April: 11.4",high,"Table 1, No‑tillage, Fallow, April: 10.9",high,Table 1 header “Inorganic N (µg N g⁻¹)”,,,,,,,,,,,,,,,,,,,,,,,,,high,Table 1 refers to 2005 surface (0–10 cm) soil samples
/Users/yupe4788/Library/CloudStorage/OneDrive-UCB-O365/Documents/GitHub/LLM_AutoExtracting_CC/ground_truth/pdfs/27_zhaorigetu2008.pdf,27,2,17,,,,,,10.1264/jsme2.23.201,high,regex match on PDF page 1,nitrogen,high,"['Table 1 shows inorganic N (µg N g⁻¹) for fallow (no‑cover) and cover crops: e.g., ""Fallow 10.9 … Rye 11.4 … Hairy vetch 13.3"" (April) and ""Fallow 167.6 … Rye 156.4 … Hairy vetch 208"" (June).', 'Table 2 provides N accumulation (kg N ha⁻¹) for fallow and cover crops: e.g., ""Fallow 10.1 … Rye 128.1 …",,,,,,,Japan,high,"The study sites were established at the Field Science Center, Ibaraki University College of Agriculture, located in the Kanto plains of Japan.","Field Science Center, Ibaraki University College of Agriculture, Kanto plains, Japan",high,"""The study sites were established at the Field Science Center, Ibaraki University College of Agriculture, located in the Kanto plains of Japan""",Rye,high,"""rye (Secale cereale L.)""",Secale cereale,high,"""rye (Secale cereale L.)""",Single Species,high,"""types of cover crops [fallow, rye (Secale cereale L.), and hairy vetch (Vicia villosa Roth)]""",Non-legume,high,"""rye (Secale cereale L.)"" non‑legume",upland rice (Oryza sativa L.),high,"""Seeds of field rice (Oryza sativa L.) were planted""",upland rice (Oryza sativa L.),2.0,medium,The experiment was continued for 2 years from October in 2003 until October in 2005.,2005,high,Table 1 (2005 surface soil samples),"2003,2004",high,"""Cereal rye and hairy vetch were planted on October 15, 2003 and October 29, 2004""",2.0,"October 15, 2003 and October 29, 2004",high,"""Cereal rye and hairy vetch were planted on October 15, 2003 and October 29, 2004""",cut down the following spring (April),high,"""Cover crops were cut down the following spring""",,,,,NT,high,keyword match: 'no-till',No-tillage,high,"Table 1, row “No‑tillage”",,,"50 kg N ha⁻¹ applied April 1, 2004 and April 8, 2005; additional 50 kg N ha⁻¹ mid‑May",high,"""nitrogen fertilizer (ammonium sulfate) was applied at the rate of 50 kg N ha⁻¹ (April 1, 2004 and April 8, 2005). An additional 50 kg N ha⁻¹ ... in mid‑May""",,50 kg N ha−1,high,"nitrogen fertilizer (ammonium sulfate) was applied at the rate of 50 kg N ha−1 (April 1, 2004 and April 8, 2005).",,fluorinate (pre‑emergence) and pendimethalin (contact) sprayed,high,"""Contact and pre‑emergence herbicides, fluorinate and pendimethalin, respectively, were sprayed""",,,,"clay loam Humic Allophane soil (Haludands, Haplic Andosolos)",high,"""soil at the site was a clay loam Humic Allophane soil (Haludands, Haplic Andosolos)""","clay loam Humic Allophane soil (Haludands, Haplic Andosolos)",,,,,,,,Mean air temperature reported for 2004 and 2005 were 17.5 and 16.2 °C; no long‑term mean annual temperature is provided in the text.,high,"The mean air temperature was 17.5 and 16.2°C in 2004 and 2005, respectively",,,,,,,,,,,,,,,,,,,,,,,,,,,,,,,,,,,,,other,156.4,167.6,,,µg N g⁻¹,0‑10,,-0.0691633599367719,,high,"Inorganic N measured at multiple times, not specified as mineral‑N‑at‑sowing",high,"Table 1, No‑tillage, Rye, June: 156.4",high,"Table 1, No‑tillage, Fallow, June: 167.6",high,Table 1 header “Inorganic N (µg N g⁻¹)”,,,,,,,,,,,,,,,,,,,,,,,,,high,Table 1 refers to 2005 surface (0–10 cm) soil samples
/Users/yupe4788/Library/CloudStorage/OneDrive-UCB-O365/Documents/GitHub/LLM_AutoExtracting_CC/ground_truth/pdfs/27_zhaorigetu2008.pdf,27,3,17,,,,,,10.1264/jsme2.23.201,high,regex match on PDF page 1,nitrogen,high,"['Table 1 shows inorganic N (µg N g⁻¹) for fallow (no‑cover) and cover crops: e.g., ""Fallow 10.9 … Rye 11.4 … Hairy vetch 13.3"" (April) and ""Fallow 167.6 … Rye 156.4 … Hairy vetch 208"" (June).', 'Table 2 provides N accumulation (kg N ha⁻¹) for fallow and cover crops: e.g., ""Fallow 10.1 … Rye 128.1 …",,,,,,,Japan,high,"The study sites were established at the Field Science Center, Ibaraki University College of Agriculture, located in the Kanto plains of Japan.","Field Science Center, Ibaraki University College of Agriculture, Kanto plains, Japan",high,"""The study sites were established at the Field Science Center, Ibaraki University College of Agriculture, located in the Kanto plains of Japan""",Rye,high,"""rye (Secale cereale L.)""",Secale cereale,high,"""rye (Secale cereale L.)""",Single Species,high,"""types of cover crops [fallow, rye (Secale cereale L.), and hairy vetch (Vicia villosa Roth)]""",Non-legume,high,"""rye (Secale cereale L.)"" non‑legume",upland rice (Oryza sativa L.),high,"""Seeds of field rice (Oryza sativa L.) were planted""",upland rice (Oryza sativa L.),2.0,medium,The experiment was continued for 2 years from October in 2003 until October in 2005.,2005,high,Table 1 (2005 surface soil samples),"2003,2004",high,"""Cereal rye and hairy vetch were planted on October 15, 2003 and October 29, 2004""",2.0,"October 15, 2003 and October 29, 2004",high,"""Cereal rye and hairy vetch were planted on October 15, 2003 and October 29, 2004""",cut down the following spring (April),high,"""Cover crops were cut down the following spring""",,,,,NT,high,keyword match: 'no-till',No-tillage,high,"Table 1, row “No‑tillage”",,,"50 kg N ha⁻¹ applied April 1, 2004 and April 8, 2005; additional 50 kg N ha⁻¹ mid‑May",high,"""nitrogen fertilizer (ammonium sulfate) was applied at the rate of 50 kg N ha⁻¹ (April 1, 2004 and April 8, 2005). An additional 50 kg N ha⁻¹ ... in mid‑May""",,50 kg N ha−1,high,"nitrogen fertilizer (ammonium sulfate) was applied at the rate of 50 kg N ha−1 (April 1, 2004 and April 8, 2005).",,fluorinate (pre‑emergence) and pendimethalin (contact) sprayed,high,"""Contact and pre‑emergence herbicides, fluorinate and pendimethalin, respectively, were sprayed""",,,,"clay loam Humic Allophane soil (Haludands, Haplic Andosolos)",high,"""soil at the site was a clay loam Humic Allophane soil (Haludands, Haplic Andosolos)""","clay loam Humic Allophane soil (Haludands, Haplic Andosolos)",,,,,,,,Mean air temperature reported for 2004 and 2005 were 17.5 and 16.2 °C; no long‑term mean annual temperature is provided in the text.,high,"The mean air temperature was 17.5 and 16.2°C in 2004 and 2005, respectively",,,,,,,,,,,,,,,,,,,,,,,,,,,,,,,,,,,,,other,35.9,30.8,,,µg N g⁻¹,0‑10,,0.1532226055147043,,high,"Inorganic N measured at multiple times, not specified as mineral‑N‑at‑sowing",high,"Table 1, No‑tillage, Rye, September: 35.9",high,"Table 1, No‑tillage, Fallow, September: 30.8",high,Table 1 header “Inorganic N (µg N g⁻¹)”,,,,,,,,,,,,,,,,,,,,,,,,,high,Table 1 refers to 2005 surface (0–10 cm) soil samples
/Users/yupe4788/Library/CloudStorage/OneDrive-UCB-O365/Documents/GitHub/LLM_AutoExtracting_CC/ground_truth/pdfs/27_zhaorigetu2008.pdf,27,4,17,,,,,,10.1264/jsme2.23.201,high,regex match on PDF page 1,nitrogen,high,"['Table 1 shows inorganic N (µg N g⁻¹) for fallow (no‑cover) and cover crops: e.g., ""Fallow 10.9 … Rye 11.4 … Hairy vetch 13.3"" (April) and ""Fallow 167.6 … Rye 156.4 … Hairy vetch 208"" (June).', 'Table 2 provides N accumulation (kg N ha⁻¹) for fallow and cover crops: e.g., ""Fallow 10.1 … Rye 128.1 …",,,,,,,Japan,high,"The study sites were established at the Field Science Center, Ibaraki University College of Agriculture, located in the Kanto plains of Japan.","Field Science Center, Ibaraki University College of Agriculture, Kanto plains, Japan",high,"""The study sites were established at the Field Science Center, Ibaraki University College of Agriculture, located in the Kanto plains of Japan""",Hairy vetch,high,"""hairy vetch (Vicia villosa Roth)""",Vicia villosa,high,"""hairy vetch (Vicia villosa Roth)""",Single Species,high,"""types of cover crops [fallow, rye (Secale cereale L.), and hairy vetch (Vicia villosa Roth)]""",Legume,high,"""hairy vetch (Vicia villosa Roth)"" legume",upland rice (Oryza sativa L.),high,"""Seeds of field rice (Oryza sativa L.) were planted""",upland rice (Oryza sativa L.),2.0,medium,The experiment was continued for 2 years from October in 2003 until October in 2005.,2005,high,Table 1 (2005 surface soil samples),"2003,2004",high,"""Cereal rye and hairy vetch were planted on October 15, 2003 and October 29, 2004""",2.0,"October 15, 2003 and October 29, 2004",high,"""Cereal rye and hairy vetch were planted on October 15, 2003 and October 29, 2004""",cut down the following spring (April),high,"""Cover crops were cut down the following spring""",,,,,NT,high,keyword match: 'no-till',No-tillage,high,"Table 1, row “No‑tillage”",,,"50 kg N ha⁻¹ applied April 1, 2004 and April 8, 2005; additional 50 kg N ha⁻¹ mid‑May",high,"""nitrogen fertilizer (ammonium sulfate) was applied at the rate of 50 kg N ha⁻¹ (April 1, 2004 and April 8, 2005). An additional 50 kg N ha⁻¹ ... in mid‑May""",,50 kg N ha−1,high,"nitrogen fertilizer (ammonium sulfate) was applied at the rate of 50 kg N ha−1 (April 1, 2004 and April 8, 2005).",,fluorinate (pre‑emergence) and pendimethalin (contact) sprayed,high,"""Contact and pre‑emergence herbicides, fluorinate and pendimethalin, respectively, were sprayed""",,,,"clay loam Humic Allophane soil (Haludands, Haplic Andosolos)",high,"""soil at the site was a clay loam Humic Allophane soil (Haludands, Haplic Andosolos)""","clay loam Humic Allophane soil (Haludands, Haplic Andosolos)",,,,,,,,Mean air temperature reported for 2004 and 2005 were 17.5 and 16.2 °C; no long‑term mean annual temperature is provided in the text.,high,"The mean air temperature was 17.5 and 16.2°C in 2004 and 2005, respectively",,,,,,,,,,,,,,,,,,,,,,,,,,,,,,,,,,,,,other,13.3,10.9,,,µg N g⁻¹,0‑10,,0.19900124599261,,high,"Inorganic N measured at multiple times, not specified as mineral‑N‑at‑sowing",high,"Table 1, No‑tillage, Hairy vetch, April: 13.3",high,"Table 1, No‑tillage, Fallow, April: 10.9",high,Table 1 header “Inorganic N (µg N g⁻¹)”,,,,,,,,,,,,,,,,,,,,,,,,,high,Table 1 refers to 2005 surface (0–10 cm) soil samples
/Users/yupe4788/Library/CloudStorage/OneDrive-UCB-O365/Documents/GitHub/LLM_AutoExtracting_CC/ground_truth/pdfs/27_zhaorigetu2008.pdf,27,5,17,,,,,,10.1264/jsme2.23.201,high,regex match on PDF page 1,nitrogen,high,"['Table 1 shows inorganic N (µg N g⁻¹) for fallow (no‑cover) and cover crops: e.g., ""Fallow 10.9 … Rye 11.4 … Hairy vetch 13.3"" (April) and ""Fallow 167.6 … Rye 156.4 … Hairy vetch 208"" (June).', 'Table 2 provides N accumulation (kg N ha⁻¹) for fallow and cover crops: e.g., ""Fallow 10.1 … Rye 128.1 …",,,,,,,Japan,high,"The study sites were established at the Field Science Center, Ibaraki University College of Agriculture, located in the Kanto plains of Japan.","Field Science Center, Ibaraki University College of Agriculture, Kanto plains, Japan",high,"""The study sites were established at the Field Science Center, Ibaraki University College of Agriculture, located in the Kanto plains of Japan""",Hairy vetch,high,"""hairy vetch (Vicia villosa Roth)""",Vicia villosa,high,"""hairy vetch (Vicia villosa Roth)""",Single Species,high,"""types of cover crops [fallow, rye (Secale cereale L.), and hairy vetch (Vicia villosa Roth)]""",Legume,high,"""hairy vetch (Vicia villosa Roth)"" legume",upland rice (Oryza sativa L.),high,"""Seeds of field rice (Oryza sativa L.) were planted""",upland rice (Oryza sativa L.),2.0,medium,The experiment was continued for 2 years from October in 2003 until October in 2005.,2005,high,Table 1 (2005 surface soil samples),"2003,2004",high,"""Cereal rye and hairy vetch were planted on October 15, 2003 and October 29, 2004""",2.0,"October 15, 2003 and October 29, 2004",high,"""Cereal rye and hairy vetch were planted on October 15, 2003 and October 29, 2004""",cut down the following spring (April),high,"""Cover crops were cut down the following spring""",,,,,NT,high,keyword match: 'no-till',No-tillage,high,"Table 1, row “No‑tillage”",,,"50 kg N ha⁻¹ applied April 1, 2004 and April 8, 2005; additional 50 kg N ha⁻¹ mid‑May",high,"""nitrogen fertilizer (ammonium sulfate) was applied at the rate of 50 kg N ha⁻¹ (April 1, 2004 and April 8, 2005). An additional 50 kg N ha⁻¹ ... in mid‑May""",,50 kg N ha−1,high,"nitrogen fertilizer (ammonium sulfate) was applied at the rate of 50 kg N ha−1 (April 1, 2004 and April 8, 2005).",,fluorinate (pre‑emergence) and pendimethalin (contact) sprayed,high,"""Contact and pre‑emergence herbicides, fluorinate and pendimethalin, respectively, were sprayed""",,,,"clay loam Humic Allophane soil (Haludands, Haplic Andosolos)",high,"""soil at the site was a clay loam Humic Allophane soil (Haludands, Haplic Andosolos)""","clay loam Humic Allophane soil (Haludands, Haplic Andosolos)",,,,,,,,Mean air temperature reported for 2004 and 2005 were 17.5 and 16.2 °C; no long‑term mean annual temperature is provided in the text.,high,"The mean air temperature was 17.5 and 16.2°C in 2004 and 2005, respectively",,,,,,,,,,,,,,,,,,,,,,,,,,,,,,,,,,,,,other,208.0,167.6,,,µg N g⁻¹,0‑10,,0.2159578916533353,,high,"Inorganic N measured at multiple times, not specified as mineral‑N‑at‑sowing",high,"Table 1, No‑tillage, Hairy vetch, June: 208",high,"Table 1, No‑tillage, Fallow, June: 167.6",high,Table 1 header “Inorganic N (µg N g⁻¹)”,,,,,,,,,,,,,,,,,,,,,,,,,high,Table 1 refers to 2005 surface (0–10 cm) soil samples
/Users/yupe4788/Library/CloudStorage/OneDrive-UCB-O365/Documents/GitHub/LLM_AutoExtracting_CC/ground_truth/pdfs/27_zhaorigetu2008.pdf,27,6,17,,,,,,10.1264/jsme2.23.201,high,regex match on PDF page 1,nitrogen,high,"['Table 1 shows inorganic N (µg N g⁻¹) for fallow (no‑cover) and cover crops: e.g., ""Fallow 10.9 … Rye 11.4 … Hairy vetch 13.3"" (April) and ""Fallow 167.6 … Rye 156.4 … Hairy vetch 208"" (June).', 'Table 2 provides N accumulation (kg N ha⁻¹) for fallow and cover crops: e.g., ""Fallow 10.1 … Rye 128.1 …",,,,,,,Japan,high,"The study sites were established at the Field Science Center, Ibaraki University College of Agriculture, located in the Kanto plains of Japan.","Field Science Center, Ibaraki University College of Agriculture, Kanto plains, Japan",high,"""The study sites were established at the Field Science Center, Ibaraki University College of Agriculture, located in the Kanto plains of Japan""",Hairy vetch,high,"""hairy vetch (Vicia villosa Roth)""",Vicia villosa,high,"""hairy vetch (Vicia villosa Roth)""",Single Species,high,"""types of cover crops [fallow, rye (Secale cereale L.), and hairy vetch (Vicia villosa Roth)]""",Legume,high,"""hairy vetch (Vicia villosa Roth)"" legume",upland rice (Oryza sativa L.),high,"""Seeds of field rice (Oryza sativa L.) were planted""",upland rice (Oryza sativa L.),2.0,medium,The experiment was continued for 2 years from October in 2003 until October in 2005.,2005,high,Table 1 (2005 surface soil samples),"2003,2004",high,"""Cereal rye and hairy vetch were planted on October 15, 2003 and October 29, 2004""",2.0,"October 15, 2003 and October 29, 2004",high,"""Cereal rye and hairy vetch were planted on October 15, 2003 and October 29, 2004""",cut down the following spring (April),high,"""Cover crops were cut down the following spring""",,,,,NT,high,keyword match: 'no-till',No-tillage,high,"Table 1, row “No‑tillage”",,,"50 kg N ha⁻¹ applied April 1, 2004 and April 8, 2005; additional 50 kg N ha⁻¹ mid‑May",high,"""nitrogen fertilizer (ammonium sulfate) was applied at the rate of 50 kg N ha⁻¹ (April 1, 2004 and April 8, 2005). An additional 50 kg N ha⁻¹ ... in mid‑May""",,50 kg N ha−1,high,"nitrogen fertilizer (ammonium sulfate) was applied at the rate of 50 kg N ha−1 (April 1, 2004 and April 8, 2005).",,fluorinate (pre‑emergence) and pendimethalin (contact) sprayed,high,"""Contact and pre‑emergence herbicides, fluorinate and pendimethalin, respectively, were sprayed""",,,,"clay loam Humic Allophane soil (Haludands, Haplic Andosolos)",high,"""soil at the site was a clay loam Humic Allophane soil (Haludands, Haplic Andosolos)""","clay loam Humic Allophane soil (Haludands, Haplic Andosolos)",,,,,,,,Mean air temperature reported for 2004 and 2005 were 17.5 and 16.2 °C; no long‑term mean annual temperature is provided in the text.,high,"The mean air temperature was 17.5 and 16.2°C in 2004 and 2005, respectively",,,,,,,,,,,,,,,,,,,,,,,,,,,,,,,,,,,,,other,49.8,30.8,,,µg N g⁻¹,0‑10,,0.4805002940510784,,high,"Inorganic N measured at multiple times, not specified as mineral‑N‑at‑sowing",high,"Table 1, No‑tillage, Hairy vetch, September: 49.8",high,"Table 1, No‑tillage, Fallow, September: 30.8",high,Table 1 header “Inorganic N (µg N g⁻¹)”,,,,,,,,,,,,,,,,,,,,,,,,,high,Table 1 refers to 2005 surface (0–10 cm) soil samples
/Users/yupe4788/Library/CloudStorage/OneDrive-UCB-O365/Documents/GitHub/LLM_AutoExtracting_CC/ground_truth/pdfs/27_zhaorigetu2008.pdf,27,7,17,,,,,,10.1264/jsme2.23.201,high,regex match on PDF page 1,nitrogen,high,"['Table 1 shows inorganic N (µg N g⁻¹) for fallow (no‑cover) and cover crops: e.g., ""Fallow 10.9 … Rye 11.4 … Hairy vetch 13.3"" (April) and ""Fallow 167.6 … Rye 156.4 … Hairy vetch 208"" (June).', 'Table 2 provides N accumulation (kg N ha⁻¹) for fallow and cover crops: e.g., ""Fallow 10.1 … Rye 128.1 …",,,,,,,Japan,high,"The study sites were established at the Field Science Center, Ibaraki University College of Agriculture, located in the Kanto plains of Japan.","Field Science Center, Ibaraki University College of Agriculture, Kanto plains, Japan",high,"""The study sites were established at the Field Science Center, Ibaraki University College of Agriculture, located in the Kanto plains of Japan""",Rye,high,"""rye (Secale cereale L.)""",Secale cereale,high,"""rye (Secale cereale L.)""",Single Species,high,"""types of cover crops [fallow, rye (Secale cereale L.), and hairy vetch (Vicia villosa Roth)]""",Non-legume,high,"""rye (Secale cereale L.)"" non‑legume",upland rice (Oryza sativa L.),high,"""Seeds of field rice (Oryza sativa L.) were planted""",upland rice (Oryza sativa L.),2.0,medium,The experiment was continued for 2 years from October in 2003 until October in 2005.,2005,high,Table 1 (2005 surface soil samples),"2003,2004",high,"""Cereal rye and hairy vetch were planted on October 15, 2003 and October 29, 2004""",2.0,"October 15, 2003 and October 29, 2004",high,"""Cereal rye and hairy vetch were planted on October 15, 2003 and October 29, 2004""",cut down the following spring (April),high,"""Cover crops were cut down the following spring""",,,,,NT,high,keyword match: 'no-till',Rotary tillage,high,"Table 1, row “Rotary tillage”",,,"50 kg N ha⁻¹ applied April 1, 2004 and April 8, 2005; additional 50 kg N ha⁻¹ mid‑May",high,"""nitrogen fertilizer (ammonium sulfate) was applied at the rate of 50 kg N ha⁻¹ (April 1, 2004 and April 8, 2005). An additional 50 kg N ha⁻¹ ... in mid‑May""",,50 kg N ha−1,high,"nitrogen fertilizer (ammonium sulfate) was applied at the rate of 50 kg N ha−1 (April 1, 2004 and April 8, 2005).",,fluorinate (pre‑emergence) and pendimethalin (contact) sprayed,high,"""Contact and pre‑emergence herbicides, fluorinate and pendimethalin, respectively, were sprayed""",,,,"clay loam Humic Allophane soil (Haludands, Haplic Andosolos)",high,"""soil at the site was a clay loam Humic Allophane soil (Haludands, Haplic Andosolos)""","clay loam Humic Allophane soil (Haludands, Haplic Andosolos)",,,,,,,,Mean air temperature reported for 2004 and 2005 were 17.5 and 16.2 °C; no long‑term mean annual temperature is provided in the text.,high,"The mean air temperature was 17.5 and 16.2°C in 2004 and 2005, respectively",,,,,,,,,,,,,,,,,,,,,,,,,,,,,,,,,,,,,other,8.5,8.9,,,µg N g⁻¹,0‑10,,-0.0459851132418233,,high,"Inorganic N measured at multiple times, not specified as mineral‑N‑at‑sowing",high,"Table 1, Rotary tillage, Rye, April: 8.5",high,"Table 1, Rotary tillage, Fallow, April: 8.9",high,Table 1 header “Inorganic N (µg N g⁻¹)”,,,,,,,,,,,,,,,,,,,,,,,,,high,Table 1 refers to 2005 surface (0–10 cm) soil samples
/Users/yupe4788/Library/CloudStorage/OneDrive-UCB-O365/Documents/GitHub/LLM_AutoExtracting_CC/ground_truth/pdfs/27_zhaorigetu2008.pdf,27,8,17,,,,,,10.1264/jsme2.23.201,high,regex match on PDF page 1,nitrogen,high,"['Table 1 shows inorganic N (µg N g⁻¹) for fallow (no‑cover) and cover crops: e.g., ""Fallow 10.9 … Rye 11.4 … Hairy vetch 13.3"" (April) and ""Fallow 167.6 … Rye 156.4 … Hairy vetch 208"" (June).', 'Table 2 provides N accumulation (kg N ha⁻¹) for fallow and cover crops: e.g., ""Fallow 10.1 … Rye 128.1 …",,,,,,,Japan,high,"The study sites were established at the Field Science Center, Ibaraki University College of Agriculture, located in the Kanto plains of Japan.","Field Science Center, Ibaraki University College of Agriculture, Kanto plains, Japan",high,"""The study sites were established at the Field Science Center, Ibaraki University College of Agriculture, located in the Kanto plains of Japan""",Rye,high,"""rye (Secale cereale L.)""",Secale cereale,high,"""rye (Secale cereale L.)""",Single Species,high,"""types of cover crops [fallow, rye (Secale cereale L.), and hairy vetch (Vicia villosa Roth)]""",Non-legume,high,"""rye (Secale cereale L.)"" non‑legume",upland rice (Oryza sativa L.),high,"""Seeds of field rice (Oryza sativa L.) were planted""",upland rice (Oryza sativa L.),2.0,medium,The experiment was continued for 2 years from October in 2003 until October in 2005.,2005,high,Table 1 (2005 surface soil samples),"2003,2004",high,"""Cereal rye and hairy vetch were planted on October 15, 2003 and October 29, 2004""",2.0,"October 15, 2003 and October 29, 2004",high,"""Cereal rye and hairy vetch were planted on October 15, 2003 and October 29, 2004""",cut down the following spring (April),high,"""Cover crops were cut down the following spring""",,,,,NT,high,keyword match: 'no-till',Rotary tillage,high,"Table 1, row “Rotary tillage”",,,"50 kg N ha⁻¹ applied April 1, 2004 and April 8, 2005; additional 50 kg N ha⁻¹ mid‑May",high,"""nitrogen fertilizer (ammonium sulfate) was applied at the rate of 50 kg N ha⁻¹ (April 1, 2004 and April 8, 2005). An additional 50 kg N ha⁻¹ ... in mid‑May""",,50 kg N ha−1,high,"nitrogen fertilizer (ammonium sulfate) was applied at the rate of 50 kg N ha−1 (April 1, 2004 and April 8, 2005).",,fluorinate (pre‑emergence) and pendimethalin (contact) sprayed,high,"""Contact and pre‑emergence herbicides, fluorinate and pendimethalin, respectively, were sprayed""",,,,"clay loam Humic Allophane soil (Haludands, Haplic Andosolos)",high,"""soil at the site was a clay loam Humic Allophane soil (Haludands, Haplic Andosolos)""","clay loam Humic Allophane soil (Haludands, Haplic Andosolos)",,,,,,,,Mean air temperature reported for 2004 and 2005 were 17.5 and 16.2 °C; no long‑term mean annual temperature is provided in the text.,high,"The mean air temperature was 17.5 and 16.2°C in 2004 and 2005, respectively",,,,,,,,,,,,,,,,,,,,,,,,,,,,,,,,,,,,,other,178.2,166.8,,,µg N g⁻¹,0‑10,,0.0661110251120623,,high,"Inorganic N measured at multiple times, not specified as mineral‑N‑at‑sowing",high,"Table 1, Rotary tillage, Rye, June: 178.2",high,"Table 1, Rotary tillage, Fallow, June: 166.8",high,Table 1 header “Inorganic N (µg N g⁻¹)”,,,,,,,,,,,,,,,,,,,,,,,,,high,Table 1 refers to 2005 surface (0–10 cm) soil samples
/Users/yupe4788/Library/CloudStorage/OneDrive-UCB-O365/Documents/GitHub/LLM_AutoExtracting_CC/ground_truth/pdfs/27_zhaorigetu2008.pdf,27,9,17,,,,,,10.1264/jsme2.23.201,high,regex match on PDF page 1,nitrogen,high,"['Table 1 shows inorganic N (µg N g⁻¹) for fallow (no‑cover) and cover crops: e.g., ""Fallow 10.9 … Rye 11.4 … Hairy vetch 13.3"" (April) and ""Fallow 167.6 … Rye 156.4 … Hairy vetch 208"" (June).', 'Table 2 provides N accumulation (kg N ha⁻¹) for fallow and cover crops: e.g., ""Fallow 10.1 … Rye 128.1 …",,,,,,,Japan,high,"The study sites were established at the Field Science Center, Ibaraki University College of Agriculture, located in the Kanto plains of Japan.","Field Science Center, Ibaraki University College of Agriculture, Kanto plains, Japan",high,"""The study sites were established at the Field Science Center, Ibaraki University College of Agriculture, located in the Kanto plains of Japan""",Rye,high,"""rye (Secale cereale L.)""",Secale cereale,high,"""rye (Secale cereale L.)""",Single Species,high,"""types of cover crops [fallow, rye (Secale cereale L.), and hairy vetch (Vicia villosa Roth)]""",Non-legume,high,"""rye (Secale cereale L.)"" non‑legume",upland rice (Oryza sativa L.),high,"""Seeds of field rice (Oryza sativa L.) were planted""",upland rice (Oryza sativa L.),2.0,medium,The experiment was continued for 2 years from October in 2003 until October in 2005.,2005,high,Table 1 (2005 surface soil samples),"2003,2004",high,"""Cereal rye and hairy vetch were planted on October 15, 2003 and October 29, 2004""",2.0,"October 15, 2003 and October 29, 2004",high,"""Cereal rye and hairy vetch were planted on October 15, 2003 and October 29, 2004""",cut down the following spring (April),high,"""Cover crops were cut down the following spring""",,,,,NT,high,keyword match: 'no-till',Rotary tillage,high,"Table 1, row “Rotary tillage”",,,"50 kg N ha⁻¹ applied April 1, 2004 and April 8, 2005; additional 50 kg N ha⁻¹ mid‑May",high,"""nitrogen fertilizer (ammonium sulfate) was applied at the rate of 50 kg N ha⁻¹ (April 1, 2004 and April 8, 2005). An additional 50 kg N ha⁻¹ ... in mid‑May""",,50 kg N ha−1,high,"nitrogen fertilizer (ammonium sulfate) was applied at the rate of 50 kg N ha−1 (April 1, 2004 and April 8, 2005).",,fluorinate (pre‑emergence) and pendimethalin (contact) sprayed,high,"""Contact and pre‑emergence herbicides, fluorinate and pendimethalin, respectively, were sprayed""",,,,"clay loam Humic Allophane soil (Haludands, Haplic Andosolos)",high,"""soil at the site was a clay loam Humic Allophane soil (Haludands, Haplic Andosolos)""","clay loam Humic Allophane soil (Haludands, Haplic Andosolos)",,,,,,,,Mean air temperature reported for 2004 and 2005 were 17.5 and 16.2 °C; no long‑term mean annual temperature is provided in the text.,high,"The mean air temperature was 17.5 and 16.2°C in 2004 and 2005, respectively",,,,,,,,,,,,,,,,,,,,,,,,,,,,,,,,,,,,,other,29.5,19.5,,,µg N g⁻¹,0‑10,,0.413975797776073,,high,"Inorganic N measured at multiple times, not specified as mineral‑N‑at‑sowing",high,"Table 1, Rotary tillage, Rye, September: 29.5",high,"Table 1, Rotary tillage, Fallow, September: 19.5",high,Table 1 header “Inorganic N (µg N g⁻¹)”,,,,,,,,,,,,,,,,,,,,,,,,,high,Table 1 refers to 2005 surface (0–10 cm) soil samples
/Users/yupe4788/Library/CloudStorage/OneDrive-UCB-O365/Documents/GitHub/LLM_AutoExtracting_CC/ground_truth/pdfs/27_zhaorigetu2008.pdf,27,10,17,,,,,,10.1264/jsme2.23.201,high,regex match on PDF page 1,nitrogen,high,"['Table 1 shows inorganic N (µg N g⁻¹) for fallow (no‑cover) and cover crops: e.g., ""Fallow 10.9 … Rye 11.4 … Hairy vetch 13.3"" (April) and ""Fallow 167.6 … Rye 156.4 … Hairy vetch 208"" (June).', 'Table 2 provides N accumulation (kg N ha⁻¹) for fallow and cover crops: e.g., ""Fallow 10.1 … Rye 128.1 …",,,,,,,Japan,high,"The study sites were established at the Field Science Center, Ibaraki University College of Agriculture, located in the Kanto plains of Japan.","Field Science Center, Ibaraki University College of Agriculture, Kanto plains, Japan",high,"""The study sites were established at the Field Science Center, Ibaraki University College of Agriculture, located in the Kanto plains of Japan""",Hairy vetch,high,"""hairy vetch (Vicia villosa Roth)""",Vicia villosa,high,"""hairy vetch (Vicia villosa Roth)""",Single Species,high,"""types of cover crops [fallow, rye (Secale cereale L.), and hairy vetch (Vicia villosa Roth)]""",Legume,high,"""hairy vetch (Vicia villosa Roth)"" legume",upland rice (Oryza sativa L.),high,"""Seeds of field rice (Oryza sativa L.) were planted""",upland rice (Oryza sativa L.),2.0,medium,The experiment was continued for 2 years from October in 2003 until October in 2005.,2005,high,Table 1 (2005 surface soil samples),"2003,2004",high,"""Cereal rye and hairy vetch were planted on October 15, 2003 and October 29, 2004""",2.0,"October 15, 2003 and October 29, 2004",high,"""Cereal rye and hairy vetch were planted on October 15, 2003 and October 29, 2004""",cut down the following spring (April),high,"""Cover crops were cut down the following spring""",,,,,NT,high,keyword match: 'no-till',Rotary tillage,high,"Table 1, row “Rotary tillage”",,,"50 kg N ha⁻¹ applied April 1, 2004 and April 8, 2005; additional 50 kg N ha⁻¹ mid‑May",high,"""nitrogen fertilizer (ammonium sulfate) was applied at the rate of 50 kg N ha⁻¹ (April 1, 2004 and April 8, 2005). An additional 50 kg N ha⁻¹ ... in mid‑May""",,50 kg N ha−1,high,"nitrogen fertilizer (ammonium sulfate) was applied at the rate of 50 kg N ha−1 (April 1, 2004 and April 8, 2005).",,fluorinate (pre‑emergence) and pendimethalin (contact) sprayed,high,"""Contact and pre‑emergence herbicides, fluorinate and pendimethalin, respectively, were sprayed""",,,,"clay loam Humic Allophane soil (Haludands, Haplic Andosolos)",high,"""soil at the site was a clay loam Humic Allophane soil (Haludands, Haplic Andosolos)""","clay loam Humic Allophane soil (Haludands, Haplic Andosolos)",,,,,,,,Mean air temperature reported for 2004 and 2005 were 17.5 and 16.2 °C; no long‑term mean annual temperature is provided in the text.,high,"The mean air temperature was 17.5 and 16.2°C in 2004 and 2005, respectively",,,,,,,,,,,,,,,,,,,,,,,,,,,,,,,,,,,,,other,204.7,166.8,,,µg N g⁻¹,0‑10,,0.2047500027425974,,high,"Inorganic N measured at multiple times, not specified as mineral‑N‑at‑sowing",high,"Table 1, Rotary tillage, Hairy vetch, June: 204.7",high,"Table 1, Rotary tillage, Fallow, June: 166.8",high,Table 1 header “Inorganic N (µg N g⁻¹)”,,,,,,,,,,,,,,,,,,,,,,,,,high,Table 1 refers to 2005 surface (0–10 cm) soil samples
/Users/yupe4788/Library/CloudStorage/OneDrive-UCB-O365/Documents/GitHub/LLM_AutoExtracting_CC/ground_truth/pdfs/27_zhaorigetu2008.pdf,27,11,17,,,,,,10.1264/jsme2.23.201,high,regex match on PDF page 1,nitrogen,high,"['Table 1 shows inorganic N (µg N g⁻¹) for fallow (no‑cover) and cover crops: e.g., ""Fallow 10.9 … Rye 11.4 … Hairy vetch 13.3"" (April) and ""Fallow 167.6 … Rye 156.4 … Hairy vetch 208"" (June).', 'Table 2 provides N accumulation (kg N ha⁻¹) for fallow and cover crops: e.g., ""Fallow 10.1 … Rye 128.1 …",,,,,,,Japan,high,"The study sites were established at the Field Science Center, Ibaraki University College of Agriculture, located in the Kanto plains of Japan.","Field Science Center, Ibaraki University College of Agriculture, Kanto plains, Japan",high,"""The study sites were established at the Field Science Center, Ibaraki University College of Agriculture, located in the Kanto plains of Japan""",Hairy vetch,high,"""hairy vetch (Vicia villosa Roth)""",Vicia villosa,high,"""hairy vetch (Vicia villosa Roth)""",Single Species,high,"""types of cover crops [fallow, rye (Secale cereale L.), and hairy vetch (Vicia villosa Roth)]""",Legume,high,"""hairy vetch (Vicia villosa Roth)"" legume",upland rice (Oryza sativa L.),high,"""Seeds of field rice (Oryza sativa L.) were planted""",upland rice (Oryza sativa L.),2.0,medium,The experiment was continued for 2 years from October in 2003 until October in 2005.,2005,high,Table 1 (2005 surface soil samples),"2003,2004",high,"""Cereal rye and hairy vetch were planted on October 15, 2003 and October 29, 2004""",2.0,"October 15, 2003 and October 29, 2004",high,"""Cereal rye and hairy vetch were planted on October 15, 2003 and October 29, 2004""",cut down the following spring (April),high,"""Cover crops were cut down the following spring""",,,,,NT,high,keyword match: 'no-till',Rotary tillage,high,"Table 1, row “Rotary tillage”",,,"50 kg N ha⁻¹ applied April 1, 2004 and April 8, 2005; additional 50 kg N ha⁻¹ mid‑May",high,"""nitrogen fertilizer (ammonium sulfate) was applied at the rate of 50 kg N ha⁻¹ (April 1, 2004 and April 8, 2005). An additional 50 kg N ha⁻¹ ... in mid‑May""",,50 kg N ha−1,high,"nitrogen fertilizer (ammonium sulfate) was applied at the rate of 50 kg N ha−1 (April 1, 2004 and April 8, 2005).",,fluorinate (pre‑emergence) and pendimethalin (contact) sprayed,high,"""Contact and pre‑emergence herbicides, fluorinate and pendimethalin, respectively, were sprayed""",,,,"clay loam Humic Allophane soil (Haludands, Haplic Andosolos)",high,"""soil at the site was a clay loam Humic Allophane soil (Haludands, Haplic Andosolos)""","clay loam Humic Allophane soil (Haludands, Haplic Andosolos)",,,,,,,,Mean air temperature reported for 2004 and 2005 were 17.5 and 16.2 °C; no long‑term mean annual temperature is provided in the text.,high,"The mean air temperature was 17.5 and 16.2°C in 2004 and 2005, respectively",,,,,,,,,,,,,,,,,,,,,,,,,,,,,,,,,,,,,other,20.3,19.5,,,µg N g⁻¹,0‑10,,0.0402064204780406,,high,"Inorganic N measured at multiple times, not specified as mineral‑N‑at‑sowing",high,"Table 1, Rotary tillage, Hairy vetch, September: 20.3",high,"Table 1, Rotary tillage, Fallow, September: 19.5",high,Table 1 header “Inorganic N (µg N g⁻¹)”,,,,,,,,,,,,,,,,,,,,,,,,,high,Table 1 refers to 2005 surface (0–10 cm) soil samples
/Users/yupe4788/Library/CloudStorage/OneDrive-UCB-O365/Documents/GitHub/LLM_AutoExtracting_CC/ground_truth/pdfs/27_zhaorigetu2008.pdf,27,12,17,,,,,,10.1264/jsme2.23.201,high,regex match on PDF page 1,nitrogen,high,"['Table 1 shows inorganic N (µg N g⁻¹) for fallow (no‑cover) and cover crops: e.g., ""Fallow 10.9 … Rye 11.4 … Hairy vetch 13.3"" (April) and ""Fallow 167.6 … Rye 156.4 … Hairy vetch 208"" (June).', 'Table 2 provides N accumulation (kg N ha⁻¹) for fallow and cover crops: e.g., ""Fallow 10.1 … Rye 128.1 …",,,,,,,Japan,high,"The study sites were established at the Field Science Center, Ibaraki University College of Agriculture, located in the Kanto plains of Japan.","Field Science Center, Ibaraki University College of Agriculture, Kanto plains, Japan",high,"""The study sites were established at the Field Science Center, Ibaraki University College of Agriculture, located in the Kanto plains of Japan""",Rye,high,"""rye (Secale cereale L.)""",Secale cereale,high,"""rye (Secale cereale L.)""",Single Species,high,"""types of cover crops [fallow, rye (Secale cereale L.), and hairy vetch (Vicia villosa Roth)]""",Non-legume,high,"""rye (Secale cereale L.)"" non‑legume",upland rice (Oryza sativa L.),high,"""Seeds of field rice (Oryza sativa L.) were planted""",upland rice (Oryza sativa L.),2.0,medium,The experiment was continued for 2 years from October in 2003 until October in 2005.,2005,high,Table 1 (2005 surface soil samples),"2003,2004",high,"""Cereal rye and hairy vetch were planted on October 15, 2003 and October 29, 2004""",2.0,"October 15, 2003 and October 29, 2004",high,"""Cereal rye and hairy vetch were planted on October 15, 2003 and October 29, 2004""",cut down the following spring (April),high,"""Cover crops were cut down the following spring""",,,,,NT,high,keyword match: 'no-till',Plow tillage,high,"Table 1, row “Plow tillage”",,,"50 kg N ha⁻¹ applied April 1, 2004 and April 8, 2005; additional 50 kg N ha⁻¹ mid‑May",high,"""nitrogen fertilizer (ammonium sulfate) was applied at the rate of 50 kg N ha⁻¹ (April 1, 2004 and April 8, 2005). An additional 50 kg N ha⁻¹ ... in mid‑May""",,50 kg N ha−1,high,"nitrogen fertilizer (ammonium sulfate) was applied at the rate of 50 kg N ha−1 (April 1, 2004 and April 8, 2005).",,fluorinate (pre‑emergence) and pendimethalin (contact) sprayed,high,"""Contact and pre‑emergence herbicides, fluorinate and pendimethalin, respectively, were sprayed""",,,,"clay loam Humic Allophane soil (Haludands, Haplic Andosolos)",high,"""soil at the site was a clay loam Humic Allophane soil (Haludands, Haplic Andosolos)""","clay loam Humic Allophane soil (Haludands, Haplic Andosolos)",,,,,,,,Mean air temperature reported for 2004 and 2005 were 17.5 and 16.2 °C; no long‑term mean annual temperature is provided in the text.,high,"The mean air temperature was 17.5 and 16.2°C in 2004 and 2005, respectively",,,,,,,,,,,,,,,,,,,,,,,,,,,,,,,,,,,,,other,12.3,13.3,,,µg N g⁻¹,0‑10,,-0.0781647728493362,,high,"Inorganic N measured at multiple times, not specified as mineral‑N‑at‑sowing",high,"Table 1, Plow tillage, Rye, April: 12.3",high,"Table 1, Plow tillage, Fallow, April: 13.3",high,Table 1 header “Inorganic N (µg N g⁻¹)”,,,,,,,,,,,,,,,,,,,,,,,,,high,Table 1 refers to 2005 surface (0–10 cm) soil samples
/Users/yupe4788/Library/CloudStorage/OneDrive-UCB-O365/Documents/GitHub/LLM_AutoExtracting_CC/ground_truth/pdfs/27_zhaorigetu2008.pdf,27,13,17,,,,,,10.1264/jsme2.23.201,high,regex match on PDF page 1,nitrogen,high,"['Table 1 shows inorganic N (µg N g⁻¹) for fallow (no‑cover) and cover crops: e.g., ""Fallow 10.9 … Rye 11.4 … Hairy vetch 13.3"" (April) and ""Fallow 167.6 … Rye 156.4 … Hairy vetch 208"" (June).', 'Table 2 provides N accumulation (kg N ha⁻¹) for fallow and cover crops: e.g., ""Fallow 10.1 … Rye 128.1 …",,,,,,,Japan,high,"The study sites were established at the Field Science Center, Ibaraki University College of Agriculture, located in the Kanto plains of Japan.","Field Science Center, Ibaraki University College of Agriculture, Kanto plains, Japan",high,"""The study sites were established at the Field Science Center, Ibaraki University College of Agriculture, located in the Kanto plains of Japan""",Rye,high,"""rye (Secale cereale L.)""",Secale cereale,high,"""rye (Secale cereale L.)""",Single Species,high,"""types of cover crops [fallow, rye (Secale cereale L.), and hairy vetch (Vicia villosa Roth)]""",Non-legume,high,"""rye (Secale cereale L.)"" non‑legume",upland rice (Oryza sativa L.),high,"""Seeds of field rice (Oryza sativa L.) were planted""",upland rice (Oryza sativa L.),2.0,medium,The experiment was continued for 2 years from October in 2003 until October in 2005.,2005,high,Table 1 (2005 surface soil samples),"2003,2004",high,"""Cereal rye and hairy vetch were planted on October 15, 2003 and October 29, 2004""",2.0,"October 15, 2003 and October 29, 2004",high,"""Cereal rye and hairy vetch were planted on October 15, 2003 and October 29, 2004""",cut down the following spring (April),high,"""Cover crops were cut down the following spring""",,,,,NT,high,keyword match: 'no-till',Plow tillage,high,"Table 1, row “Plow tillage”",,,"50 kg N ha⁻¹ applied April 1, 2004 and April 8, 2005; additional 50 kg N ha⁻¹ mid‑May",high,"""nitrogen fertilizer (ammonium sulfate) was applied at the rate of 50 kg N ha⁻¹ (April 1, 2004 and April 8, 2005). An additional 50 kg N ha⁻¹ ... in mid‑May""",,50 kg N ha−1,high,"nitrogen fertilizer (ammonium sulfate) was applied at the rate of 50 kg N ha−1 (April 1, 2004 and April 8, 2005).",,fluorinate (pre‑emergence) and pendimethalin (contact) sprayed,high,"""Contact and pre‑emergence herbicides, fluorinate and pendimethalin, respectively, were sprayed""",,,,"clay loam Humic Allophane soil (Haludands, Haplic Andosolos)",high,"""soil at the site was a clay loam Humic Allophane soil (Haludands, Haplic Andosolos)""","clay loam Humic Allophane soil (Haludands, Haplic Andosolos)",,,,,,,,Mean air temperature reported for 2004 and 2005 were 17.5 and 16.2 °C; no long‑term mean annual temperature is provided in the text.,high,"The mean air temperature was 17.5 and 16.2°C in 2004 and 2005, respectively",,,,,,,,,,,,,,,,,,,,,,,,,,,,,,,,,,,,,other,144.0,132.9,,,µg N g⁻¹,0‑10,,0.0802163338568008,,high,"Inorganic N measured at multiple times, not specified as mineral‑N‑at‑sowing",high,"Table 1, Plow tillage, Rye, June: 144",high,"Table 1, Plow tillage, Fallow, June: 132.9",high,Table 1 header “Inorganic N (µg N g⁻¹)”,,,,,,,,,,,,,,,,,,,,,,,,,high,Table 1 refers to 2005 surface (0–10 cm) soil samples
/Users/yupe4788/Library/CloudStorage/OneDrive-UCB-O365/Documents/GitHub/LLM_AutoExtracting_CC/ground_truth/pdfs/27_zhaorigetu2008.pdf,27,14,17,,,,,,10.1264/jsme2.23.201,high,regex match on PDF page 1,nitrogen,high,"['Table 1 shows inorganic N (µg N g⁻¹) for fallow (no‑cover) and cover crops: e.g., ""Fallow 10.9 … Rye 11.4 … Hairy vetch 13.3"" (April) and ""Fallow 167.6 … Rye 156.4 … Hairy vetch 208"" (June).', 'Table 2 provides N accumulation (kg N ha⁻¹) for fallow and cover crops: e.g., ""Fallow 10.1 … Rye 128.1 …",,,,,,,Japan,high,"The study sites were established at the Field Science Center, Ibaraki University College of Agriculture, located in the Kanto plains of Japan.","Field Science Center, Ibaraki University College of Agriculture, Kanto plains, Japan",high,"""The study sites were established at the Field Science Center, Ibaraki University College of Agriculture, located in the Kanto plains of Japan""",Rye,high,"""rye (Secale cereale L.)""",Secale cereale,high,"""rye (Secale cereale L.)""",Single Species,high,"""types of cover crops [fallow, rye (Secale cereale L.), and hairy vetch (Vicia villosa Roth)]""",Non-legume,high,"""rye (Secale cereale L.)"" non‑legume",upland rice (Oryza sativa L.),high,"""Seeds of field rice (Oryza sativa L.) were planted""",upland rice (Oryza sativa L.),2.0,medium,The experiment was continued for 2 years from October in 2003 until October in 2005.,2005,high,Table 1 (2005 surface soil samples),"2003,2004",high,"""Cereal rye and hairy vetch were planted on October 15, 2003 and October 29, 2004""",2.0,"October 15, 2003 and October 29, 2004",high,"""Cereal rye and hairy vetch were planted on October 15, 2003 and October 29, 2004""",cut down the following spring (April),high,"""Cover crops were cut down the following spring""",,,,,NT,high,keyword match: 'no-till',Plow tillage,high,"Table 1, row “Plow tillage”",,,"50 kg N ha⁻¹ applied April 1, 2004 and April 8, 2005; additional 50 kg N ha⁻¹ mid‑May",high,"""nitrogen fertilizer (ammonium sulfate) was applied at the rate of 50 kg N ha⁻¹ (April 1, 2004 and April 8, 2005). An additional 50 kg N ha⁻¹ ... in mid‑May""",,50 kg N ha−1,high,"nitrogen fertilizer (ammonium sulfate) was applied at the rate of 50 kg N ha−1 (April 1, 2004 and April 8, 2005).",,fluorinate (pre‑emergence) and pendimethalin (contact) sprayed,high,"""Contact and pre‑emergence herbicides, fluorinate and pendimethalin, respectively, were sprayed""",,,,"clay loam Humic Allophane soil (Haludands, Haplic Andosolos)",high,"""soil at the site was a clay loam Humic Allophane soil (Haludands, Haplic Andosolos)""","clay loam Humic Allophane soil (Haludands, Haplic Andosolos)",,,,,,,,Mean air temperature reported for 2004 and 2005 were 17.5 and 16.2 °C; no long‑term mean annual temperature is provided in the text.,high,"The mean air temperature was 17.5 and 16.2°C in 2004 and 2005, respectively",,,,,,,,,,,,,,,,,,,,,,,,,,,,,,,,,,,,,other,33.5,22.2,,,µg N g⁻¹,0‑10,,0.4114531499527871,,high,"Inorganic N measured at multiple times, not specified as mineral‑N‑at‑sowing",high,"Table 1, Plow tillage, Rye, September: 33.5",high,"Table 1, Plow tillage, Fallow, September: 22.2",high,Table 1 header “Inorganic N (µg N g⁻¹)”,,,,,,,,,,,,,,,,,,,,,,,,,high,Table 1 refers to 2005 surface (0–10 cm) soil samples
/Users/yupe4788/Library/CloudStorage/OneDrive-UCB-O365/Documents/GitHub/LLM_AutoExtracting_CC/ground_truth/pdfs/27_zhaorigetu2008.pdf,27,15,17,,,,,,10.1264/jsme2.23.201,high,regex match on PDF page 1,nitrogen,high,"['Table 1 shows inorganic N (µg N g⁻¹) for fallow (no‑cover) and cover crops: e.g., ""Fallow 10.9 … Rye 11.4 … Hairy vetch 13.3"" (April) and ""Fallow 167.6 … Rye 156.4 … Hairy vetch 208"" (June).', 'Table 2 provides N accumulation (kg N ha⁻¹) for fallow and cover crops: e.g., ""Fallow 10.1 … Rye 128.1 …",,,,,,,Japan,high,"The study sites were established at the Field Science Center, Ibaraki University College of Agriculture, located in the Kanto plains of Japan.","Field Science Center, Ibaraki University College of Agriculture, Kanto plains, Japan",high,"""The study sites were established at the Field Science Center, Ibaraki University College of Agriculture, located in the Kanto plains of Japan""",Hairy vetch,high,"""hairy vetch (Vicia villosa Roth)""",Vicia villosa,high,"""hairy vetch (Vicia villosa Roth)""",Single Species,high,"""types of cover crops [fallow, rye (Secale cereale L.), and hairy vetch (Vicia villosa Roth)]""",Legume,high,"""hairy vetch (Vicia villosa Roth)"" legume",upland rice (Oryza sativa L.),high,"""Seeds of field rice (Oryza sativa L.) were planted""",upland rice (Oryza sativa L.),2.0,medium,The experiment was continued for 2 years from October in 2003 until October in 2005.,2005,high,Table 1 (2005 surface soil samples),"2003,2004",high,"""Cereal rye and hairy vetch were planted on October 15, 2003 and October 29, 2004""",2.0,"October 15, 2003 and October 29, 2004",high,"""Cereal rye and hairy vetch were planted on October 15, 2003 and October 29, 2004""",cut down the following spring (April),high,"""Cover crops were cut down the following spring""",,,,,NT,high,keyword match: 'no-till',Plow tillage,high,"Table 1, row “Plow tillage”",,,"50 kg N ha⁻¹ applied April 1, 2004 and April 8, 2005; additional 50 kg N ha⁻¹ mid‑May",high,"""nitrogen fertilizer (ammonium sulfate) was applied at the rate of 50 kg N ha⁻¹ (April 1, 2004 and April 8, 2005). An additional 50 kg N ha⁻¹ ... in mid‑May""",,50 kg N ha−1,high,"nitrogen fertilizer (ammonium sulfate) was applied at the rate of 50 kg N ha−1 (April 1, 2004 and April 8, 2005).",,fluorinate (pre‑emergence) and pendimethalin (contact) sprayed,high,"""Contact and pre‑emergence herbicides, fluorinate and pendimethalin, respectively, were sprayed""",,,,"clay loam Humic Allophane soil (Haludands, Haplic Andosolos)",high,"""soil at the site was a clay loam Humic Allophane soil (Haludands, Haplic Andosolos)""","clay loam Humic Allophane soil (Haludands, Haplic Andosolos)",,,,,,,,Mean air temperature reported for 2004 and 2005 were 17.5 and 16.2 °C; no long‑term mean annual temperature is provided in the text.,high,"The mean air temperature was 17.5 and 16.2°C in 2004 and 2005, respectively",,,,,,,,,,,,,,,,,,,,,,,,,,,,,,,,,,,,,other,7.1,13.3,,,µg N g⁻¹,0‑10,,-0.6276692511804385,,high,"Inorganic N measured at multiple times, not specified as mineral‑N‑at‑sowing",high,"Table 1, Plow tillage, Hairy vetch, April: 7.1",high,"Table 1, Plow tillage, Fallow, April: 13.3",high,Table 1 header “Inorganic N (µg N g⁻¹)”,,,,,,,,,,,,,,,,,,,,,,,,,high,Table 1 refers to 2005 surface (0–10 cm) soil samples
/Users/yupe4788/Library/CloudStorage/OneDrive-UCB-O365/Documents/GitHub/LLM_AutoExtracting_CC/ground_truth/pdfs/27_zhaorigetu2008.pdf,27,16,17,,,,,,10.1264/jsme2.23.201,high,regex match on PDF page 1,nitrogen,high,"['Table 1 shows inorganic N (µg N g⁻¹) for fallow (no‑cover) and cover crops: e.g., ""Fallow 10.9 … Rye 11.4 … Hairy vetch 13.3"" (April) and ""Fallow 167.6 … Rye 156.4 … Hairy vetch 208"" (June).', 'Table 2 provides N accumulation (kg N ha⁻¹) for fallow and cover crops: e.g., ""Fallow 10.1 … Rye 128.1 …",,,,,,,Japan,high,"The study sites were established at the Field Science Center, Ibaraki University College of Agriculture, located in the Kanto plains of Japan.","Field Science Center, Ibaraki University College of Agriculture, Kanto plains, Japan",high,"""The study sites were established at the Field Science Center, Ibaraki University College of Agriculture, located in the Kanto plains of Japan""",Hairy vetch,high,"""hairy vetch (Vicia villosa Roth)""",Vicia villosa,high,"""hairy vetch (Vicia villosa Roth)""",Single Species,high,"""types of cover crops [fallow, rye (Secale cereale L.), and hairy vetch (Vicia villosa Roth)]""",Legume,high,"""hairy vetch (Vicia villosa Roth)"" legume",upland rice (Oryza sativa L.),high,"""Seeds of field rice (Oryza sativa L.) were planted""",upland rice (Oryza sativa L.),2.0,medium,The experiment was continued for 2 years from October in 2003 until October in 2005.,2005,high,Table 1 (2005 surface soil samples),"2003,2004",high,"""Cereal rye and hairy vetch were planted on October 15, 2003 and October 29, 2004""",2.0,"October 15, 2003 and October 29, 2004",high,"""Cereal rye and hairy vetch were planted on October 15, 2003 and October 29, 2004""",cut down the following spring (April),high,"""Cover crops were cut down the following spring""",,,,,NT,high,keyword match: 'no-till',Plow tillage,high,"Table 1, row “Plow tillage”",,,"50 kg N ha⁻¹ applied April 1, 2004 and April 8, 2005; additional 50 kg N ha⁻¹ mid‑May",high,"""nitrogen fertilizer (ammonium sulfate) was applied at the rate of 50 kg N ha⁻¹ (April 1, 2004 and April 8, 2005). An additional 50 kg N ha⁻¹ ... in mid‑May""",,50 kg N ha−1,high,"nitrogen fertilizer (ammonium sulfate) was applied at the rate of 50 kg N ha−1 (April 1, 2004 and April 8, 2005).",,fluorinate (pre‑emergence) and pendimethalin (contact) sprayed,high,"""Contact and pre‑emergence herbicides, fluorinate and pendimethalin, respectively, were sprayed""",,,,"clay loam Humic Allophane soil (Haludands, Haplic Andosolos)",high,"""soil at the site was a clay loam Humic Allophane soil (Haludands, Haplic Andosolos)""","clay loam Humic Allophane soil (Haludands, Haplic Andosolos)",,,,,,,,Mean air temperature reported for 2004 and 2005 were 17.5 and 16.2 °C; no long‑term mean annual temperature is provided in the text.,high,"The mean air temperature was 17.5 and 16.2°C in 2004 and 2005, respectively",,,,,,,,,,,,,,,,,,,,,,,,,,,,,,,,,,,,,other,163.1,132.9,,,µg N g⁻¹,0‑10,,0.2047665439077685,,high,"Inorganic N measured at multiple times, not specified as mineral‑N‑at‑sowing",high,"Table 1, Plow tillage, Hairy vetch, June: 163.1",high,"Table 1, Plow tillage, Fallow, June: 132.9",high,Table 1 header “Inorganic N (µg N g⁻¹)”,,,,,,,,,,,,,,,,,,,,,,,,,high,Table 1 refers to 2005 surface (0–10 cm) soil samples
/Users/yupe4788/Library/CloudStorage/OneDrive-UCB-O365/Documents/GitHub/LLM_AutoExtracting_CC/ground_truth/pdfs/27_zhaorigetu2008.pdf,27,17,17,,,,,,10.1264/jsme2.23.201,high,regex match on PDF page 1,nitrogen,high,"['Table 1 shows inorganic N (µg N g⁻¹) for fallow (no‑cover) and cover crops: e.g., ""Fallow 10.9 … Rye 11.4 … Hairy vetch 13.3"" (April) and ""Fallow 167.6 … Rye 156.4 … Hairy vetch 208"" (June).', 'Table 2 provides N accumulation (kg N ha⁻¹) for fallow and cover crops: e.g., ""Fallow 10.1 … Rye 128.1 …",,,,,,,Japan,high,"The study sites were established at the Field Science Center, Ibaraki University College of Agriculture, located in the Kanto plains of Japan.","Field Science Center, Ibaraki University College of Agriculture, Kanto plains, Japan",high,"""The study sites were established at the Field Science Center, Ibaraki University College of Agriculture, located in the Kanto plains of Japan""",Hairy vetch,high,"""hairy vetch (Vicia villosa Roth)""",Vicia villosa,high,"""hairy vetch (Vicia villosa Roth)""",Single Species,high,"""types of cover crops [fallow, rye (Secale cereale L.), and hairy vetch (Vicia villosa Roth)]""",Legume,high,"""hairy vetch (Vicia villosa Roth)"" legume",upland rice (Oryza sativa L.),high,"""Seeds of field rice (Oryza sativa L.) were planted""",upland rice (Oryza sativa L.),2.0,medium,The experiment was continued for 2 years from October in 2003 until October in 2005.,2005,high,Table 1 (2005 surface soil samples),"2003,2004",high,"""Cereal rye and hairy vetch were planted on October 15, 2003 and October 29, 2004""",2.0,"October 15, 2003 and October 29, 2004",high,"""Cereal rye and hairy vetch were planted on October 15, 2003 and October 29, 2004""",cut down the following spring (April),high,"""Cover crops were cut down the following spring""",,,,,NT,high,keyword match: 'no-till',Plow tillage,high,"Table 1, row “Plow tillage”",,,"50 kg N ha⁻¹ applied April 1, 2004 and April 8, 2005; additional 50 kg N ha⁻¹ mid‑May",high,"""nitrogen fertilizer (ammonium sulfate) was applied at the rate of 50 kg N ha⁻¹ (April 1, 2004 and April 8, 2005). An additional 50 kg N ha⁻¹ ... in mid‑May""",,50 kg N ha−1,high,"nitrogen fertilizer (ammonium sulfate) was applied at the rate of 50 kg N ha−1 (April 1, 2004 and April 8, 2005).",,fluorinate (pre‑emergence) and pendimethalin (contact) sprayed,high,"""Contact and pre‑emergence herbicides, fluorinate and pendimethalin, respectively, were sprayed""",,,,"clay loam Humic Allophane soil (Haludands, Haplic Andosolos)",high,"""soil at the site was a clay loam Humic Allophane soil (Haludands, Haplic Andosolos)""","clay loam Humic Allophane soil (Haludands, Haplic Andosolos)",,,,,,,,Mean air temperature reported for 2004 and 2005 were 17.5 and 16.2 °C; no long‑term mean annual temperature is provided in the text.,high,"The mean air temperature was 17.5 and 16.2°C in 2004 and 2005, respectively",,,,,,,,,,,,,,,,,,,,,,,,,,,,,,,,,,,,,other,29.5,22.2,,,µg N g⁻¹,0‑10,,0.2842979744675403,,high,"Inorganic N measured at multiple times, not specified as mineral‑N‑at‑sowing",high,"Table 1, Plow tillage, Hairy vetch, September: 29.5",high,"Table 1, Plow tillage, Fallow, September: 22.2",high,Table 1 header “Inorganic N (µg N g⁻¹)”,,,,,,,,,,,,,,,,,,,,,,,,,high,Table 1 refers to 2005 surface (0–10 cm) soil samples
/Users/yupe4788/Library/CloudStorage/OneDrive-UCB-O365/Documents/GitHub/LLM_AutoExtracting_CC/ground_truth/pdfs/34_iqbal2015.pdf,34,1,12,,,,,Does Nitrogen Fertilizer Application Rate to Corn Affect Nitrous Oxide Emissions from the Rotated Soybean Crop?,10.2134/jeq2014.09.0378,high,regex match on PDF page 1,yield,high,Corn yield was significantly lower with cover crop (10.5 Mg ha‑1) compared with no cover crop (11.3 Mg ha‑1); soybean yield was 3.57 Mg ha‑1 with cover vs. 3.61 Mg ha‑1 without cover crop.,42.02,high,42.02 N,-93.77,high,93.77 W,Iowa,high,"Iowa (42.02 N, 93.77 W)","Iowa State University Agricultural Engineering and Agronomy Research Farm, Boone County, Iowa",high,"The study was conducted … at the Iowa State University Agricultural Engineering and Agronomy Research Farm in Boone County, Iowa",rye,high,The presence or absence of winter rye cover crop was the main plot treatment,,,,Single Species,high,The presence or absence of winter rye cover crop was the main plot treatment,,,,corn,high,Corn grain yield … (Table 2),corn,,,,2011,high,Table 2 … Year 2011,"2008,2009,2010,2011",medium,"The cover crop treatments were first implemented in fall 2008… Each year, the rye cover crop was drilled after fall grain harvest",4.0,drilled after fall grain harvest at 70 kg seed ha⁻¹,high,"Each year, the rye cover crop was drilled after fall grain harvest at 70 kg seed ha⁻¹",terminated with glyphosate 0–20 d before planting,high,The rye was terminated with glyphosate … between 0 and 20 d before planting of the main (grain) crop each spring,corn–soybean rotation,corn–soybean rotation,corn–soybean rotation,corn–soybean rotation,NT,high,keyword match: 'no-till',no‑till,high,determine the effect of a rye cover crop on the MRTN of corn following soybean in a no‑till system,,,"N fertilizer applied (0, 135, 225 kg N ha⁻¹)",high,"six N fertilizer rates applied to corn … N0, N135, and N225 … were selected for this study",,"0, 135, 225 kg N ha⁻¹",high,"three N fertilizer treatments (0, 135, and 225 kg N ha⁻¹ ; hereafter N0, N135, and N225)",,glyphosate (1–2 kg ai ha⁻¹),high,The rye was terminated with glyphosate … at 1 to 2 kg active ingredient ha⁻¹,,,,"Clarion series (fine‑loamy, mixed, superactive, mesic Typic Hapludolls)",high,"Soils at the site are predominantly Clarion series (fine‑loamy, mixed, superactive, mesic Typic Hapludolls)","Clarion series (fine‑loamy, mixed, superactive, mesic Typic Hapludolls)",,872.0,high,"Average annual temperature and precipitation are 9.4°C and 872 mm yr<sup>–1</sup>, respectively",9.4,high,"Average annual temperature and precipitation are 9.4°C and 872 mm yr<sup>–1</sup> , respectively.","The study was conducted from 2011 to 2013 at the Iowa State University Agricultural Engineering and Agronomy Research Farm in Boone County, Iowa (42.02 N, 93.77 W).",high,"The study was conducted from 2011 to 2013 at the Iowa State University Agricultural Engineering and Agronomy Research Farm in Boone County, Iowa (42.02 N, 93.77 W).",4.0,high,four replicates,3.82,high,Table 2 … 2011 … Corn grain yield with rye 3.82 ± 0.19,,6.12,high,Table 2 … 2011 … Corn grain yield without rye 6.12 ± 0.23,,Mg ha⁻¹,high,Table 2 headings use Mg ha⁻¹,-0.4713116739057509,,,,,,,,,,,,,,,,,,,,,,,,,,,,,,,,,,,,,,,,,,medium,PDF metadata title field,high,The site was established to determine the effect of a rye cover crop on the MRTN of corn following soybean in a no‑till system,high,Corn Nitrogen Rate Calculator indicates the long-term MRTN for corn in an Iowa corn–soybean rotation without cover crop is 154 kg N ha⁻¹,,,,,,,,,,,,,,,,,,
/Users/yupe4788/Library/CloudStorage/OneDrive-UCB-O365/Documents/GitHub/LLM_AutoExtracting_CC/ground_truth/pdfs/34_iqbal2015.pdf,34,2,12,,,,,Does Nitrogen Fertilizer Application Rate to Corn Affect Nitrous Oxide Emissions from the Rotated Soybean Crop?,10.2134/jeq2014.09.0378,high,regex match on PDF page 1,yield,high,Corn yield was significantly lower with cover crop (10.5 Mg ha‑1) compared with no cover crop (11.3 Mg ha‑1); soybean yield was 3.57 Mg ha‑1 with cover vs. 3.61 Mg ha‑1 without cover crop.,42.02,high,42.02 N,-93.77,high,93.77 W,Iowa,high,"Iowa (42.02 N, 93.77 W)","Iowa State University Agricultural Engineering and Agronomy Research Farm, Boone County, Iowa",high,"The study was conducted … at the Iowa State University Agricultural Engineering and Agronomy Research Farm in Boone County, Iowa",rye,high,The presence or absence of winter rye cover crop was the main plot treatment,,,,Single Species,high,The presence or absence of winter rye cover crop was the main plot treatment,,,,soybean,high,Soybean grain yield … (Table 2),soybean,,,,2011,high,Table 2 … Year 2011,"2008,2009,2010,2011",medium,"The cover crop treatments were first implemented in fall 2008… Each year, the rye cover crop was drilled after fall grain harvest",4.0,drilled after fall grain harvest at 70 kg seed ha⁻¹,high,"Each year, the rye cover crop was drilled after fall grain harvest at 70 kg seed ha⁻¹",terminated with glyphosate 0–20 d before planting,high,The rye was terminated with glyphosate … between 0 and 20 d before planting of the main (grain) crop each spring,corn–soybean rotation,corn–soybean rotation,corn–soybean rotation,corn–soybean rotation,NT,high,keyword match: 'no-till',no‑till,high,determine the effect of a rye cover crop on the MRTN of corn following soybean in a no‑till system,,,none (soybean received no N fertilizer),high,Soybean received no N fertilizer.,,"0, 135, 225 kg N ha⁻¹",high,"three N fertilizer treatments (0, 135, and 225 kg N ha⁻¹ ; hereafter N0, N135, and N225)",,glyphosate (1–2 kg ai ha⁻¹),high,The rye was terminated with glyphosate … at 1 to 2 kg active ingredient ha⁻¹,,,,"Clarion series (fine‑loamy, mixed, superactive, mesic Typic Hapludolls)",high,"Soils at the site are predominantly Clarion series (fine‑loamy, mixed, superactive, mesic Typic Hapludolls)","Clarion series (fine‑loamy, mixed, superactive, mesic Typic Hapludolls)",,872.0,high,"Average annual temperature and precipitation are 9.4°C and 872 mm yr<sup>–1</sup>, respectively",9.4,high,"Average annual temperature and precipitation are 9.4°C and 872 mm yr<sup>–1</sup> , respectively.","The study was conducted from 2011 to 2013 at the Iowa State University Agricultural Engineering and Agronomy Research Farm in Boone County, Iowa (42.02 N, 93.77 W).",high,"The study was conducted from 2011 to 2013 at the Iowa State University Agricultural Engineering and Agronomy Research Farm in Boone County, Iowa (42.02 N, 93.77 W).",4.0,high,four replicates,3.57,high,soybean yield … 3.57 Mg ha⁻¹ with cover,,3.61,high,soybean yield … 3.61 Mg ha⁻¹ without cover crop,,Mg ha⁻¹,high,Yield expressed in Mg ha⁻¹,-0.0111421765532418,,,,,,,,,,,,,,,,,,,,,,,,,,,,,,,,,,,,,,,,,,medium,PDF metadata title field,high,The site was established to determine the effect of a rye cover crop on the MRTN of corn following soybean in a no‑till system,high,Corn Nitrogen Rate Calculator indicates the long-term MRTN for corn in an Iowa corn–soybean rotation without cover crop is 154 kg N ha⁻¹,,,,,,,,,,,,,,,,,,
/Users/yupe4788/Library/CloudStorage/OneDrive-UCB-O365/Documents/GitHub/LLM_AutoExtracting_CC/ground_truth/pdfs/34_iqbal2015.pdf,34,3,12,,,,,Does Nitrogen Fertilizer Application Rate to Corn Affect Nitrous Oxide Emissions from the Rotated Soybean Crop?,10.2134/jeq2014.09.0378,high,regex match on PDF page 1,yield,high,Corn yield was significantly lower with cover crop (10.5 Mg ha‑1) compared with no cover crop (11.3 Mg ha‑1); soybean yield was 3.57 Mg ha‑1 with cover vs. 3.61 Mg ha‑1 without cover crop.,42.02,high,42.02 N,-93.77,high,93.77 W,Iowa,high,"Iowa (42.02 N, 93.77 W)","Iowa State University Agricultural Engineering and Agronomy Research Farm, Boone County, Iowa",high,"The study was conducted … at the Iowa State University Agricultural Engineering and Agronomy Research Farm in Boone County, Iowa",rye,high,The presence or absence of winter rye cover crop was the main plot treatment,,,,Single Species,high,The presence or absence of winter rye cover crop was the main plot treatment,,,,corn,high,Corn grain yield … (Table 2),corn,,,,2012,high,Table 2 … Year 2012,"2008,2009,2010,2011,2012",medium,"The cover crop treatments were first implemented in fall 2008… Each year, the rye cover crop was drilled after fall grain harvest",5.0,drilled after fall grain harvest at 70 kg seed ha⁻¹,high,"Each year, the rye cover crop was drilled after fall grain harvest at 70 kg seed ha⁻¹",terminated with glyphosate 0–20 d before planting,high,The rye was terminated with glyphosate … between 0 and 20 d before planting of the main (grain) crop each spring,corn–soybean rotation,corn–soybean rotation,corn–soybean rotation,corn–soybean rotation,NT,high,keyword match: 'no-till',no‑till,high,determine the effect of a rye cover crop on the MRTN of corn following soybean in a no‑till system,,,"N fertilizer applied (0, 135, 225 kg N ha⁻¹)",high,"six N fertilizer rates applied to corn … N0, N135, and N225 … were selected for this study",,"0, 135, 225 kg N ha⁻¹",high,"three N fertilizer treatments (0, 135, and 225 kg N ha⁻¹ ; hereafter N0, N135, and N225)",,glyphosate (1–2 kg ai ha⁻¹),high,The rye was terminated with glyphosate … at 1 to 2 kg active ingredient ha⁻¹,,,,"Clarion series (fine‑loamy, mixed, superactive, mesic Typic Hapludolls)",high,"Soils at the site are predominantly Clarion series (fine‑loamy, mixed, superactive, mesic Typic Hapludolls)","Clarion series (fine‑loamy, mixed, superactive, mesic Typic Hapludolls)",,872.0,high,"Average annual temperature and precipitation are 9.4°C and 872 mm yr<sup>–1</sup>, respectively",9.4,high,"Average annual temperature and precipitation are 9.4°C and 872 mm yr<sup>–1</sup> , respectively.","The study was conducted from 2011 to 2013 at the Iowa State University Agricultural Engineering and Agronomy Research Farm in Boone County, Iowa (42.02 N, 93.77 W).",high,"The study was conducted from 2011 to 2013 at the Iowa State University Agricultural Engineering and Agronomy Research Farm in Boone County, Iowa (42.02 N, 93.77 W).",4.0,high,four replicates,3.15,high,Table 2 … 2012 … Corn grain yield with rye 3.15 ± 0.24,,5.5,high,Table 2 … 2012 … Corn grain yield without rye 5.50 ± 0.22,,Mg ha⁻¹,high,Table 2 headings use Mg ha⁻¹,-0.5573456394008836,,,,,,,,,,,,,,,,,,,,,,,,,,,,,,,,,,,,,,,,,,medium,PDF metadata title field,high,The site was established to determine the effect of a rye cover crop on the MRTN of corn following soybean in a no‑till system,high,Corn Nitrogen Rate Calculator indicates the long-term MRTN for corn in an Iowa corn–soybean rotation without cover crop is 154 kg N ha⁻¹,,,,,,,,,,,,,,,,,,
/Users/yupe4788/Library/CloudStorage/OneDrive-UCB-O365/Documents/GitHub/LLM_AutoExtracting_CC/ground_truth/pdfs/34_iqbal2015.pdf,34,4,12,,,,,Does Nitrogen Fertilizer Application Rate to Corn Affect Nitrous Oxide Emissions from the Rotated Soybean Crop?,10.2134/jeq2014.09.0378,high,regex match on PDF page 1,yield,high,Corn yield was significantly lower with cover crop (10.5 Mg ha‑1) compared with no cover crop (11.3 Mg ha‑1); soybean yield was 3.57 Mg ha‑1 with cover vs. 3.61 Mg ha‑1 without cover crop.,42.02,high,42.02 N,-93.77,high,93.77 W,Iowa,high,"Iowa (42.02 N, 93.77 W)","Iowa State University Agricultural Engineering and Agronomy Research Farm, Boone County, Iowa",high,"The study was conducted … at the Iowa State University Agricultural Engineering and Agronomy Research Farm in Boone County, Iowa",rye,high,The presence or absence of winter rye cover crop was the main plot treatment,,,,Single Species,high,The presence or absence of winter rye cover crop was the main plot treatment,,,,soybean,high,Soybean grain yield … (Table 2),soybean,,,,2012,high,Table 2 … Year 2012,"2008,2009,2010,2011,2012",medium,"The cover crop treatments were first implemented in fall 2008… Each year, the rye cover crop was drilled after fall grain harvest",5.0,drilled after fall grain harvest at 70 kg seed ha⁻¹,high,"Each year, the rye cover crop was drilled after fall grain harvest at 70 kg seed ha⁻¹",terminated with glyphosate 0–20 d before planting,high,The rye was terminated with glyphosate … between 0 and 20 d before planting of the main (grain) crop each spring,corn–soybean rotation,corn–soybean rotation,corn–soybean rotation,corn–soybean rotation,NT,high,keyword match: 'no-till',no‑till,high,determine the effect of a rye cover crop on the MRTN of corn following soybean in a no‑till system,,,none (soybean received no N fertilizer),high,Soybean received no N fertilizer.,,"0, 135, 225 kg N ha⁻¹",high,"three N fertilizer treatments (0, 135, and 225 kg N ha⁻¹ ; hereafter N0, N135, and N225)",,glyphosate (1–2 kg ai ha⁻¹),high,The rye was terminated with glyphosate … at 1 to 2 kg active ingredient ha⁻¹,,,,"Clarion series (fine‑loamy, mixed, superactive, mesic Typic Hapludolls)",high,"Soils at the site are predominantly Clarion series (fine‑loamy, mixed, superactive, mesic Typic Hapludolls)","Clarion series (fine‑loamy, mixed, superactive, mesic Typic Hapludolls)",,872.0,high,"Average annual temperature and precipitation are 9.4°C and 872 mm yr<sup>–1</sup>, respectively",9.4,high,"Average annual temperature and precipitation are 9.4°C and 872 mm yr<sup>–1</sup> , respectively.","The study was conducted from 2011 to 2013 at the Iowa State University Agricultural Engineering and Agronomy Research Farm in Boone County, Iowa (42.02 N, 93.77 W).",high,"The study was conducted from 2011 to 2013 at the Iowa State University Agricultural Engineering and Agronomy Research Farm in Boone County, Iowa (42.02 N, 93.77 W).",4.0,high,four replicates,3.57,high,soybean yield … 3.57 Mg ha⁻¹ with cover,,3.61,high,soybean yield … 3.61 Mg ha⁻¹ without cover crop,,Mg ha⁻¹,high,Yield expressed in Mg ha⁻¹,-0.0111421765532418,,,,,,,,,,,,,,,,,,,,,,,,,,,,,,,,,,,,,,,,,,medium,PDF metadata title field,high,The site was established to determine the effect of a rye cover crop on the MRTN of corn following soybean in a no‑till system,high,Corn Nitrogen Rate Calculator indicates the long-term MRTN for corn in an Iowa corn–soybean rotation without cover crop is 154 kg N ha⁻¹,,,,,,,,,,,,,,,,,,
/Users/yupe4788/Library/CloudStorage/OneDrive-UCB-O365/Documents/GitHub/LLM_AutoExtracting_CC/ground_truth/pdfs/34_iqbal2015.pdf,34,5,12,,,,,Does Nitrogen Fertilizer Application Rate to Corn Affect Nitrous Oxide Emissions from the Rotated Soybean Crop?,10.2134/jeq2014.09.0378,high,regex match on PDF page 1,yield,high,Corn yield was significantly lower with cover crop (10.5 Mg ha‑1) compared with no cover crop (11.3 Mg ha‑1); soybean yield was 3.57 Mg ha‑1 with cover vs. 3.61 Mg ha‑1 without cover crop.,42.02,high,42.02 N,-93.77,high,93.77 W,Iowa,high,"Iowa (42.02 N, 93.77 W)","Iowa State University Agricultural Engineering and Agronomy Research Farm, Boone County, Iowa",high,"The study was conducted … at the Iowa State University Agricultural Engineering and Agronomy Research Farm in Boone County, Iowa",rye,high,The presence or absence of winter rye cover crop was the main plot treatment,,,,Single Species,high,The presence or absence of winter rye cover crop was the main plot treatment,,,,corn,high,Corn grain yield … (Table 2),corn,,,,2013,high,Table 2 … Year 2013,"2008,2009,2010,2011,2012,2013",medium,"The cover crop treatments were first implemented in fall 2008… Each year, the rye cover crop was drilled after fall grain harvest",6.0,drilled after fall grain harvest at 70 kg seed ha⁻¹,high,"Each year, the rye cover crop was drilled after fall grain harvest at 70 kg seed ha⁻¹",terminated with glyphosate 0–20 d before planting,high,The rye was terminated with glyphosate … between 0 and 20 d before planting of the main (grain) crop each spring,corn–soybean rotation,corn–soybean rotation,corn–soybean rotation,corn–soybean rotation,NT,high,keyword match: 'no-till',no‑till,high,determine the effect of a rye cover crop on the MRTN of corn following soybean in a no‑till system,,,"N fertilizer applied (0, 135, 225 kg N ha⁻¹)",high,"six N fertilizer rates applied to corn … N0, N135, and N225 … were selected for this study",,"0, 135, 225 kg N ha⁻¹",high,"three N fertilizer treatments (0, 135, and 225 kg N ha⁻¹ ; hereafter N0, N135, and N225)",,glyphosate (1–2 kg ai ha⁻¹),high,The rye was terminated with glyphosate … at 1 to 2 kg active ingredient ha⁻¹,,,,"Clarion series (fine‑loamy, mixed, superactive, mesic Typic Hapludolls)",high,"Soils at the site are predominantly Clarion series (fine‑loamy, mixed, superactive, mesic Typic Hapludolls)","Clarion series (fine‑loamy, mixed, superactive, mesic Typic Hapludolls)",,872.0,high,"Average annual temperature and precipitation are 9.4°C and 872 mm yr<sup>–1</sup>, respectively",9.4,high,"Average annual temperature and precipitation are 9.4°C and 872 mm yr<sup>–1</sup> , respectively.","The study was conducted from 2011 to 2013 at the Iowa State University Agricultural Engineering and Agronomy Research Farm in Boone County, Iowa (42.02 N, 93.77 W).",high,"The study was conducted from 2011 to 2013 at the Iowa State University Agricultural Engineering and Agronomy Research Farm in Boone County, Iowa (42.02 N, 93.77 W).",4.0,high,four replicates,2.84,high,Table 2 … 2013 … Corn grain yield with rye 2.84 ± 0.06,,3.64,high,Table 2 … 2013 … Corn grain yield without rye 3.64 ± 0.18,,Mg ha⁻¹,high,Table 2 headings use Mg ha⁻¹,-0.2481796294755347,,,,,,,,,,,,,,,,,,,,,,,,,,,,,,,,,,,,,,,,,,medium,PDF metadata title field,high,The site was established to determine the effect of a rye cover crop on the MRTN of corn following soybean in a no‑till system,high,Corn Nitrogen Rate Calculator indicates the long-term MRTN for corn in an Iowa corn–soybean rotation without cover crop is 154 kg N ha⁻¹,,,,,,,,,,,,,,,,,,
/Users/yupe4788/Library/CloudStorage/OneDrive-UCB-O365/Documents/GitHub/LLM_AutoExtracting_CC/ground_truth/pdfs/34_iqbal2015.pdf,34,6,12,,,,,Does Nitrogen Fertilizer Application Rate to Corn Affect Nitrous Oxide Emissions from the Rotated Soybean Crop?,10.2134/jeq2014.09.0378,high,regex match on PDF page 1,yield,high,Corn yield was significantly lower with cover crop (10.5 Mg ha‑1) compared with no cover crop (11.3 Mg ha‑1); soybean yield was 3.57 Mg ha‑1 with cover vs. 3.61 Mg ha‑1 without cover crop.,42.02,high,42.02 N,-93.77,high,93.77 W,Iowa,high,"Iowa (42.02 N, 93.77 W)","Iowa State University Agricultural Engineering and Agronomy Research Farm, Boone County, Iowa",high,"The study was conducted … at the Iowa State University Agricultural Engineering and Agronomy Research Farm in Boone County, Iowa",rye,high,The presence or absence of winter rye cover crop was the main plot treatment,,,,Single Species,high,The presence or absence of winter rye cover crop was the main plot treatment,,,,soybean,high,Soybean grain yield … (Table 2),soybean,,,,2013,high,Table 2 … Year 2013,"2008,2009,2010,2011,2012,2013",medium,"The cover crop treatments were first implemented in fall 2008… Each year, the rye cover crop was drilled after fall grain harvest",6.0,drilled after fall grain harvest at 70 kg seed ha⁻¹,high,"Each year, the rye cover crop was drilled after fall grain harvest at 70 kg seed ha⁻¹",terminated with glyphosate 0–20 d before planting,high,The rye was terminated with glyphosate … between 0 and 20 d before planting of the main (grain) crop each spring,corn–soybean rotation,corn–soybean rotation,corn–soybean rotation,corn–soybean rotation,NT,high,keyword match: 'no-till',no‑till,high,determine the effect of a rye cover crop on the MRTN of corn following soybean in a no‑till system,,,none (soybean received no N fertilizer),high,Soybean received no N fertilizer.,,"0, 135, 225 kg N ha⁻¹",high,"three N fertilizer treatments (0, 135, and 225 kg N ha⁻¹ ; hereafter N0, N135, and N225)",,glyphosate (1–2 kg ai ha⁻¹),high,The rye was terminated with glyphosate … at 1 to 2 kg active ingredient ha⁻¹,,,,"Clarion series (fine‑loamy, mixed, superactive, mesic Typic Hapludolls)",high,"Soils at the site are predominantly Clarion series (fine‑loamy, mixed, superactive, mesic Typic Hapludolls)","Clarion series (fine‑loamy, mixed, superactive, mesic Typic Hapludolls)",,872.0,high,"Average annual temperature and precipitation are 9.4°C and 872 mm yr<sup>–1</sup>, respectively",9.4,high,"Average annual temperature and precipitation are 9.4°C and 872 mm yr<sup>–1</sup> , respectively.","The study was conducted from 2011 to 2013 at the Iowa State University Agricultural Engineering and Agronomy Research Farm in Boone County, Iowa (42.02 N, 93.77 W).",high,"The study was conducted from 2011 to 2013 at the Iowa State University Agricultural Engineering and Agronomy Research Farm in Boone County, Iowa (42.02 N, 93.77 W).",4.0,high,four replicates,3.57,high,soybean yield … 3.57 Mg ha⁻¹ with cover,,3.61,high,soybean yield … 3.61 Mg ha⁻¹ without cover crop,,Mg ha⁻¹,high,Yield expressed in Mg ha⁻¹,-0.0111421765532418,,,,,,,,,,,,,,,,,,,,,,,,,,,,,,,,,,,,,,,,,,medium,PDF metadata title field,high,The site was established to determine the effect of a rye cover crop on the MRTN of corn following soybean in a no‑till system,high,Corn Nitrogen Rate Calculator indicates the long-term MRTN for corn in an Iowa corn–soybean rotation without cover crop is 154 kg N ha⁻¹,,,,,,,,,,,,,,,,,,
/Users/yupe4788/Library/CloudStorage/OneDrive-UCB-O365/Documents/GitHub/LLM_AutoExtracting_CC/ground_truth/pdfs/34_iqbal2015.pdf,34,7,12,,,,,Does Nitrogen Fertilizer Application Rate to Corn Affect Nitrous Oxide Emissions from the Rotated Soybean Crop?,10.2134/jeq2014.09.0378,high,regex match on PDF page 1,yield,high,Corn yield was significantly lower with cover crop (10.5 Mg ha‑1) compared with no cover crop (11.3 Mg ha‑1); soybean yield was 3.57 Mg ha‑1 with cover vs. 3.61 Mg ha‑1 without cover crop.,42.02,high,42.02 N,-93.77,high,93.77 W,Iowa,high,"Iowa (42.02 N, 93.77 W)","Iowa State University Agricultural Engineering and Agronomy Research Farm, Boone County, Iowa",high,"The study was conducted … at the Iowa State University Agricultural Engineering and Agronomy Research Farm in Boone County, Iowa",rye,high,The presence or absence of winter rye cover crop was the main plot treatment,,,,Single Species,high,The presence or absence of winter rye cover crop was the main plot treatment,,,,corn,high,Corn grain yield … (Table 2),corn,,,,2011,high,Table 2 … Year 2011,"2008,2009,2010,2011",medium,"The cover crop treatments were first implemented in fall 2008… Each year, the rye cover crop was drilled after fall grain harvest",4.0,drilled after fall grain harvest at 70 kg seed ha⁻¹,high,"Each year, the rye cover crop was drilled after fall grain harvest at 70 kg seed ha⁻¹",terminated with glyphosate 0–20 d before planting,high,The rye was terminated with glyphosate … between 0 and 20 d before planting of the main (grain) crop each spring,corn–soybean rotation,corn–soybean rotation,corn–soybean rotation,corn–soybean rotation,NT,high,keyword match: 'no-till',no‑till,high,determine the effect of a rye cover crop on the MRTN of corn following soybean in a no‑till system,,,"N fertilizer applied (0, 135, 225 kg N ha⁻¹)",high,"six N fertilizer rates applied to corn … N0, N135, and N225 … were selected for this study",,"0, 135, 225 kg N ha⁻¹",high,"three N fertilizer treatments (0, 135, and 225 kg N ha⁻¹ ; hereafter N0, N135, and N225)",,glyphosate (1–2 kg ai ha⁻¹),high,The rye was terminated with glyphosate … at 1 to 2 kg active ingredient ha⁻¹,,,,"Clarion series (fine‑loamy, mixed, superactive, mesic Typic Hapludolls)",high,"Soils at the site are predominantly Clarion series (fine‑loamy, mixed, superactive, mesic Typic Hapludolls)","Clarion series (fine‑loamy, mixed, superactive, mesic Typic Hapludolls)",,872.0,high,"Average annual temperature and precipitation are 9.4°C and 872 mm yr<sup>–1</sup>, respectively",9.4,high,"Average annual temperature and precipitation are 9.4°C and 872 mm yr<sup>–1</sup> , respectively.","The study was conducted from 2011 to 2013 at the Iowa State University Agricultural Engineering and Agronomy Research Farm in Boone County, Iowa (42.02 N, 93.77 W).",high,"The study was conducted from 2011 to 2013 at the Iowa State University Agricultural Engineering and Agronomy Research Farm in Boone County, Iowa (42.02 N, 93.77 W).",4.0,high,four replicates,11.4,high,Table 2 … 2011 … Corn grain yield with rye 11.40 ± 0.26,,11.63,high,Table 2 … 2011 … Corn grain yield without rye 11.63 ± 0.16,,Mg ha⁻¹,high,Table 2 headings use Mg ha⁻¹,-0.0199746111301233,,,,,,,,,,,,,,,,,,,,,,,,,,,,,,,,,,,,,,,,,,medium,PDF metadata title field,high,The site was established to determine the effect of a rye cover crop on the MRTN of corn following soybean in a no‑till system,high,Corn Nitrogen Rate Calculator indicates the long-term MRTN for corn in an Iowa corn–soybean rotation without cover crop is 154 kg N ha⁻¹,,,,,,,,,,,,,,,,,,
/Users/yupe4788/Library/CloudStorage/OneDrive-UCB-O365/Documents/GitHub/LLM_AutoExtracting_CC/ground_truth/pdfs/34_iqbal2015.pdf,34,8,12,,,,,Does Nitrogen Fertilizer Application Rate to Corn Affect Nitrous Oxide Emissions from the Rotated Soybean Crop?,10.2134/jeq2014.09.0378,high,regex match on PDF page 1,yield,high,Corn yield was significantly lower with cover crop (10.5 Mg ha‑1) compared with no cover crop (11.3 Mg ha‑1); soybean yield was 3.57 Mg ha‑1 with cover vs. 3.61 Mg ha‑1 without cover crop.,42.02,high,42.02 N,-93.77,high,93.77 W,Iowa,high,"Iowa (42.02 N, 93.77 W)","Iowa State University Agricultural Engineering and Agronomy Research Farm, Boone County, Iowa",high,"The study was conducted … at the Iowa State University Agricultural Engineering and Agronomy Research Farm in Boone County, Iowa",rye,high,The presence or absence of winter rye cover crop was the main plot treatment,,,,Single Species,high,The presence or absence of winter rye cover crop was the main plot treatment,,,,soybean,high,Soybean grain yield … (Table 2),soybean,,,,2011,high,Table 2 … Year 2011,"2008,2009,2010,2011",medium,"The cover crop treatments were first implemented in fall 2008… Each year, the rye cover crop was drilled after fall grain harvest",4.0,drilled after fall grain harvest at 70 kg seed ha⁻¹,high,"Each year, the rye cover crop was drilled after fall grain harvest at 70 kg seed ha⁻¹",terminated with glyphosate 0–20 d before planting,high,The rye was terminated with glyphosate … between 0 and 20 d before planting of the main (grain) crop each spring,corn–soybean rotation,corn–soybean rotation,corn–soybean rotation,corn–soybean rotation,NT,high,keyword match: 'no-till',no‑till,high,determine the effect of a rye cover crop on the MRTN of corn following soybean in a no‑till system,,,none (soybean received no N fertilizer),high,Soybean received no N fertilizer.,,"0, 135, 225 kg N ha⁻¹",high,"three N fertilizer treatments (0, 135, and 225 kg N ha⁻¹ ; hereafter N0, N135, and N225)",,glyphosate (1–2 kg ai ha⁻¹),high,The rye was terminated with glyphosate … at 1 to 2 kg active ingredient ha⁻¹,,,,"Clarion series (fine‑loamy, mixed, superactive, mesic Typic Hapludolls)",high,"Soils at the site are predominantly Clarion series (fine‑loamy, mixed, superactive, mesic Typic Hapludolls)","Clarion series (fine‑loamy, mixed, superactive, mesic Typic Hapludolls)",,872.0,high,"Average annual temperature and precipitation are 9.4°C and 872 mm yr<sup>–1</sup>, respectively",9.4,high,"Average annual temperature and precipitation are 9.4°C and 872 mm yr<sup>–1</sup> , respectively.","The study was conducted from 2011 to 2013 at the Iowa State University Agricultural Engineering and Agronomy Research Farm in Boone County, Iowa (42.02 N, 93.77 W).",high,"The study was conducted from 2011 to 2013 at the Iowa State University Agricultural Engineering and Agronomy Research Farm in Boone County, Iowa (42.02 N, 93.77 W).",4.0,high,four replicates,3.57,high,soybean yield … 3.57 Mg ha⁻¹ with cover,,3.61,high,soybean yield … 3.61 Mg ha⁻¹ without cover crop,,Mg ha⁻¹,high,Yield expressed in Mg ha⁻¹,-0.0111421765532418,,,,,,,,,,,,,,,,,,,,,,,,,,,,,,,,,,,,,,,,,,medium,PDF metadata title field,high,The site was established to determine the effect of a rye cover crop on the MRTN of corn following soybean in a no‑till system,high,Corn Nitrogen Rate Calculator indicates the long-term MRTN for corn in an Iowa corn–soybean rotation without cover crop is 154 kg N ha⁻¹,,,,,,,,,,,,,,,,,,
/Users/yupe4788/Library/CloudStorage/OneDrive-UCB-O365/Documents/GitHub/LLM_AutoExtracting_CC/ground_truth/pdfs/34_iqbal2015.pdf,34,9,12,,,,,Does Nitrogen Fertilizer Application Rate to Corn Affect Nitrous Oxide Emissions from the Rotated Soybean Crop?,10.2134/jeq2014.09.0378,high,regex match on PDF page 1,yield,high,Corn yield was significantly lower with cover crop (10.5 Mg ha‑1) compared with no cover crop (11.3 Mg ha‑1); soybean yield was 3.57 Mg ha‑1 with cover vs. 3.61 Mg ha‑1 without cover crop.,42.02,high,42.02 N,-93.77,high,93.77 W,Iowa,high,"Iowa (42.02 N, 93.77 W)","Iowa State University Agricultural Engineering and Agronomy Research Farm, Boone County, Iowa",high,"The study was conducted … at the Iowa State University Agricultural Engineering and Agronomy Research Farm in Boone County, Iowa",rye,high,The presence or absence of winter rye cover crop was the main plot treatment,,,,Single Species,high,The presence or absence of winter rye cover crop was the main plot treatment,,,,corn,high,Corn grain yield … (Table 2),corn,,,,2012,high,Table 2 … Year 2012,"2008,2009,2010,2011,2012",medium,"The cover crop treatments were first implemented in fall 2008… Each year, the rye cover crop was drilled after fall grain harvest",5.0,drilled after fall grain harvest at 70 kg seed ha⁻¹,high,"Each year, the rye cover crop was drilled after fall grain harvest at 70 kg seed ha⁻¹",terminated with glyphosate 0–20 d before planting,high,The rye was terminated with glyphosate … between 0 and 20 d before planting of the main (grain) crop each spring,corn–soybean rotation,corn–soybean rotation,corn–soybean rotation,corn–soybean rotation,NT,high,keyword match: 'no-till',no‑till,high,determine the effect of a rye cover crop on the MRTN of corn following soybean in a no‑till system,,,"N fertilizer applied (0, 135, 225 kg N ha⁻¹)",high,"six N fertilizer rates applied to corn … N0, N135, and N225 … were selected for this study",,"0, 135, 225 kg N ha⁻¹",high,"three N fertilizer treatments (0, 135, and 225 kg N ha⁻¹ ; hereafter N0, N135, and N225)",,glyphosate (1–2 kg ai ha⁻¹),high,The rye was terminated with glyphosate … at 1 to 2 kg active ingredient ha⁻¹,,,,"Clarion series (fine‑loamy, mixed, superactive, mesic Typic Hapludolls)",high,"Soils at the site are predominantly Clarion series (fine‑loamy, mixed, superactive, mesic Typic Hapludolls)","Clarion series (fine‑loamy, mixed, superactive, mesic Typic Hapludolls)",,872.0,high,"Average annual temperature and precipitation are 9.4°C and 872 mm yr<sup>–1</sup>, respectively",9.4,high,"Average annual temperature and precipitation are 9.4°C and 872 mm yr<sup>–1</sup> , respectively.","The study was conducted from 2011 to 2013 at the Iowa State University Agricultural Engineering and Agronomy Research Farm in Boone County, Iowa (42.02 N, 93.77 W).",high,"The study was conducted from 2011 to 2013 at the Iowa State University Agricultural Engineering and Agronomy Research Farm in Boone County, Iowa (42.02 N, 93.77 W).",4.0,high,four replicates,10.69,high,Table 2 … 2012 … Corn grain yield with rye 10.69 ± 0.95,,11.7,high,Table 2 … 2012 … Corn grain yield without rye 11.7 ± 0.89,,Mg ha⁻¹,high,Table 2 headings use Mg ha⁻¹,-0.0902801167667566,,,,,,,,,,,,,,,,,,,,,,,,,,,,,,,,,,,,,,,,,,medium,PDF metadata title field,high,The site was established to determine the effect of a rye cover crop on the MRTN of corn following soybean in a no‑till system,high,Corn Nitrogen Rate Calculator indicates the long-term MRTN for corn in an Iowa corn–soybean rotation without cover crop is 154 kg N ha⁻¹,,,,,,,,,,,,,,,,,,
/Users/yupe4788/Library/CloudStorage/OneDrive-UCB-O365/Documents/GitHub/LLM_AutoExtracting_CC/ground_truth/pdfs/34_iqbal2015.pdf,34,10,12,,,,,Does Nitrogen Fertilizer Application Rate to Corn Affect Nitrous Oxide Emissions from the Rotated Soybean Crop?,10.2134/jeq2014.09.0378,high,regex match on PDF page 1,yield,high,Corn yield was significantly lower with cover crop (10.5 Mg ha‑1) compared with no cover crop (11.3 Mg ha‑1); soybean yield was 3.57 Mg ha‑1 with cover vs. 3.61 Mg ha‑1 without cover crop.,42.02,high,42.02 N,-93.77,high,93.77 W,Iowa,high,"Iowa (42.02 N, 93.77 W)","Iowa State University Agricultural Engineering and Agronomy Research Farm, Boone County, Iowa",high,"The study was conducted … at the Iowa State University Agricultural Engineering and Agronomy Research Farm in Boone County, Iowa",rye,high,The presence or absence of winter rye cover crop was the main plot treatment,,,,Single Species,high,The presence or absence of winter rye cover crop was the main plot treatment,,,,soybean,high,Soybean grain yield … (Table 2),soybean,,,,2012,high,Table 2 … Year 2012,"2008,2009,2010,2011,2012",medium,"The cover crop treatments were first implemented in fall 2008… Each year, the rye cover crop was drilled after fall grain harvest",5.0,drilled after fall grain harvest at 70 kg seed ha⁻¹,high,"Each year, the rye cover crop was drilled after fall grain harvest at 70 kg seed ha⁻¹",terminated with glyphosate 0–20 d before planting,high,The rye was terminated with glyphosate … between 0 and 20 d before planting of the main (grain) crop each spring,corn–soybean rotation,corn–soybean rotation,corn–soybean rotation,corn–soybean rotation,NT,high,keyword match: 'no-till',no‑till,high,determine the effect of a rye cover crop on the MRTN of corn following soybean in a no‑till system,,,none (soybean received no N fertilizer),high,Soybean received no N fertilizer.,,"0, 135, 225 kg N ha⁻¹",high,"three N fertilizer treatments (0, 135, and 225 kg N ha⁻¹ ; hereafter N0, N135, and N225)",,glyphosate (1–2 kg ai ha⁻¹),high,The rye was terminated with glyphosate … at 1 to 2 kg active ingredient ha⁻¹,,,,"Clarion series (fine‑loamy, mixed, superactive, mesic Typic Hapludolls)",high,"Soils at the site are predominantly Clarion series (fine‑loamy, mixed, superactive, mesic Typic Hapludolls)","Clarion series (fine‑loamy, mixed, superactive, mesic Typic Hapludolls)",,872.0,high,"Average annual temperature and precipitation are 9.4°C and 872 mm yr<sup>–1</sup>, respectively",9.4,high,"Average annual temperature and precipitation are 9.4°C and 872 mm yr<sup>–1</sup> , respectively.","The study was conducted from 2011 to 2013 at the Iowa State University Agricultural Engineering and Agronomy Research Farm in Boone County, Iowa (42.02 N, 93.77 W).",high,"The study was conducted from 2011 to 2013 at the Iowa State University Agricultural Engineering and Agronomy Research Farm in Boone County, Iowa (42.02 N, 93.77 W).",4.0,high,four replicates,3.57,high,soybean yield … 3.57 Mg ha⁻¹ with cover,,3.61,high,soybean yield … 3.61 Mg ha⁻¹ without cover crop,,Mg ha⁻¹,high,Yield expressed in Mg ha⁻¹,-0.0111421765532418,,,,,,,,,,,,,,,,,,,,,,,,,,,,,,,,,,,,,,,,,,medium,PDF metadata title field,high,The site was established to determine the effect of a rye cover crop on the MRTN of corn following soybean in a no‑till system,high,Corn Nitrogen Rate Calculator indicates the long-term MRTN for corn in an Iowa corn–soybean rotation without cover crop is 154 kg N ha⁻¹,,,,,,,,,,,,,,,,,,
/Users/yupe4788/Library/CloudStorage/OneDrive-UCB-O365/Documents/GitHub/LLM_AutoExtracting_CC/ground_truth/pdfs/34_iqbal2015.pdf,34,11,12,,,,,Does Nitrogen Fertilizer Application Rate to Corn Affect Nitrous Oxide Emissions from the Rotated Soybean Crop?,10.2134/jeq2014.09.0378,high,regex match on PDF page 1,yield,high,Corn yield was significantly lower with cover crop (10.5 Mg ha‑1) compared with no cover crop (11.3 Mg ha‑1); soybean yield was 3.57 Mg ha‑1 with cover vs. 3.61 Mg ha‑1 without cover crop.,42.02,high,42.02 N,-93.77,high,93.77 W,Iowa,high,"Iowa (42.02 N, 93.77 W)","Iowa State University Agricultural Engineering and Agronomy Research Farm, Boone County, Iowa",high,"The study was conducted … at the Iowa State University Agricultural Engineering and Agronomy Research Farm in Boone County, Iowa",rye,high,The presence or absence of winter rye cover crop was the main plot treatment,,,,Single Species,high,The presence or absence of winter rye cover crop was the main plot treatment,,,,corn,high,Corn grain yield … (Table 2),corn,,,,2013,high,Table 2 … Year 2013,"2008,2009,2010,2011,2012,2013",medium,"The cover crop treatments were first implemented in fall 2008… Each year, the rye cover crop was drilled after fall grain harvest",6.0,drilled after fall grain harvest at 70 kg seed ha⁻¹,high,"Each year, the rye cover crop was drilled after fall grain harvest at 70 kg seed ha⁻¹",terminated with glyphosate 0–20 d before planting,high,The rye was terminated with glyphosate … between 0 and 20 d before planting of the main (grain) crop each spring,corn–soybean rotation,corn–soybean rotation,corn–soybean rotation,corn–soybean rotation,NT,high,keyword match: 'no-till',no‑till,high,determine the effect of a rye cover crop on the MRTN of corn following soybean in a no‑till system,,,"N fertilizer applied (0, 135, 225 kg N ha⁻¹)",high,"six N fertilizer rates applied to corn … N0, N135, and N225 … were selected for this study",,"0, 135, 225 kg N ha⁻¹",high,"three N fertilizer treatments (0, 135, and 225 kg N ha⁻¹ ; hereafter N0, N135, and N225)",,glyphosate (1–2 kg ai ha⁻¹),high,The rye was terminated with glyphosate … at 1 to 2 kg active ingredient ha⁻¹,,,,"Clarion series (fine‑loamy, mixed, superactive, mesic Typic Hapludolls)",high,"Soils at the site are predominantly Clarion series (fine‑loamy, mixed, superactive, mesic Typic Hapludolls)","Clarion series (fine‑loamy, mixed, superactive, mesic Typic Hapludolls)",,872.0,high,"Average annual temperature and precipitation are 9.4°C and 872 mm yr<sup>–1</sup>, respectively",9.4,high,"Average annual temperature and precipitation are 9.4°C and 872 mm yr<sup>–1</sup> , respectively.","The study was conducted from 2011 to 2013 at the Iowa State University Agricultural Engineering and Agronomy Research Farm in Boone County, Iowa (42.02 N, 93.77 W).",high,"The study was conducted from 2011 to 2013 at the Iowa State University Agricultural Engineering and Agronomy Research Farm in Boone County, Iowa (42.02 N, 93.77 W).",4.0,high,four replicates,7.94,high,Table 2 … 2013 … Corn grain yield with rye 7.94 ± 0.64,,8.21,high,Table 2 … 2013 … Corn grain yield without rye 8.21 ± 0.30,,Mg ha⁻¹,high,Table 2 headings use Mg ha⁻¹,-0.0334396482052925,,,,,,,,,,,,,,,,,,,,,,,,,,,,,,,,,,,,,,,,,,medium,PDF metadata title field,high,The site was established to determine the effect of a rye cover crop on the MRTN of corn following soybean in a no‑till system,high,Corn Nitrogen Rate Calculator indicates the long-term MRTN for corn in an Iowa corn–soybean rotation without cover crop is 154 kg N ha⁻¹,,,,,,,,,,,,,,,,,,
/Users/yupe4788/Library/CloudStorage/OneDrive-UCB-O365/Documents/GitHub/LLM_AutoExtracting_CC/ground_truth/pdfs/34_iqbal2015.pdf,34,12,12,,,,,Does Nitrogen Fertilizer Application Rate to Corn Affect Nitrous Oxide Emissions from the Rotated Soybean Crop?,10.2134/jeq2014.09.0378,high,regex match on PDF page 1,yield,high,Corn yield was significantly lower with cover crop (10.5 Mg ha‑1) compared with no cover crop (11.3 Mg ha‑1); soybean yield was 3.57 Mg ha‑1 with cover vs. 3.61 Mg ha‑1 without cover crop.,42.02,high,42.02 N,-93.77,high,93.77 W,Iowa,high,"Iowa (42.02 N, 93.77 W)","Iowa State University Agricultural Engineering and Agronomy Research Farm, Boone County, Iowa",high,"The study was conducted … at the Iowa State University Agricultural Engineering and Agronomy Research Farm in Boone County, Iowa",rye,high,The presence or absence of winter rye cover crop was the main plot treatment,,,,Single Species,high,The presence or absence of winter rye cover crop was the main plot treatment,,,,soybean,high,Soybean grain yield … (Table 2),soybean,,,,2013,high,Table 2 … Year 2013,"2008,2009,2010,2011,2012,2013",medium,"The cover crop treatments were first implemented in fall 2008… Each year, the rye cover crop was drilled after fall grain harvest",6.0,drilled after fall grain harvest at 70 kg seed ha⁻¹,high,"Each year, the rye cover crop was drilled after fall grain harvest at 70 kg seed ha⁻¹",terminated with glyphosate 0–20 d before planting,high,The rye was terminated with glyphosate … between 0 and 20 d before planting of the main (grain) crop each spring,corn–soybean rotation,corn–soybean rotation,corn–soybean rotation,corn–soybean rotation,NT,high,keyword match: 'no-till',no‑till,high,determine the effect of a rye cover crop on the MRTN of corn following soybean in a no‑till system,,,none (soybean received no N fertilizer),high,Soybean received no N fertilizer.,,"0, 135, 225 kg N ha⁻¹",high,"three N fertilizer treatments (0, 135, and 225 kg N ha⁻¹ ; hereafter N0, N135, and N225)",,glyphosate (1–2 kg ai ha⁻¹),high,The rye was terminated with glyphosate … at 1 to 2 kg active ingredient ha⁻¹,,,,"Clarion series (fine‑loamy, mixed, superactive, mesic Typic Hapludolls)",high,"Soils at the site are predominantly Clarion series (fine‑loamy, mixed, superactive, mesic Typic Hapludolls)","Clarion series (fine‑loamy, mixed, superactive, mesic Typic Hapludolls)",,872.0,high,"Average annual temperature and precipitation are 9.4°C and 872 mm yr<sup>–1</sup>, respectively",9.4,high,"Average annual temperature and precipitation are 9.4°C and 872 mm yr<sup>–1</sup> , respectively.","The study was conducted from 2011 to 2013 at the Iowa State University Agricultural Engineering and Agronomy Research Farm in Boone County, Iowa (42.02 N, 93.77 W).",high,"The study was conducted from 2011 to 2013 at the Iowa State University Agricultural Engineering and Agronomy Research Farm in Boone County, Iowa (42.02 N, 93.77 W).",4.0,high,four replicates,3.57,high,soybean yield … 3.57 Mg ha⁻¹ with cover,,3.61,high,soybean yield … 3.61 Mg ha⁻¹ without cover crop,,Mg ha⁻¹,high,Yield expressed in Mg ha⁻¹,-0.0111421765532418,,,,,,,,,,,,,,,,,,,,,,,,,,,,,,,,,,,,,,,,,,medium,PDF metadata title field,high,The site was established to determine the effect of a rye cover crop on the MRTN of corn following soybean in a no‑till system,high,Corn Nitrogen Rate Calculator indicates the long-term MRTN for corn in an Iowa corn–soybean rotation without cover crop is 154 kg N ha⁻¹,,,,,,,,,,,,,,,,,,
/Users/yupe4788/Library/CloudStorage/OneDrive-UCB-O365/Documents/GitHub/LLM_AutoExtracting_CC/ground_truth/pdfs/35_wegner2018.pdf,35,1,1,,,,,Response of Soil Surface Greenhouse Gas Fluxes to Crop Residue Removal and Cover Crops under a Corn–Soybean Rotation,10.2134/jeq2018.03.0093,high,regex match on PDF page 1,,low,No numeric cover‑crop vs no‑cover‑crop values are presented for any response type in the provided text.,,,,,,,,,,"USDA-ARS North Central Agricultural Research Laboratory in Brookings County, South Dakota",high,"A field study ... was conducted at the USDA-ARS North Central Agricultural Research Laboratory in Brookings County, South Dakota",,,,,,,,,,,,,,,,,,,,,,,,,,,,,,,,,,,corn–soybean rotation,corn–soybean rotation,NT,high,keyword match: 'notill',notillage,high,the 30-m ´ 30-m plots were maintained in notillage corn–soybean rotation,,,liquid fertilizer solutions (urea– NH4NO3) were applied during planting,high,"In corn phase, liquid fertilizer solutions (urea– NH4NO3) were applied during planting with different N rates as shown in Table 1.",,"66 kg ha⁻¹ (2012, 2013); 145 kg ha⁻¹ (2014, 2015)",high,Table 1...|2012|Corn|...|Fertilizer application|66|...|2013|Corn|...|Fertilizer application|66|...|2014|Corn|...|Fertilizer application|145|...|2015|Corn|...|Fertilizer application|145|,,preemergence herbicides in July of each year at 210 g ha−1 in corn and 2800 g ha−1 in soybeans as needed; cover crops chemically killed with herbicide prior to planting the main crop,high,Weed control was performed with preemergence herbicides in July of each year at 210 g ha<sup>−1</sup> in corn and 2800 g ha<sup>−1</sup> in soybeans as needed. ... These cover crops were chemically killed with herbicide prior to planting the main crop.,,,,silty clay loam soil,high,"…fine-silty, mixed, superactive, frigid Calcic Hapludolls)–Brookings (fine-silty, mixed, superactive, frigid Pachic Hapludolls) silty clay loam soil…",silty clay loam soil,,,,,,,,Mean annual temperature not reported in the METHODS section.,high,"The text includes details on soil sampling, crop management, and GHG monitoring but contains no statement of a long‑term mean annual temperature.",,,,,,,,,,,,,,,,,,,,,,,,,,,,,,,,,,,,,,,,,,,,,,,,,,,,,,,,,medium,PDF metadata title field,,,high,A field study on residue management and cover cropping under corn ( Zea mays L.)–soybean [ Glycine max (L.) Merr.] rotation was conducted,,,,,,,,,,,,,,,,,,
/Users/yupe4788/Library/CloudStorage/OneDrive-UCB-O365/Documents/GitHub/LLM_AutoExtracting_CC/ground_truth/pdfs/39_mitchell2013.pdf,39,1,1,,,,,Cover Crop Effects on Nitrous Oxide Emissions: Role of Mineralizable Carbon,10.2136/sssaj2013.02.0074,low,regex match on PDF page 1,,low,"The rye cover crop decreased cumulative N2O emissions at N0 (though this effect was only significant at P = 0.1), increased emissions at N135, and had no effect at N225 (Table 1).",13.0,low,decimal-degree match in text,2.0074,low,decimal-degree match in text,USA,high,"© Soil Science Society of America, 5585 Guilford Rd., Madison WI 53711 USA",Iowa State University Agricultural Engineering and Agronomy Ames Research Farm,high,"A field study was conducted at the Iowa State University Agricultural Engineering and Agronomy Ames Research Farm in Boone County, Iowa",,,,,,,,,,,,,,,,,,,,,,,,,,,,,,,,,maize– soybean [ _Glycine max_ (L.) Merr.] crop rotation,maize– soybean [ _Glycine max_ (L.) Merr.] crop rotation,maize–soybean rotation,maize–soybean rotation,NT,low,keyword match: 'no-till',no-till,high,The site for this study was managed as a no-till maize–soybean rotation.,NT,,"N fertilizer was urea ammonium nitrate (UAN, 32% N)",high,"N fertilizer was urea ammonium nitrate (UAN, 32% N), side-dressed in bands to 15‑cm depth between every other crop row on 19 May 2011.",,"0, 135, and 225 kg N ha-1",high,"Of the six N rate treatments at this site, those included in this study were 0, 135, and 225 kg N ha⁻¹ (hereafter N0, N135, and N225).",,glyphosate,high,Rye ... killed with glyphosate [ N -(phosphonomethyl)glycine] on 2 May 2011.,Yes,,,"Clarion loam series (fine-loamy, mixed, superactive, mesic Typic Hapludolls)",high,"The soil at this site is predominantly Clarion loam series (fine-loamy, mixed, superactive, mesic Typic Hapludolls).","Clarion loam series (fine-loamy, mixed, superactive, mesic Typic Hapludolls)",,872.0,high,Long-term mean annual temperature and precipitation at this location are 9.4°C and 872 mm yr–1.,9.4,high,Long-term mean annual temperature and precipitation at this location are 9.4°C and 872 mm yr–1.,,,,,,,,,,,,,,,,,,,,,,,,,,,,,,,,,,,,,,,,,,,,,,,,,,,,,,,,,,,,low,PDF metadata title field,high,The goal of this study was to determine how cover crop C inputs can interact with soil NO3 to affect N2O emissions in a maize– soybean [ _Glycine max_ (L.) Merr.] crop rotation.,high,The site for this study was managed as a no-till maize–soybean rotation.,,,,,,,,,,,,,,,,,,
/Users/yupe4788/Library/CloudStorage/OneDrive-UCB-O365/Documents/GitHub/LLM_AutoExtracting_CC/ground_truth/pdfs/41_thomas2017.pdf,41,1,8,,,,,Non‐Legume Cover Crops Can Increase Non‐Growing Season Nitrous Oxide Emissions,10.2136/sssaj2016.08.0269,high,regex match on PDF page 1,ghg_n2o,high,"['oilseed radish increased the mean N2o flux by 39 and 323% compared with fall rye and no cover crop, respectively', 'fall rye and oilseed radish had 76 and 154% greater cumulative N2o emissions than amended soils with no cover crop, respectively']",49.6333,high,49 ° 38 ¢ N,-112.8,high,112°48 ¢ W,Canada,high,"near Lethbridge, AB ... southern Alberta, Canada","Agriculture and Agri‑Food Canada Lethbridge Research and Development Centre near Lethbridge, AB",high,"Study Site … Lethbridge, AB",oilseed radish,high,Oilseed radish (_Raphanus sativus_L.),Raphanus sativus,high,Oilseed radish (_Raphanus sativus_L.),Single Species,high,treatments were fall rye … oilseed radish …,Non-legume,high,oilseed radish is a non‑legume,spring wheat,high,cropped to conventionally managed dryland spring wheat,spring wheat,,,,2013-2014,high,Table 1 … 2013–2014,2013,high,The cover crops were seeded on 30 Aug. 2013,1.0,30 Aug 2013,high,seeded on 30 Aug. 2013,,,,,,,,,,,conventional tillage,medium,conventionally managed dryland spring wheat,CT,,compost,high,oilseed radish with compost (ORC),,,,,,,,,,irrigated as needed until 16 Sept 2013,,clay loam,high,soil is calcareous with clay loam texture,clay loam,,380.0,high,mean annual precipitation of 380 mm (1981 to 2010).,5.9,high,with mean annual air temperature of 5.9°C,Mean annual air temperature of 5.9 °C reported for the study site (1981 to 2010).,high,with mean annual air temperature of 5.9°C and mean annual precipitation of 380 mm (1981 to 2010).,,,,,,,,,,,,,,,,,,,n2o,312.0,313.0,,,g N ha-1,,-0.0032000027306709027,,,,,,,,,,,,,,,,,,,,,,,,,,,,,,,medium,PDF metadata title field,,,,,high,plots were irrigated as needed until 16 Sept. 2013,high,N2O fluxes,high,Oilseed radish … 312,high,Compost … 313,high,Table 1 cumulative N2O emission values (units implied),,,,,,,,
/Users/yupe4788/Library/CloudStorage/OneDrive-UCB-O365/Documents/GitHub/LLM_AutoExtracting_CC/ground_truth/pdfs/41_thomas2017.pdf,41,2,8,,,,,Non‐Legume Cover Crops Can Increase Non‐Growing Season Nitrous Oxide Emissions,10.2136/sssaj2016.08.0269,high,regex match on PDF page 1,ghg_n2o,high,"['oilseed radish increased the mean N2o flux by 39 and 323% compared with fall rye and no cover crop, respectively', 'fall rye and oilseed radish had 76 and 154% greater cumulative N2o emissions than amended soils with no cover crop, respectively']",49.6333,high,49 ° 38 ¢ N,-112.8,high,112°48 ¢ W,Canada,high,"near Lethbridge, AB ... southern Alberta, Canada","Agriculture and Agri‑Food Canada Lethbridge Research and Development Centre near Lethbridge, AB",high,"Study Site … Lethbridge, AB",oilseed radish,high,Oilseed radish (_Raphanus sativus_L.),Raphanus sativus,high,Oilseed radish (_Raphanus sativus_L.),Single Species,high,treatments were fall rye … oilseed radish …,Non-legume,high,oilseed radish is a non‑legume,spring wheat,high,cropped to conventionally managed dryland spring wheat,spring wheat,,,,2013-2014,high,Table 1 … 2013–2014,2013,high,The cover crops were seeded on 30 Aug. 2013,1.0,30 Aug 2013,high,seeded on 30 Aug. 2013,,,,,,,,,,,conventional tillage,medium,conventionally managed dryland spring wheat,CT,,inorganic,high,oilseed radish with inorganic fertilizer (ORF),,,,,,,,,,irrigated as needed until 16 Sept 2013,,clay loam,high,soil is calcareous with clay loam texture,clay loam,,380.0,high,mean annual precipitation of 380 mm (1981 to 2010).,5.9,high,with mean annual air temperature of 5.9°C,Mean annual air temperature of 5.9 °C reported for the study site (1981 to 2010).,high,with mean annual air temperature of 5.9°C and mean annual precipitation of 380 mm (1981 to 2010).,,,,,,,,,,,,,,,,,,,n2o,312.0,444.0,,,g N ha-1,,-0.3528213746227423,,,,,,,,,,,,,,,,,,,,,,,,,,,,,,,medium,PDF metadata title field,,,,,high,plots were irrigated as needed until 16 Sept. 2013,high,N2O fluxes,high,Oilseed radish … 312 (same value used for both fertilizer sources),high,Inorganic … 444,high,Table 1 cumulative N2O emission values (units implied),,,,,,,,
/Users/yupe4788/Library/CloudStorage/OneDrive-UCB-O365/Documents/GitHub/LLM_AutoExtracting_CC/ground_truth/pdfs/41_thomas2017.pdf,41,3,8,,,,,Non‐Legume Cover Crops Can Increase Non‐Growing Season Nitrous Oxide Emissions,10.2136/sssaj2016.08.0269,high,regex match on PDF page 1,ghg_n2o,high,"['oilseed radish increased the mean N2o flux by 39 and 323% compared with fall rye and no cover crop, respectively', 'fall rye and oilseed radish had 76 and 154% greater cumulative N2o emissions than amended soils with no cover crop, respectively']",49.6333,high,49 ° 38 ¢ N,-112.8,high,112°48 ¢ W,Canada,high,"near Lethbridge, AB ... southern Alberta, Canada","Agriculture and Agri‑Food Canada Lethbridge Research and Development Centre near Lethbridge, AB",high,"Study Site … Lethbridge, AB",fall rye,high,Fall rye (_Secale cereale_L.),Secale cereale,high,Fall rye (_Secale cereale_L.),Single Species,high,treatments were fall rye …,Non-legume,high,fall rye is a non‑legume,spring wheat,high,cropped to conventionally managed dryland spring wheat,spring wheat,,,,2013-2014,high,Table 1 … 2013–2014,2013,high,The cover crops were seeded on 30 Aug. 2013,1.0,30 Aug 2013,high,seeded on 30 Aug. 2013,,,,,,,,,,,conventional tillage,medium,conventionally managed dryland spring wheat,CT,,compost,high,fall rye with compost (FRC),,,,,,,,,,irrigated as needed until 16 Sept 2013,,clay loam,high,soil is calcareous with clay loam texture,clay loam,,380.0,high,mean annual precipitation of 380 mm (1981 to 2010).,5.9,high,with mean annual air temperature of 5.9°C,Mean annual air temperature of 5.9 °C reported for the study site (1981 to 2010).,high,with mean annual air temperature of 5.9°C and mean annual precipitation of 380 mm (1981 to 2010).,,,,,,,,,,,,,,,,,,,n2o,419.0,313.0,,,g N ha-1,,0.2916677293819845,,,,,,,,,,,,,,,,,,,,,,,,,,,,,,,medium,PDF metadata title field,,,,,high,plots were irrigated as needed until 16 Sept. 2013,high,N2O fluxes,high,Fall rye … 419,high,Compost … 313,high,Table 1 cumulative N2O emission values (units implied),,,,,,,,
/Users/yupe4788/Library/CloudStorage/OneDrive-UCB-O365/Documents/GitHub/LLM_AutoExtracting_CC/ground_truth/pdfs/41_thomas2017.pdf,41,4,8,,,,,Non‐Legume Cover Crops Can Increase Non‐Growing Season Nitrous Oxide Emissions,10.2136/sssaj2016.08.0269,high,regex match on PDF page 1,ghg_n2o,high,"['oilseed radish increased the mean N2o flux by 39 and 323% compared with fall rye and no cover crop, respectively', 'fall rye and oilseed radish had 76 and 154% greater cumulative N2o emissions than amended soils with no cover crop, respectively']",49.6333,high,49 ° 38 ¢ N,-112.8,high,112°48 ¢ W,Canada,high,"near Lethbridge, AB ... southern Alberta, Canada","Agriculture and Agri‑Food Canada Lethbridge Research and Development Centre near Lethbridge, AB",high,"Study Site … Lethbridge, AB",fall rye,high,Fall rye (_Secale cereale_L.),Secale cereale,high,Fall rye (_Secale cereale_L.),Single Species,high,treatments were fall rye …,Non-legume,high,fall rye is a non‑legume,spring wheat,high,cropped to conventionally managed dryland spring wheat,spring wheat,,,,2013-2014,high,Table 1 … 2013–2014,2013,high,The cover crops were seeded on 30 Aug. 2013,1.0,30 Aug 2013,high,seeded on 30 Aug. 2013,,,,,,,,,,,conventional tillage,medium,conventionally managed dryland spring wheat,CT,,inorganic,high,fall rye with inorganic fertilizer (FRF),,,,,,,,,,irrigated as needed until 16 Sept 2013,,clay loam,high,soil is calcareous with clay loam texture,clay loam,,380.0,high,mean annual precipitation of 380 mm (1981 to 2010).,5.9,high,with mean annual air temperature of 5.9°C,Mean annual air temperature of 5.9 °C reported for the study site (1981 to 2010).,high,with mean annual air temperature of 5.9°C and mean annual precipitation of 380 mm (1981 to 2010).,,,,,,,,,,,,,,,,,,,n2o,419.0,444.0,,,g N ha-1,,-0.057953642510087,,,,,,,,,,,,,,,,,,,,,,,,,,,,,,,medium,PDF metadata title field,,,,,high,plots were irrigated as needed until 16 Sept. 2013,high,N2O fluxes,high,Fall rye … 419 (same value used for both fertilizer sources),high,Inorganic … 444,high,Table 1 cumulative N2O emission values (units implied),,,,,,,,
/Users/yupe4788/Library/CloudStorage/OneDrive-UCB-O365/Documents/GitHub/LLM_AutoExtracting_CC/ground_truth/pdfs/41_thomas2017.pdf,41,5,8,,,,,Non‐Legume Cover Crops Can Increase Non‐Growing Season Nitrous Oxide Emissions,10.2136/sssaj2016.08.0269,high,regex match on PDF page 1,ghg_n2o,high,"['oilseed radish increased the mean N2o flux by 39 and 323% compared with fall rye and no cover crop, respectively', 'fall rye and oilseed radish had 76 and 154% greater cumulative N2o emissions than amended soils with no cover crop, respectively']",49.6333,high,49 ° 38 ¢ N,-112.8,high,112°48 ¢ W,Canada,high,"near Lethbridge, AB ... southern Alberta, Canada","Agriculture and Agri‑Food Canada Lethbridge Research and Development Centre near Lethbridge, AB",high,"Study Site … Lethbridge, AB",oilseed radish,high,Oilseed radish (_Raphanus sativus_L.),Raphanus sativus,high,Oilseed radish (_Raphanus sativus_L.),Single Species,high,treatments were … oilseed radish …,Non-legume,high,oilseed radish is a non‑legume,spring wheat,high,cropped to conventionally managed dryland spring wheat,spring wheat,,,,2014-2015,high,Table 1 … 2014–2015,2014,high,The cover crops were seeded on 15 Aug. 2014,1.0,15 Aug 2014,high,seeded on 15 Aug. 2014,,,,,,,,,,,conventional tillage,medium,conventionally managed dryland spring wheat,CT,,compost,high,oilseed radish with compost (ORC),,,,,,,,,,irrigated as needed until 23 Sept 2014,,clay loam,high,soil is calcareous with clay loam texture,clay loam,,380.0,high,mean annual precipitation of 380 mm (1981 to 2010).,5.9,high,with mean annual air temperature of 5.9°C,Mean annual air temperature of 5.9 °C reported for the study site (1981 to 2010).,high,with mean annual air temperature of 5.9°C and mean annual precipitation of 380 mm (1981 to 2010).,,,,,,,,,,,,,,,,,,,n2o,173.0,123.0,,,g N ha-1,,0.34110723912536145,,,,,,,,,,,,,,,,,,,,,,,,,,,,,,,medium,PDF metadata title field,,,,,high,plots were irrigated as needed until 23 Sept. 2014,high,N2O fluxes,high,Oilseed radish … 173a,high,Compost … 123,high,Table 1 cumulative N2O emission values (units implied),,,,,,,,
/Users/yupe4788/Library/CloudStorage/OneDrive-UCB-O365/Documents/GitHub/LLM_AutoExtracting_CC/ground_truth/pdfs/41_thomas2017.pdf,41,6,8,,,,,Non‐Legume Cover Crops Can Increase Non‐Growing Season Nitrous Oxide Emissions,10.2136/sssaj2016.08.0269,high,regex match on PDF page 1,ghg_n2o,high,"['oilseed radish increased the mean N2o flux by 39 and 323% compared with fall rye and no cover crop, respectively', 'fall rye and oilseed radish had 76 and 154% greater cumulative N2o emissions than amended soils with no cover crop, respectively']",49.6333,high,49 ° 38 ¢ N,-112.8,high,112°48 ¢ W,Canada,high,"near Lethbridge, AB ... southern Alberta, Canada","Agriculture and Agri‑Food Canada Lethbridge Research and Development Centre near Lethbridge, AB",high,"Study Site … Lethbridge, AB",oilseed radish,high,Oilseed radish (_Raphanus sativus_L.),Raphanus sativus,high,Oilseed radish (_Raphanus sativus_L.),Single Species,high,treatments were … oilseed radish …,Non-legume,high,oilseed radish is a non‑legume,spring wheat,high,cropped to conventionally managed dryland spring wheat,spring wheat,,,,2014-2015,high,Table 1 … 2014–2015,2014,high,The cover crops were seeded on 15 Aug. 2014,1.0,15 Aug 2014,high,seeded on 15 Aug. 2014,,,,,,,,,,,conventional tillage,medium,conventionally managed dryland spring wheat,CT,,inorganic,high,oilseed radish with inorganic fertilizer (ORF),,,,,,,,,,irrigated as needed until 23 Sept 2014,,clay loam,high,soil is calcareous with clay loam texture,clay loam,,380.0,high,mean annual precipitation of 380 mm (1981 to 2010).,5.9,high,with mean annual air temperature of 5.9°C,Mean annual air temperature of 5.9 °C reported for the study site (1981 to 2010).,high,with mean annual air temperature of 5.9°C and mean annual precipitation of 380 mm (1981 to 2010).,,,,,,,,,,,,,,,,,,,n2o,173.0,117.0,,,g N ha-1,,0.3911176597000229,,,,,,,,,,,,,,,,,,,,,,,,,,,,,,,medium,PDF metadata title field,,,,,high,plots were irrigated as needed until 23 Sept. 2014,high,N2O fluxes,high,Oilseed radish … 173a (same value used for both fertilizer sources),high,Inorganic … 117,high,Table 1 cumulative N2O emission values (units implied),,,,,,,,
/Users/yupe4788/Library/CloudStorage/OneDrive-UCB-O365/Documents/GitHub/LLM_AutoExtracting_CC/ground_truth/pdfs/41_thomas2017.pdf,41,7,8,,,,,Non‐Legume Cover Crops Can Increase Non‐Growing Season Nitrous Oxide Emissions,10.2136/sssaj2016.08.0269,high,regex match on PDF page 1,ghg_n2o,high,"['oilseed radish increased the mean N2o flux by 39 and 323% compared with fall rye and no cover crop, respectively', 'fall rye and oilseed radish had 76 and 154% greater cumulative N2o emissions than amended soils with no cover crop, respectively']",49.6333,high,49 ° 38 ¢ N,-112.8,high,112°48 ¢ W,Canada,high,"near Lethbridge, AB ... southern Alberta, Canada","Agriculture and Agri‑Food Canada Lethbridge Research and Development Centre near Lethbridge, AB",high,"Study Site … Lethbridge, AB",fall rye,high,Fall rye (_Secale cereale_L.),Secale cereale,high,Fall rye (_Secale cereale_L.),Single Species,high,treatments were fall rye …,Non-legume,high,fall rye is a non‑legume,spring wheat,high,cropped to conventionally managed dryland spring wheat,spring wheat,,,,2014-2015,high,Table 1 … 2014–2015,2014,high,The cover crops were seeded on 15 Aug. 2014,1.0,15 Aug 2014,high,seeded on 15 Aug. 2014,,,,,,,,,,,conventional tillage,medium,conventionally managed dryland spring wheat,CT,,compost,high,fall rye with compost (FRC),,,,,,,,,,irrigated as needed until 23 Sept 2014,,clay loam,high,soil is calcareous with clay loam texture,clay loam,,380.0,high,mean annual precipitation of 380 mm (1981 to 2010).,5.9,high,with mean annual air temperature of 5.9°C,Mean annual air temperature of 5.9 °C reported for the study site (1981 to 2010).,high,with mean annual air temperature of 5.9°C and mean annual precipitation of 380 mm (1981 to 2010).,,,,,,,,,,,,,,,,,,,n2o,120.0,123.0,,,g N ha-1,,-0.02469261259037152,,,,,,,,,,,,,,,,,,,,,,,,,,,,,,,medium,PDF metadata title field,,,,,high,plots were irrigated as needed until 23 Sept. 2014,high,N2O fluxes,high,Fall rye … 120a,high,Compost … 123,high,Table 1 cumulative N2O emission values (units implied),,,,,,,,
/Users/yupe4788/Library/CloudStorage/OneDrive-UCB-O365/Documents/GitHub/LLM_AutoExtracting_CC/ground_truth/pdfs/41_thomas2017.pdf,41,8,8,,,,,Non‐Legume Cover Crops Can Increase Non‐Growing Season Nitrous Oxide Emissions,10.2136/sssaj2016.08.0269,high,regex match on PDF page 1,ghg_n2o,high,"['oilseed radish increased the mean N2o flux by 39 and 323% compared with fall rye and no cover crop, respectively', 'fall rye and oilseed radish had 76 and 154% greater cumulative N2o emissions than amended soils with no cover crop, respectively']",49.6333,high,49 ° 38 ¢ N,-112.8,high,112°48 ¢ W,Canada,high,"near Lethbridge, AB ... southern Alberta, Canada","Agriculture and Agri‑Food Canada Lethbridge Research and Development Centre near Lethbridge, AB",high,"Study Site … Lethbridge, AB",fall rye,high,Fall rye (_Secale cereale_L.),Secale cereale,high,Fall rye (_Secale cereale_L.),Single Species,high,treatments were fall rye …,Non-legume,high,fall rye is a non‑legume,spring wheat,high,cropped to conventionally managed dryland spring wheat,spring wheat,,,,2014-2015,high,Table 1 … 2014–2015,2014,high,The cover crops were seeded on 15 Aug. 2014,1.0,15 Aug 2014,high,seeded on 15 Aug. 2014,,,,,,,,,,,conventional tillage,medium,conventionally managed dryland spring wheat,CT,,inorganic,high,fall rye with inorganic fertilizer (FRF),,,,,,,,,,irrigated as needed until 23 Sept 2014,,clay loam,high,soil is calcareous with clay loam texture,clay loam,,380.0,high,mean annual precipitation of 380 mm (1981 to 2010).,5.9,high,with mean annual air temperature of 5.9°C,Mean annual air temperature of 5.9 °C reported for the study site (1981 to 2010).,high,with mean annual air temperature of 5.9°C and mean annual precipitation of 380 mm (1981 to 2010).,,,,,,,,,,,,,,,,,,,n2o,120.0,117.0,,,g N ha-1,,0.025317807984289786,,,,,,,,,,,,,,,,,,,,,,,,,,,,,,,medium,PDF metadata title field,,,,,high,plots were irrigated as needed until 23 Sept. 2014,high,N2O fluxes,high,Fall rye … 120a (same value used for both fertilizer sources),high,Inorganic … 117,high,Table 1 cumulative N2O emission values (units implied),,,,,,,,
